phi,ac1,rw,iaaft
0.0,0.0071922893404651,0.0,0.0
0.0,-0.0412011151737869,0.0,0.0
0.0,0.0323633435645733,0.0,0.0
0.0,-0.0289589760603586,0.0,0.0
0.0,-0.1158660720505393,0.0,0.0
0.0,0.0464727521570285,0.0,0.0
0.0,0.0669782579094026,0.0,0.0
0.0,0.0680615224491981,0.0,0.0
0.0,-0.0176778957474123,0.0,0.0
0.0,-0.1619536052271987,0.0,0.0
0.0,-0.1474260791319041,0.0,0.0
0.0,-0.0376713221735535,0.0,1.0
0.0,0.0093856147918839,0.0,0.0
0.0,0.0809638303081188,0.0,0.0
0.0,-0.0754887157659295,0.0,0.0
0.0,0.1462790862795777,0.0,0.0
0.0,0.0596268020406807,0.0,0.0
0.0,0.0508617480963675,0.0,0.0
0.0,-0.0207539444761268,0.0,0.0
0.0,-0.0351323588175838,0.0,0.0
0.0,0.0107178883035693,0.0,0.0
0.0,-0.1290450037381224,0.0,0.0
0.0,0.0293012757597317,0.0,0.0
0.0,-0.0232753609500618,0.0,0.0
0.0,0.0525227267306118,0.0,0.0
0.0,-0.1722780581512465,0.0,0.0
0.0,0.0648581256811852,0.0,0.0
0.0,-0.0895147477101931,0.0,0.0
0.0,-0.071983772060511,0.0,0.0
0.0,-0.0820260561404532,0.0,0.0
0.0,0.0321054308277038,0.0,0.0
0.0,0.113111191046187,0.0,1.0
0.0,0.011433008137612,0.0,0.0
0.0,-0.0049783504377265,0.0,0.0
0.0,0.086493190634585,0.0,0.0
0.0,-0.0225178688594452,0.0,0.0
0.0,0.0750392008957753,0.0,0.0
0.0,-0.0110420873698454,0.0,0.0
0.0,-0.0621347739067128,0.0,0.0
0.0,-0.1289457097104877,0.0,0.0
0.0,-0.0754327084119875,0.0,0.0
0.0,0.0074586125704567,0.0,0.0
0.0,0.0430986655267475,0.0,0.0
0.0,-0.0485360537865325,0.0,0.0
0.0,0.0122263551694014,0.0,0.0
0.0,0.0183402670604308,0.0,0.0
0.0,0.0675463337196659,0.0,0.0
0.0,0.1084479197719896,0.0,0.0
0.0,0.0369517215042407,0.0,0.0
0.0,-0.0183605235923508,0.0,0.0
0.0,-0.1296433883440639,0.0,0.0
0.0,0.0082178770027566,0.0,1.0
0.0,-0.0145206131881947,0.0,0.0
0.0,0.0202094278986524,0.0,0.0
0.0,-0.1396127741127834,0.0,0.0
0.0,-0.0468028891614459,0.0,1.0
0.0,-0.0057875591144189,0.0,0.0
0.0,0.0670446732609885,0.0,0.0
0.0,-0.0347936968001348,0.0,0.0
0.0,0.0527590120665935,0.0,0.0
0.0,-0.096270310627828,0.0,0.0
0.0,0.0435865074801577,0.0,0.0
0.0,0.0320928081110889,0.0,0.0
0.0,-0.0173151426854755,0.0,0.0
0.0,-0.0887182094256886,0.0,0.0
0.0,-0.0441057782574675,0.0,0.0
0.0,0.0094800553553311,0.0,0.0
0.0,-0.0039882378437032,0.0,0.0
0.0,7.526760354280784e-05,0.0,0.0
0.0,-0.0784279289823125,0.0,0.0
0.0,-0.0081832876691272,0.0,0.0
0.0,-0.2570474065061373,0.0,0.0
0.0,-0.0431264315723833,0.0,0.0
0.0,0.0179752415985023,0.0,0.0
0.0,-0.0988081649277125,0.0,0.0
0.0,-0.1033313998090371,0.0,0.0
0.0,0.0165833168437608,0.0,0.0
0.0,0.0494100680274367,0.0,0.0
0.0,0.1498663204084653,0.0,0.0
0.0,-0.1284188212855985,0.0,0.0
0.0,-0.0554210530388529,0.0,0.0
0.0,0.1607263014541137,0.0,0.0
0.0,0.0249952478635062,0.0,1.0
0.0,-0.0769228702507081,0.0,0.0
0.0,0.0373124218632621,0.0,0.0
0.0,-0.054912808362794,0.0,0.0
0.0,-0.0269225423644954,0.0,0.0
0.0,0.0592123511947262,0.0,0.0
0.0,0.1128677582075967,0.0,0.0
0.0,0.0590611153513632,0.0,0.0
0.0,0.0571705920130327,0.0,0.0
0.0,0.0238485077398314,0.0,0.0
0.0,-0.0011824099984361,0.0,0.0
0.0,-0.0750313420908443,0.0,0.0
0.0,0.028019829053319,0.0,0.0
0.0,0.1271918907648059,0.0,0.0
0.0,0.0312913523923528,0.0,0.0
0.0,-0.1085828234317987,0.0,0.0
0.0,-0.0117421399095882,0.0,0.0
0.0,0.1060980062025595,0.0,0.0
0.0,0.1320777975512332,0.0,0.0
0.0,-0.0005953041741691,0.0,0.0
0.0,0.0124649609522247,0.0,0.0
0.0,0.0838143574372223,0.0,0.0
0.0,0.1120386031103999,0.0,0.0
0.0,0.0229329018872727,0.0,0.0
0.0,-0.0376031821443102,0.0,0.0
0.0,0.0674451614522479,0.0,0.0
0.0,-0.175047987768739,0.0,0.0
0.0,0.0012519966655269,0.0,1.0
0.0,-0.0223975210441076,0.0,0.0
0.0,0.011334003539903,0.0,0.0
0.0,-0.0836380224965633,0.0,0.0
0.0,-0.0413695510059265,0.0,0.0
0.0,0.0435348437730273,0.0,0.0
0.0,-0.0792704325138857,0.0,0.0
0.0,-0.0043321393454029,0.0,0.0
0.0,-0.0305385523229399,0.0,0.0
0.0,0.0039958899531444,0.0,0.0
0.0,0.0019275372511715,0.0,0.0
0.0,-0.0280747126066397,0.0,0.0
0.0,0.095643265168118,0.0,0.0
0.0,-0.0634557787622095,0.0,0.0
0.0,0.0524632567390895,0.0,1.0
0.0,0.0361512710037152,0.0,1.0
0.0,-0.0110163199288138,0.0,0.0
0.0,0.1029676938378158,0.0,0.0
0.0,-0.017758466273235,0.0,0.0
0.0,-0.0786425393423543,0.0,0.0
0.0,-0.0545592521365725,0.0,0.0
0.0,-0.004473868988614,0.0,1.0
0.0,-0.0056703452801375,0.0,0.0
0.0,0.1126215166071757,0.0,0.0
0.0,-0.0521788483507458,0.0,0.0
0.0,0.0015075844204651,0.0,0.0
0.0,-0.1205359654091169,0.0,0.0
0.0,-0.0298995986149355,0.0,0.0
0.0,-0.0116337328099789,0.0,0.0
0.0,0.1118061403220696,0.0,0.0
0.0,0.0330416813421614,0.0,0.0
0.0,0.0450794658958138,0.0,0.0
0.0,0.0103623942025934,0.0,0.0
0.0,-0.036096150206601,0.0,0.0
0.0,-0.0816193846051924,0.0,0.0
0.0,-0.0224817183459861,0.0,0.0
0.0,0.0148931456865258,0.0,0.0
0.0,0.0621734369105369,0.0,0.0
0.0,-0.0925152404330441,0.0,0.0
0.0,0.0390708177192473,0.0,0.0
0.0,0.1024759847696556,0.0,0.0
0.0,-0.0872790293722844,0.0,0.0
0.0,-0.0290890811140374,0.0,0.0
0.0,-0.0579257319471306,0.0,0.0
0.0,0.0923431639349134,0.0,0.0
0.0,-0.0050299712417856,0.0,0.0
0.0,0.0053316773578401,0.0,0.0
0.0,0.0535932247921283,0.0,0.0
0.0,-0.0446136625324317,0.0,0.0
0.0,0.0389900438655524,0.0,0.0
0.0,0.0448446890503808,0.0,0.0
0.0,-0.1161008316460486,0.0,0.0
0.0,-0.0488939870907058,0.0,0.0
0.0,-0.0338831439627083,0.0,0.0
0.0,0.0564902258583147,0.0,0.0
0.0,-0.0181080487478672,0.0,0.0
0.0,-0.0066165708430759,0.0,0.0
0.0,0.0957469429811885,0.0,0.0
0.0,0.0231866931419873,0.0,0.0
0.0,-0.0649434838241307,0.0,0.0
0.0,0.1262611701776539,0.0,0.0
0.0,-0.0301236204296943,0.0,0.0
0.0,0.1339619116682587,0.0,0.0
0.0,0.0425315355568199,0.0,0.0
0.0,-0.0082946936900622,0.0,0.0
0.0,0.1222976357324454,0.0,0.0
0.0,0.0652495041559529,0.0,0.0
0.0,0.058899165000851,0.0,0.0
0.0,-0.0554200524615172,0.0,0.0
0.0,0.0397780957959412,0.0,0.0
0.0,-0.0383671690824279,0.0,0.0
0.0,-0.0376294130776725,0.0,0.0
0.0,0.0087773014678959,0.0,0.0
0.0,-0.0640556285567554,0.0,0.0
0.0,0.0351628022062271,0.0,0.0
0.0,-0.0463192875009061,0.0,0.0
0.0,0.1061262046795565,0.0,0.0
0.0,-0.0399149747242229,0.0,0.0
0.0,-0.0432748359514778,0.0,1.0
0.0,-0.04212007751997,0.0,1.0
0.0,-0.0093210713577434,0.0,0.0
0.0,-0.0973314657955655,0.0,0.0
0.0,0.0419182029845974,0.0,0.0
0.0,-0.0654116534819402,0.0,0.0
0.0,-0.0508865086808789,0.0,0.0
0.0,-0.176986788609283,0.0,0.0
0.0,0.0101347798580646,0.0,0.0
0.0,0.0082195025019217,0.0,0.0
0.0,-0.07551578250045,0.0,0.0
0.0,-0.0040951536509086,0.0,0.0
0.0,-0.0124867065160889,0.0,0.0
0.0,-0.1800393482245464,0.0,0.0
0.0,-0.0206756439313693,0.0,0.0
0.0,0.011406629979081,0.0,0.0
0.0,0.0227940422421456,0.0,0.0
0.0,-0.0675264397971891,0.0,0.0
0.0,0.0122342418981999,0.0,0.0
0.0,0.123892419120816,0.0,0.0
0.0,-0.0675504705252338,0.0,0.0
0.0,-0.0195566673059631,0.0,0.0
0.0,0.0621566143849369,0.0,0.0
0.0,-0.0718053105550301,0.0,0.0
0.0,0.0142713935548579,0.0,0.0
0.0,0.0432614253071523,0.0,0.0
0.0,-0.2099445444580536,0.0,0.0
0.0,-0.0492130007045002,0.0,0.0
0.0,-0.043715102490651,0.0,0.0
0.0,0.0477139195582385,0.0,0.0
0.0,0.1274869414141088,0.0,0.0
0.0,0.0479297578465389,0.0,0.0
0.0,-0.0766880720728244,0.0,0.0
0.0,-0.0735604332752799,0.0,0.0
0.0,0.070388489563137,0.0,0.0
0.0,0.0910847153005424,0.0,0.0
0.0,0.0285703469206362,0.0,0.0
0.0,-0.0294312215500631,0.0,0.0
0.0,-0.1416047731788403,0.0,0.0
0.0,-0.0479151335040771,0.0,0.0
0.0,0.0656279382495782,0.0,0.0
0.0,-0.042708106874754,0.0,0.0
0.0,-0.0626878902545879,0.0,0.0
0.0,-0.0762817266519828,0.0,0.0
0.0,-0.0990698982164479,0.0,0.0
0.0,0.0194678372574036,0.0,0.0
0.0,0.0393562777722345,0.0,0.0
0.0,-0.0072793407902201,0.0,0.0
0.0,-0.1065034767777445,0.0,0.0
0.0,-0.0125996389691256,0.0,0.0
0.0,0.0291647863585758,0.0,0.0
0.0,0.1926789394310491,0.0,0.0
0.0,0.0338052204623469,0.0,0.0
0.0,-0.0990767757490878,0.0,0.0
0.0,0.0101757939056961,0.0,0.0
0.0,-0.0937214937730946,0.0,0.0
0.0,0.0843568924556039,0.0,0.0
0.0,0.0056577565775764,0.0,0.0
0.0,0.0021591532100606,0.0,0.0
0.0,0.0656731355133468,0.0,0.0
0.0,0.0195534698045341,0.0,0.0
0.0,0.0039312890130081,0.0,0.0
0.0,0.0926851780268648,0.0,0.0
0.0,-0.0656851459560272,0.0,0.0
0.0,-0.0513768717838335,0.0,0.0
0.0,-0.0442138369901511,0.0,0.0
0.0,0.0414012832886855,0.0,0.0
0.0,-0.0182321424721714,0.0,1.0
0.0,-0.0329361019623838,0.0,0.0
0.0,0.0984338985522712,0.0,0.0
0.0,0.0646585754275635,0.0,0.0
0.0,-0.0312821213763405,0.0,0.0
0.0,0.0871798064042045,0.0,0.0
0.0,-0.1349267591552502,0.0,0.0
0.0,-0.0403119060084285,0.0,0.0
0.0,0.0087043898306743,0.0,0.0
0.0,-0.016153205158153,0.0,0.0
0.0,-0.0593532808114375,0.0,0.0
0.0,-0.0256512008480167,0.0,0.0
0.0,0.0169070482741978,0.0,0.0
0.0,0.0016835823916776,0.0,0.0
0.0,-0.0118670968221205,0.0,0.0
0.0,-0.1208132205276431,0.0,0.0
0.0,-0.0359772749079744,0.0,0.0
0.0,0.0960129334392577,0.0,0.0
0.0,0.1199185897971882,0.0,0.0
0.0,-0.053536434768768,0.0,0.0
0.0,-0.0436796112022499,0.0,0.0
0.0,0.0801495179165129,0.0,0.0
0.0,-0.0104204671084396,0.0,0.0
0.0,0.0936283835474074,0.0,0.0
0.0,0.0313918241062992,0.0,0.0
0.0,0.1019641670493757,0.0,0.0
0.0,-0.0744516736838996,0.0,0.0
0.0,-0.057698025243708,0.0,0.0
0.0,0.0924640974025279,0.0,0.0
0.0,0.0709184487201876,0.0,0.0
0.0,-0.0220962540536393,0.0,1.0
0.0,-0.1202796057176736,0.0,0.0
0.0,-0.0244593045403441,0.0,0.0
0.0,-0.026968763397762,0.0,0.0
0.0,-0.112149142969906,0.0,0.0
0.0,-0.0636687163315364,0.0,0.0
0.0,-0.1322376374754308,0.0,0.0
0.0,0.0295507453418719,0.0,0.0
0.0,-0.0932089993931218,0.0,0.0
0.0,-0.0547055072518908,0.0,0.0
0.0,0.0821099670346868,0.0,0.0
0.0,0.0337521292445987,0.0,0.0
0.0,0.0650482789262005,0.0,0.0
0.0,-0.0052724450661971,0.0,0.0
0.0,-0.0354392704305338,0.0,0.0
0.0,-0.0576800156327355,0.0,0.0
0.0,-0.0479195688915056,0.0,0.0
0.0,0.0541755339741873,0.0,0.0
0.0,0.0153852068249379,0.0,0.0
0.0,0.0391963573094424,0.0,0.0
0.0,-0.0982797108430153,0.0,0.0
0.0,-0.0117970800229742,0.0,1.0
0.0,-0.0004845640666983,0.0,0.0
0.0,0.0366136126847107,0.0,0.0
0.0,0.0606545180255044,0.0,0.0
0.0,0.1109126142750197,0.0,0.0
0.0,-0.0511230851781188,0.0,0.0
0.0,0.0461029455887629,0.0,0.0
0.0,0.0624240387293546,0.0,0.0
0.0,-0.001359735537132,0.0,0.0
0.0,-0.0301012402679722,0.0,0.0
0.0,0.0352579481911302,0.0,1.0
0.0,0.0275727731002007,0.0,0.0
0.0,0.0526888546850125,0.0,0.0
0.0,0.0325960398091498,0.0,0.0
0.0,-0.0210092965282318,0.0,0.0
0.0,0.0362021452748697,0.0,1.0
0.0,-0.0688930791005042,0.0,0.0
0.0,0.0470916274397222,0.0,0.0
0.0,-0.0272118525503207,0.0,0.0
0.0,-0.0080250612097711,0.0,0.0
0.0,0.0340482780841476,0.0,0.0
0.0,-0.0668495040668111,0.0,0.0
0.0,0.0068756220428258,0.0,0.0
0.0,0.0840738591350549,0.0,0.0
0.0,0.1076095387963133,0.0,0.0
0.0,-0.038997776487473,0.0,0.0
0.0,0.0403764484301156,0.0,0.0
0.0,-0.059580951777699,0.0,0.0
0.0,-0.0524909734004192,0.0,0.0
0.0,-0.0172655275464345,0.0,0.0
0.0,-0.0236806630598138,0.0,0.0
0.0,-0.0676909779889411,0.0,0.0
0.0,0.0393179262618189,0.0,0.0
0.0,0.0847714118666331,0.0,0.0
0.0,-0.2048803024276735,0.0,0.0
0.0,0.0301237540928877,0.0,1.0
0.0,0.0284997419165102,0.0,0.0
0.0,0.0470011418728695,0.0,0.0
0.0,-0.0066427557755993,0.0,0.0
0.0,0.0531337063117966,0.0,0.0
0.0,-0.0182637068951859,0.0,0.0
0.0,0.0079582419825506,0.0,1.0
0.0,-0.0179161362413318,0.0,0.0
0.0,0.0187582207717856,0.0,0.0
0.0,-0.0963211678040151,0.0,0.0
0.0,0.0374614566047539,0.0,0.0
0.0,-0.0636694362709892,0.0,0.0
0.0,-0.0348809871455281,0.0,0.0
0.0,-0.0298609058023826,0.0,0.0
0.0,-0.0483453795603725,0.0,0.0
0.0,-0.0283864548848385,0.0,0.0
0.0,0.0073413827315455,0.0,0.0
0.0,-0.0485180358427349,0.0,0.0
0.0,0.1070996173117345,0.0,0.0
0.0,0.091866179400351,0.0,0.0
0.0,0.0161152171347996,0.0,0.0
0.0,0.0039053372359957,0.0,0.0
0.0,0.0001962130062215,0.0,0.0
0.0,0.0165941651105232,0.0,0.0
0.0,-0.0130721111202991,0.0,0.0
0.0,-0.0730395784613625,0.0,0.0
0.0,0.0681998588347836,0.0,0.0
0.0,-0.0138333899379617,0.0,0.0
0.0,0.1203559105784706,0.0,0.0
0.0,-0.0006967326440287,0.0,0.0
0.0,0.0193036653483196,0.0,0.0
0.0,0.0213186733285381,0.0,0.0
0.0,0.0109245694794988,0.0,0.0
0.0,0.0982463438641515,0.0,0.0
0.0,-0.0088560892941101,0.0,0.0
0.0,-0.0680930680807041,0.0,0.0
0.0,-0.0678965601271608,0.0,0.0
0.0,0.1332879982991791,0.0,0.0
0.0,0.1060018485511784,0.0,0.0
0.0,-0.0749385572727152,0.0,0.0
0.0,0.0948365129285847,0.0,0.0
0.0,-0.0981778656799561,0.0,1.0
0.0,0.073925353052952,0.0,0.0
0.0,0.0550184269192652,0.0,0.0
0.0,-0.0864774960660493,0.0,0.0
0.0,-0.0252180427921697,0.0,1.0
0.0,0.0523381128354186,0.0,1.0
0.0,0.0320092374315805,0.0,0.0
0.0,-0.0858233376330053,0.0,0.0
0.0,0.0110587768477546,0.0,0.0
0.0,-0.0025683317995757,0.0,1.0
0.0,0.1093918487347859,0.0,0.0
0.0,0.0034907194426394,0.0,0.0
0.0,-0.0795004030062655,0.0,1.0
0.0,-0.0293455083314245,0.0,0.0
0.0,-0.1500926314215219,0.0,0.0
0.0,-0.0672950775764345,0.0,0.0
0.0,-0.0249343662766131,0.0,0.0
0.0,-0.0109009810588583,0.0,0.0
0.0,0.0612189544477981,0.0,0.0
0.0,-0.0346098078028491,0.0,0.0
0.0,0.0284282599025553,0.0,0.0
0.0,0.014143195811385,0.0,0.0
0.0,-0.0752532239417644,0.0,0.0
0.0,-0.0251289540329662,0.0,0.0
0.0,0.0873358108061662,0.0,0.0
0.0,0.0636775528369262,0.0,0.0
0.0,0.0808466845074588,0.0,0.0
0.0,-0.0500901099348661,0.0,0.0
0.0,-0.0726207962447799,0.0,0.0
0.0,0.0488613311515468,0.0,0.0
0.0,-0.072796290620398,0.0,0.0
0.0,0.0348639719860697,0.0,0.0
0.0,0.0331456243339602,0.0,0.0
0.0,-0.0393876064775352,0.0,0.0
0.0,0.0827086685237362,0.0,0.0
0.0,-0.1094645251209256,0.0,0.0
0.0,-0.0518225742379517,0.0,0.0
0.0,-0.0108002152625831,0.0,0.0
0.0,0.0561683021455581,0.0,0.0
0.0,0.0419285216079321,0.0,0.0
0.0,-0.0753772259050287,0.0,0.0
0.0,-0.0356461472733515,0.0,0.0
0.0,-0.1691734448616597,0.0,0.0
0.0,0.1072044846156577,0.0,0.0
0.0,-0.0419127762895085,0.0,0.0
0.0,-0.0117099688556838,0.0,0.0
0.0,0.0881066152129013,0.0,0.0
0.0,-0.0541364397713612,0.0,0.0
0.0,0.1686355099927549,0.0,0.0
0.0,-0.1061818818756158,0.0,0.0
0.0,-0.1451223776139032,0.0,0.0
0.0,0.0162437204978334,0.0,0.0
0.0,-0.0445336025356618,0.0,0.0
0.0,-0.058790716514797,0.0,0.0
0.0,-0.0623994811066173,0.0,1.0
0.0,-0.0985982371299367,0.0,1.0
0.0,-0.0253274424393134,0.0,0.0
0.0,0.0881712531329284,0.0,0.0
0.0,0.0318352556774692,0.0,0.0
0.0,-0.0256437975322741,0.0,0.0
0.0,0.0506207872627801,0.0,0.0
0.0,-0.0516861973172832,0.0,0.0
0.0,0.0349507164657943,0.0,0.0
0.0,-0.0424692761645754,0.0,0.0
0.0,-0.0259676965443496,0.0,0.0
0.0,0.0510631952877086,0.0,0.0
0.0,0.0872792097670161,0.0,0.0
0.0,-0.0882568710771708,0.0,0.0
0.0,0.0804064814485265,0.0,0.0
0.0,-0.0740991322966008,0.0,0.0
0.0,-0.1409767631944969,0.0,0.0
0.0,0.1147073075150649,0.0,0.0
0.0,-0.0561276652253422,0.0,0.0
0.0,0.0464099149819511,0.0,0.0
0.0,0.0381576158755385,0.0,0.0
0.0,0.0598457621204929,0.0,0.0
0.0,0.0888704466887957,0.0,0.0
0.0,0.0148772037724467,0.0,0.0
0.0,-0.0664513956984667,0.0,0.0
0.0,-0.0745856707261119,0.0,0.0
0.0,0.0665214529246741,0.0,0.0
0.0,-0.0288872141227544,0.0,0.0
0.0,-0.0265962318378971,0.0,0.0
0.0,0.0505164065590299,0.0,0.0
0.0,0.0605980684017467,0.0,0.0
0.0,-0.0188991895950065,0.0,0.0
0.0,-0.2044231798163919,0.0,0.0
0.0,0.0208622271297795,0.0,0.0
0.0,-0.023468214203907,0.0,0.0
0.0,0.0548204380397086,0.0,0.0
0.0,0.0032704724694692,0.0,0.0
0.0,0.1688763212389544,0.0,0.0
0.0,0.0435450149386549,0.0,0.0
0.0,-0.0341046327220548,0.0,0.0
0.0,-0.0506438050322837,0.0,0.0
0.0,0.0067580137035463,0.0,0.0
0.0,-0.0519453308011167,0.0,0.0
0.0,0.0475161061882845,0.0,1.0
0.0,0.1213157017154593,0.0,0.0
0.0,0.0661313881293148,0.0,0.0
0.0,0.0094010305864895,0.0,0.0
0.0,0.0480431427452294,0.0,0.0
0.0,-0.1212689625419032,0.0,1.0
0.0,-0.0909604743487625,0.0,0.0
0.0,-0.0854745298205099,0.0,0.0
0.0,0.0164731570264273,0.0,0.0
0.0,0.012762327414078,0.0,0.0
0.0,-0.0050819509160244,0.0,0.0
0.0,-0.0069649580171129,0.0,1.0
0.0,-0.1221134936349113,0.0,0.0
0.0,0.0395210613326175,0.0,0.0
0.0,-0.0598997256292288,0.0,0.0
0.0,-0.1092686628057389,0.0,0.0
0.0,0.0189786163336199,0.0,0.0
0.0,-0.0715358002972657,0.0,0.0
0.0,0.0243302799473275,0.0,0.0
0.0,0.0563926204725585,0.0,0.0
0.0,-0.0246167833710268,0.0,0.0
0.0,-0.0484682005690805,0.0,0.0
0.0,0.0586398581218329,0.0,0.0
0.0,0.0214813468452945,0.0,0.0
0.0,-0.0145591397712059,0.0,0.0
0.0,-0.0603332254066681,0.0,0.0
0.0,0.0189657916697512,0.0,0.0
0.0,-0.0696269490332144,0.0,0.0
0.0,0.0916887937028751,0.0,0.0
0.0,0.0465577760539465,0.0,0.0
0.0,-0.0336789606280588,0.0,0.0
0.0,-0.0578944056979371,0.0,0.0
0.0,0.0027378746935981,0.0,0.0
0.0,-0.0897693507021077,0.0,0.0
0.0,-0.0220519528717794,0.0,0.0
0.0,-0.0432723393582762,0.0,0.0
0.0,-0.0566471765931249,0.0,0.0
0.0,0.0270537600814718,0.0,0.0
0.0,0.0086564433043662,0.0,0.0
0.0,-0.0245901200146559,0.0,1.0
0.0,-0.0320624853646584,0.0,0.0
0.0,0.0529741423614867,0.0,0.0
0.0,-0.0066231456414966,0.0,1.0
0.0,-0.0496368987025334,0.0,0.0
0.0,-0.0322868003678309,0.0,0.0
0.0,0.0747559170489674,0.0,0.0
0.0,-0.1111667203165441,0.0,0.0
0.0,-0.037702094138391,0.0,0.0
0.0,0.0712944414658234,0.0,0.0
0.0,0.1594421410735962,0.0,0.0
0.0,-0.0987816187995589,0.0,0.0
0.0,0.027607461619917,0.0,0.0
0.0,0.0074755721938001,0.0,0.0
0.0,0.0093488512715027,0.0,0.0
0.0,-0.0254335010504475,0.0,0.0
0.0,-0.0378030454227003,0.0,1.0
0.0,0.0403386984042433,0.0,0.0
0.0,0.054391273813372,0.0,0.0
0.0,0.0223167843066662,0.0,0.0
0.0,0.0700196799307197,0.0,0.0
0.0,0.049087496265584,0.0,0.0
0.0,-0.056094122657339,0.0,0.0
0.0,-0.0266735843370481,0.0,0.0
0.0,-0.0710242397976259,0.0,0.0
0.0,0.1508611367135329,0.0,0.0
0.0,-0.0164681489136899,0.0,0.0
0.0,-0.0491904607239455,0.0,0.0
0.0,-0.0649464460615428,0.0,0.0
0.0,0.0047966328389426,0.0,0.0
0.0,0.0975185377231593,0.0,0.0
0.0,0.076840568731773,0.0,0.0
0.0,-0.1097422929267552,0.0,0.0
0.0,-0.1727411116503725,0.0,0.0
0.0,0.0738645933004442,0.0,0.0
0.0,-0.1368470960411079,0.0,0.0
0.0,0.0588134373586788,0.0,0.0
0.0,-0.0134771877490723,0.0,0.0
0.0,0.0012698347426607,0.0,1.0
0.0,0.0126916382147404,0.0,0.0
0.0,-0.0769920331510279,0.0,0.0
0.0,-0.0301563293069414,0.0,0.0
0.0,-0.0425340965375117,0.0,0.0
0.0,-0.0400530093157799,0.0,0.0
0.0,-0.0108369568775857,0.0,0.0
0.0,-0.0770935125713725,0.0,0.0
0.0,0.1260254351092457,0.0,0.0
0.0,0.1067936674329558,0.0,0.0
0.0,0.0426221240909098,0.0,0.0
0.0,0.0835540747086352,0.0,0.0
0.0,0.0169894733763555,0.0,0.0
0.0,0.0513650237801754,0.0,0.0
0.0,0.0032317655770848,0.0,0.0
0.0,-0.0801791364569377,0.0,0.0
0.0,-0.0430505650065031,0.0,0.0
0.0,-0.10086386501244,0.0,0.0
0.0,0.1105075286636328,0.0,0.0
0.0,0.0451456557554786,0.0,0.0
0.0,0.0383804209850287,0.0,1.0
0.0,0.0357288748418749,0.0,0.0
0.0,-0.0191309877511932,0.0,0.0
0.0,0.0087064363358978,0.0,0.0
0.0,0.0321837921851008,0.0,0.0
0.0,-0.010853170920195,0.0,0.0
0.0,0.0264249871013967,0.0,0.0
0.0,-0.0076464425681376,0.0,0.0
0.0,-0.0777585948413272,0.0,0.0
0.0,-0.1675632165885503,0.0,0.0
0.0,-0.0481238881834267,0.0,0.0
0.0,-0.0108104917584794,0.0,0.0
0.0,0.0007288056983971,0.0,0.0
0.0,-0.023365633409666,0.0,0.0
0.0,-0.111466018733115,0.0,0.0
0.0,-0.0256289648211301,0.0,0.0
0.0,-0.1233044937072097,0.0,0.0
0.0,0.1550577000392685,0.0,0.0
0.0,-0.0054553019426243,0.0,0.0
0.0,-0.1061421305277146,0.0,0.0
0.0,0.0544947169537391,0.0,0.0
0.0,0.0640323985448879,0.0,0.0
0.0,-0.149142216329176,0.0,0.0
0.0,-0.0201972132897172,0.0,0.0
0.0,-0.0532480193456074,0.0,0.0
0.0,-0.0208359346034461,0.0,0.0
0.0,-0.0279041745968856,0.0,0.0
0.0,-0.1033813079838771,0.0,0.0
0.0,0.0892602334519376,0.0,0.0
0.0,0.0065363356054634,0.0,0.0
0.0,-0.0432206805375581,0.0,0.0
0.0,-0.0437382066072318,0.0,0.0
0.0,-0.14012509511158,0.0,0.0
0.0,-0.0814314138199747,0.0,0.0
0.0,-0.0994866356702605,0.0,0.0
0.0,-0.0482271982354655,0.0,0.0
0.0,-0.0890535534863488,0.0,0.0
0.0,0.0856783411413253,0.0,0.0
0.0,0.023014071017898,0.0,0.0
0.0,0.1182314071186363,0.0,0.0
0.0,-0.0324700688534033,0.0,0.0
0.0,0.1476435151112362,0.0,0.0
0.0,0.0343173850137513,0.0,0.0
0.0,0.0154383762975163,0.0,0.0
0.0,-0.0668391111044418,0.0,0.0
0.0,0.0247167053534024,0.0,0.0
0.0,-0.0161179150771429,0.0,0.0
0.0,0.0178147066919871,0.0,0.0
0.0,-0.1166834405529166,0.0,0.0
0.0,-0.0902058984540861,0.0,0.0
0.0,-0.0778757658293556,0.0,0.0
0.0,-0.0653347613174308,0.0,0.0
0.0,-0.0468419600563785,0.0,0.0
0.0,-0.0384125681026701,0.0,0.0
0.0,-0.1329931247101702,0.0,0.0
0.0,0.1181257499219562,0.0,0.0
0.0,-0.0493061943455115,0.0,0.0
0.0,-0.0418454730198605,0.0,0.0
0.0,-0.0173198533800263,0.0,0.0
0.0,0.0647525203445124,0.0,0.0
0.0,-0.0723502760318304,0.0,0.0
0.0,0.0579531655492193,0.0,0.0
0.0,0.0512710273717384,0.0,0.0
0.0,0.0706168681262135,0.0,0.0
0.0,0.0584915127339552,0.0,0.0
0.0,0.014338239978092,0.0,0.0
0.0,0.0225394410364719,0.0,0.0
0.0,-0.1035034928376064,0.0,0.0
0.0,0.1090095586627433,0.0,0.0
0.0,-0.0404177386068161,0.0,0.0
0.0,0.1140340557322991,0.0,0.0
0.0,-0.0467669763813314,0.0,1.0
0.0,-0.0550394226593088,0.0,0.0
0.0,0.1032212179738222,0.0,0.0
0.0,-0.0898747844908836,0.0,0.0
0.0,-0.0304432973806738,0.0,1.0
0.0,0.0193147560544183,0.0,0.0
0.0,-0.0887533959507786,0.0,0.0
0.0,0.004109092638875,0.0,0.0
0.0,-0.1716065004021226,0.0,0.0
0.0,0.0579544799886363,0.0,0.0
0.0,-0.0430232473559578,0.0,0.0
0.0,0.0337012880399391,0.0,0.0
0.0,0.0238542054108634,0.0,0.0
0.0,0.0090006106960072,0.0,0.0
0.0,-0.1098331051862191,0.0,0.0
0.0,-0.0370305042806961,0.0,0.0
0.0,0.0290330573018815,0.0,0.0
0.0,0.0257307240234994,0.0,0.0
0.0,0.0058272547486034,0.0,0.0
0.0,-0.0185045742418534,0.0,0.0
0.0,0.102687416626399,0.0,0.0
0.0,-0.0922833440817933,0.0,0.0
0.0,0.056697678660655,0.0,0.0
0.0,0.0438271254159421,0.0,0.0
0.0,0.019118737472012,0.0,0.0
0.0,0.053335936369782,0.0,0.0
0.0,0.0648088824885135,0.0,0.0
0.0,-0.0256104637876542,0.0,0.0
0.0,0.0339617708100181,0.0,0.0
0.0,-0.0332539147368395,0.0,0.0
0.0,0.0157337339298567,0.0,0.0
0.0,0.09589544679814,0.0,0.0
0.0,0.0262078195854268,0.0,0.0
0.0,-0.1332503384522072,0.0,0.0
0.0,0.0309938410178242,0.0,0.0
0.0,0.0185585864956881,0.0,1.0
0.0,0.1038034493631642,0.0,0.0
0.0,-0.0699031735599483,0.0,0.0
0.0,0.0114816213214887,0.0,0.0
0.0,-0.1014202033623187,0.0,0.0
0.0,-0.0855507040604887,0.0,0.0
0.0,0.0135724486077923,0.0,0.0
0.0,-0.0886528189115264,0.0,0.0
0.0,-0.0225098396434125,0.0,0.0
0.0,0.0819141054934889,0.0,0.0
0.0,0.0843197754986794,0.0,0.0
0.0,-0.017691659488152,0.0,0.0
0.0,-0.0165539855063677,0.0,0.0
0.0,0.0200820108358656,0.0,0.0
0.0,-0.0906075924263592,0.0,0.0
0.0,0.0543216813232502,0.0,1.0
0.0,-0.0631477715349876,0.0,0.0
0.0,0.0299390375100104,0.0,1.0
0.0,0.0153772898137823,0.0,0.0
0.0,0.0167667004864584,0.0,0.0
0.0,0.1055559740285029,0.0,0.0
0.0,-0.0063992142897432,0.0,0.0
0.0,0.0465495255632932,0.0,0.0
0.0,0.1166631369519183,0.0,0.0
0.0,0.0606768570056159,0.0,0.0
0.0,0.1098978773645071,0.0,0.0
0.0,-0.0662740898512902,0.0,0.0
0.0,0.0021629751408755,0.0,0.0
0.0,-0.0910173828477317,0.0,0.0
0.0,0.1596534481106446,0.0,0.0
0.0,0.0950426737194536,0.0,0.0
0.0,0.0662598635730511,0.0,0.0
0.0,0.1160382028099836,0.0,0.0
0.0,0.044654014617622,0.0,0.0
0.0,-0.0050861160028193,0.0,0.0
0.0,-0.065874038047116,0.0,0.0
0.0,-0.1116840657847058,0.0,0.0
0.0,0.1392540656808553,0.0,0.0
0.0,0.0124731144691895,0.0,0.0
0.0,-0.1151695330887622,0.0,0.0
0.0,0.0710779587441327,0.0,0.0
0.0,-0.0697512212262622,0.0,0.0
0.0,0.0521044297010159,0.0,0.0
0.0,-0.0084424743996336,0.0,0.0
0.0,-0.0847005195230447,0.0,0.0
0.0,-0.0494611824670486,0.0,1.0
0.0,-0.0277201339876825,0.0,0.0
0.0,-0.1006607918209227,0.0,0.0
0.0,0.0168333003414777,0.0,0.0
0.0,0.101836162518677,0.0,0.0
0.0,-0.0846258501119048,0.0,0.0
0.0,-0.068854774261453,0.0,0.0
0.0,0.0969967396110571,0.0,0.0
0.0,-0.0344817202106868,0.0,0.0
0.0,-0.1281723942153312,0.0,0.0
0.0,-0.0410841588724497,0.0,0.0
0.0,0.0426972792263416,0.0,0.0
0.0,-0.0014116372759639,0.0,0.0
0.0,-0.0276867999095804,0.0,0.0
0.0,0.0005143811701939,0.0,1.0
0.0,0.0925475883858524,0.0,0.0
0.0,-0.0213919719315763,0.0,0.0
0.0,-0.0437331151894035,0.0,0.0
0.0,-0.0624557747606362,0.0,0.0
0.0,0.0429128376749765,0.0,0.0
0.0,0.0768746342438237,0.0,0.0
0.0,0.0129979770498248,0.0,0.0
0.0,-0.0323341913825639,0.0,0.0
0.0,0.0370932864791982,0.0,0.0
0.0,0.141173693910479,0.0,0.0
0.0,-0.0489705320995152,0.0,0.0
0.0,-0.0800011589840627,0.0,0.0
0.0,-0.0090981735758992,0.0,0.0
0.0,-0.020572019423537,0.0,0.0
0.0,-0.0083123473508508,0.0,0.0
0.0,-0.0791446611756632,0.0,0.0
0.0,0.0595170160956479,0.0,0.0
0.0,0.1207807093323737,0.0,0.0
0.0,0.0233222331440564,0.0,1.0
0.0,0.1177391910841589,0.0,0.0
0.0,0.0205396379000718,0.0,0.0
0.0,-0.0273245932989549,0.0,0.0
0.0,-0.0401712106594044,0.0,0.0
0.0,-0.0215547580334899,0.0,0.0
0.0,0.0389869970678418,0.0,0.0
0.0,0.0477381311532607,0.0,0.0
0.0,-0.0036029550116051,0.0,0.0
0.0,0.0123685539638744,0.0,0.0
0.0,0.0821942014539977,0.0,0.0
0.0,0.0145553805752718,0.0,0.0
0.0,0.036020724232955,0.0,0.0
0.0,-0.0465762420035516,0.0,0.0
0.0,-0.0528630837771809,0.0,0.0
0.0,-0.0147484178902742,0.0,0.0
0.0,0.0317644584775263,0.0,0.0
0.0,-0.0239074918871322,0.0,0.0
0.0,-0.0946382114622359,0.0,0.0
0.0,-0.098080445966603,0.0,1.0
0.0,-0.0181808660358764,0.0,0.0
0.0,-0.1209198636508833,0.0,0.0
0.0,0.0181701148061292,0.0,0.0
0.0,0.0017207854603791,0.0,0.0
0.0,0.138680836370429,0.0,0.0
0.0,-0.0131163252146576,0.0,0.0
0.0,-0.0896194410719767,0.0,0.0
0.0,-0.014631196000285,0.0,0.0
0.0,0.0439177855825546,0.0,0.0
0.0,0.1476193686510793,0.0,0.0
0.0,-0.0198557790026655,0.0,0.0
0.0,-0.1490746243585366,0.0,1.0
0.0,-0.029903612973543,0.0,0.0
0.0,-0.1048904189294619,0.0,0.0
0.0,-0.0505653979314445,0.0,1.0
0.0,-0.0354159571598748,0.0,0.0
0.0,-0.0130246150662281,0.0,0.0
0.0,-0.0187573583369813,0.0,0.0
0.0,0.0306584969240099,0.0,0.0
0.0,0.1356422828392215,0.0,0.0
0.0,-0.075981045528809,0.0,0.0
0.0,-0.0634929737286649,0.0,0.0
0.0,-0.0249509987951796,0.0,1.0
0.0,0.0124355820692022,0.0,0.0
0.0,-0.1371946235300187,0.0,0.0
0.0,0.0271180195055745,0.0,0.0
0.0,-0.0286978015245106,0.0,0.0
0.0,-0.1319335918087937,0.0,1.0
0.0,0.0771942352017739,0.0,0.0
0.0,-0.0199811929951494,0.0,0.0
0.0,-0.0676908803362091,0.0,0.0
0.0,-0.0849953498254077,0.0,0.0
0.0,0.0323437727998736,0.0,0.0
0.0,0.1189755503304843,0.0,0.0
0.0,-0.0130962418187796,0.0,0.0
0.0,-0.0958305649665331,0.0,0.0
0.0,-0.0238381906626959,0.0,0.0
0.0,-0.1387856003054338,0.0,0.0
0.0,0.0484348896731909,0.0,0.0
0.0,-0.0262308850478599,0.0,0.0
0.0,0.0261241174854102,0.0,0.0
0.0,-0.0053986961044836,0.0,0.0
0.0,0.0463921475272722,0.0,0.0
0.0,0.0258883861126192,0.0,0.0
0.0,0.0085004775858186,0.0,0.0
0.0,0.019217753750488,0.0,0.0
0.0,0.1579794949101497,0.0,0.0
0.0,-0.021799381790655,0.0,0.0
0.0,-0.0240331555318191,0.0,0.0
0.0,-0.0815659226201587,0.0,0.0
0.0,0.0749611930211633,0.0,0.0
0.0,-0.0521188429849644,0.0,0.0
0.0,0.1267438501645807,0.0,0.0
0.0,0.0630052889984811,0.0,0.0
0.0,0.0786131799782208,0.0,0.0
0.0,-0.0048132799284017,0.0,0.0
0.0,-0.0255630589669634,0.0,0.0
0.0,0.0819949209908385,0.0,0.0
0.0,-0.1310640870389464,0.0,0.0
0.0,-0.0188527297635842,0.0,1.0
0.0,0.0387510456457715,0.0,0.0
0.0,-0.0319024013543444,0.0,0.0
0.0,-0.0017294695929693,0.0,0.0
0.0,0.0269572924041267,0.0,0.0
0.0,0.0281808682549723,0.0,0.0
0.0,-0.0212693535388094,0.0,0.0
0.0,-0.019086347194906,0.0,0.0
0.0,-0.0861693661198107,0.0,0.0
0.0,0.0860587806559757,0.0,0.0
0.0,0.0025436183432524,0.0,0.0
0.0,0.1434932125655638,0.0,0.0
0.0,0.070756484257998,0.0,0.0
0.0,-0.0354475552482817,0.0,0.0
0.0,-0.1409959146050666,0.0,0.0
0.0,0.0371626841086431,0.0,0.0
0.0,-0.0357199003623701,0.0,0.0
0.0,0.016074482064806,0.0,0.0
0.0,0.0777685492744124,0.0,0.0
0.0,-0.0655652361536181,0.0,0.0
0.0,0.1205595206683401,0.0,0.0
0.0,0.1520440172913903,0.0,0.0
0.0,0.0283323781904655,0.0,0.0
0.0,0.0509826982693882,0.0,0.0
0.0,-0.0189252697424979,0.0,0.0
0.0,-0.0914139261820502,0.0,0.0
0.0,-0.0260278353082419,0.0,0.0
0.0,0.0280873975705424,0.0,0.0
0.0,0.0213044943039885,0.0,0.0
0.0,-0.0546276021215436,0.0,0.0
0.0,-0.1184682366002094,0.0,0.0
0.0,-0.1052383167700406,0.0,0.0
0.0,0.0350042348342708,0.0,0.0
0.0,0.0834133748065482,0.0,0.0
0.0,-0.015671803066087,0.0,0.0
0.0,0.1124592017524796,0.0,0.0
0.0,-0.0910553482563432,0.0,0.0
0.0,-0.1281627279588939,0.0,0.0
0.0,0.0408159411711675,0.0,0.0
0.0,-0.0078594134022027,0.0,0.0
0.0,0.0616792559083587,0.0,0.0
0.0,0.0009101118456262,0.0,0.0
0.0,-0.0699658565438458,0.0,0.0
0.0,-0.1326575880932228,0.0,0.0
0.0,-0.0041288537947927,0.0,0.0
0.0,-0.0517004141176779,0.0,0.0
0.0,0.0469255151152867,0.0,0.0
0.0,0.0745974108353971,0.0,0.0
0.0,-0.0187057337171112,0.0,0.0
0.0,-0.0185166483052499,0.0,0.0
0.0,-0.0367128342841969,0.0,0.0
0.0,-0.0393696588177225,0.0,0.0
0.0,-0.0526894537028766,0.0,1.0
0.0,-0.0481871086009612,0.0,0.0
0.0,-0.0820762893686031,0.0,0.0
0.0,-0.045771617312765,0.0,0.0
0.0,0.0484160932753219,0.0,0.0
0.0,0.0048623703961176,0.0,0.0
0.0,0.0387866875068229,0.0,0.0
0.0,0.00114085019159,0.0,0.0
0.0,0.0488356323660177,0.0,0.0
0.0,0.0367624102922754,0.0,0.0
0.0,0.0978112932627351,0.0,0.0
0.0,-0.091950168279242,0.0,0.0
0.0,0.090718981131032,0.0,0.0
0.0,-0.0186025678040422,0.0,0.0
0.0,-0.2017447314659806,0.0,0.0
0.0,0.0801512785382293,0.0,0.0
0.0,-0.1203167564390191,0.0,0.0
0.0,0.0385788333951234,0.0,0.0
0.0,-0.0543053699111729,0.0,0.0
0.0,0.0100414833896191,0.0,0.0
0.0,-0.1204883643581729,0.0,1.0
0.0,-0.0098496316010239,0.0,0.0
0.0,-0.0956690973763902,0.0,0.0
0.0,0.1524476058066069,0.0,0.0
0.0,0.0306911253615376,0.0,0.0
0.0,0.0119275429631702,0.0,0.0
0.0,0.104137412667076,0.0,0.0
0.0,0.0475217111357148,0.0,0.0
0.0,0.1182232199020807,0.0,0.0
0.0,-0.0921415199622848,0.0,0.0
0.0,-0.0056965909005245,0.0,0.0
0.0,-0.036619304181643,0.0,0.0
0.0,-0.0442674778072219,0.0,0.0
0.0,0.0003283008800085,0.0,0.0
0.0,-0.062467928804852,0.0,0.0
0.0,0.0059929586712033,0.0,0.0
0.0,-0.0304557268401087,0.0,0.0
0.0,0.0478687408297351,0.0,0.0
0.0,0.0983359105242239,0.0,0.0
0.0,0.0686356414094251,0.0,0.0
0.0,-0.0068667482213751,0.0,0.0
0.0,0.0072072996369853,0.0,0.0
0.0,0.0042681835467948,0.0,0.0
0.0,0.0940480722792243,0.0,0.0
0.0,-0.074293682990945,0.0,0.0
0.0,0.0630231222828792,0.0,0.0
0.0,-0.05169527454516,0.0,0.0
0.0,-0.0830029421836296,0.0,0.0
0.0,0.0609017351699801,0.0,0.0
0.0,-0.0255999324049412,0.0,0.0
0.0,-0.1049017269597683,0.0,0.0
0.0,0.1042701564232887,0.0,0.0
0.0,-0.0640933972568783,0.0,0.0
0.0,0.015745509133341,0.0,0.0
0.0,-0.0544586358830678,0.0,0.0
0.0,-0.0671304102240442,0.0,0.0
0.0,0.0061083291896414,0.0,0.0
0.0,0.0169981501682442,0.0,0.0
0.0,0.0399082267910142,0.0,0.0
0.0,0.047497464261759,0.0,0.0
0.0,0.1172097715362294,0.0,0.0
0.0,-0.067052084457966,0.0,0.0
0.0,0.0910944034448908,0.0,0.0
0.0,0.0002050041813822,0.0,0.0
0.0,-0.0630548317375421,0.0,0.0
0.0,0.0749342712164254,0.0,0.0
0.0,0.0981178315448083,0.0,0.0
0.0,0.0154808647376214,0.0,0.0
0.0,-0.0067433543805799,0.0,0.0
0.0,0.0313293970026224,0.0,0.0
0.0,0.1197135754048345,0.0,0.0
0.0,0.1323428982481838,0.0,0.0
0.0,-0.0145164555527353,0.0,0.0
0.0,-0.0178905008002951,0.0,1.0
0.0,0.0164583405070052,0.0,0.0
0.0,-0.0871877722119937,0.0,0.0
0.0,-0.0105442889915778,0.0,0.0
0.0,-0.0425896989463533,0.0,0.0
0.0,0.0353852652254603,0.0,0.0
0.0,0.0795647775224108,0.0,0.0
0.0,-0.0505718672478525,0.0,0.0
0.0,-0.0978942813756346,0.0,0.0
0.0,-0.0785986838974549,0.0,0.0
0.0,0.0443851875047375,0.0,1.0
0.0,0.051985332128792,0.0,0.0
0.0,-0.0523391625467046,0.0,0.0
0.0,0.0490345799109873,0.0,0.0
0.0,-0.0188120656351582,0.0,0.0
0.0,-0.0978319670094558,0.0,0.0
0.0,0.0413010777803956,0.0,0.0
0.0,0.1889908318904803,0.0,0.0
0.0,0.0485097982604654,0.0,0.0
0.0,-0.0464925468960965,0.0,0.0
0.0,-0.0227059294682944,0.0,0.0
0.0,0.0962260804110731,0.0,0.0
0.0,0.0692903000571057,0.0,0.0
0.0,0.0530905968368443,0.0,0.0
0.0,0.0297960715353216,0.0,0.0
0.0,0.0934494623687568,0.0,0.0
0.0,-0.0346831458484407,0.0,0.0
0.0,0.0065240456618381,0.0,0.0
0.0,0.1368004856520073,0.0,1.0
0.0,0.2076460940866811,0.0,0.0
0.0,0.0905093321685807,0.0,0.0
0.0,-0.1089109060556879,0.0,0.0
0.0,-0.1064980384359726,0.0,0.0
0.0,-0.084580938836872,0.0,0.0
0.0,0.0346742000655316,0.0,0.0
0.0,-0.0954290538854598,0.0,0.0
0.0,-0.1144413752418697,0.0,0.0
0.3,0.2604276792372457,0.0,0.0
0.3,0.4120388619383838,0.0,0.0
0.3,0.2023437029535616,0.0,0.0
0.3,0.3349596318438438,0.0,0.0
0.3,0.2878071988510199,0.0,0.0
0.3,0.2846477785916235,0.0,0.0
0.3,0.258507093674561,0.0,0.0
0.3,0.1670845653908723,0.0,0.0
0.3,0.4486066059293003,0.0,0.0
0.3,0.2353833760019241,0.0,0.0
0.3,0.3201494209519291,0.0,0.0
0.3,0.299697297298737,0.0,0.0
0.3,0.2774402085683559,0.0,0.0
0.3,0.2515626672953117,0.0,0.0
0.3,0.3329508925477678,0.0,0.0
0.3,0.2629075284482724,0.0,0.0
0.3,0.2361249176408427,0.0,0.0
0.3,0.3052734767717814,0.0,0.0
0.3,0.3011280508976288,0.0,0.0
0.3,0.32645814281787,0.0,0.0
0.3,0.274724593167206,0.0,0.0
0.3,0.3651120919058107,0.0,0.0
0.3,0.3924015092651073,0.0,0.0
0.3,0.3479105360007478,0.0,0.0
0.3,0.2598775001751419,0.0,0.0
0.3,0.2229664265816066,0.0,0.0
0.3,0.3209798613170069,0.0,0.0
0.3,0.4112031930606422,0.0,1.0
0.3,0.2501699160409745,0.0,0.0
0.3,0.3365372686870139,0.0,0.0
0.3,0.2652297533626828,0.0,0.0
0.3,0.2855983924181958,0.0,0.0
0.3,0.3867959076910279,0.0,0.0
0.3,0.2573743337358958,0.0,0.0
0.3,0.2772505548577703,0.0,0.0
0.3,0.3757502343773893,0.0,0.0
0.3,0.2994776185266391,0.0,0.0
0.3,0.2067018706617817,0.0,0.0
0.3,0.2784580244743486,0.0,0.0
0.3,0.2125524258908223,0.0,0.0
0.3,0.2690741539302584,0.0,0.0
0.3,0.2938871982387921,0.0,0.0
0.3,0.2466053010175901,0.0,0.0
0.3,0.2976040393128986,0.0,0.0
0.3,0.3095136703234969,0.0,0.0
0.3,0.1917241304890734,0.0,0.0
0.3,0.3271798176635866,0.0,0.0
0.3,0.2423233188576841,0.0,0.0
0.3,0.1904875999449305,0.0,0.0
0.3,0.2801718221610366,0.0,0.0
0.3,0.2197137248111292,0.0,1.0
0.3,0.2972722935954499,0.0,0.0
0.3,0.3171551035969968,0.0,0.0
0.3,0.3166760296433312,0.0,0.0
0.3,0.2674834819240734,0.0,0.0
0.3,0.3221717959996269,0.0,0.0
0.3,0.3844108595484666,0.0,0.0
0.3,0.224723251980891,0.0,0.0
0.3,0.3386263775482892,0.0,0.0
0.3,0.299060329349378,0.0,0.0
0.3,0.3142667946105955,0.0,0.0
0.3,0.4223565132869278,0.0,0.0
0.3,0.2870849964326408,0.0,0.0
0.3,0.3511466513521583,0.0,0.0
0.3,0.2858517045102359,0.0,1.0
0.3,0.268487653640917,0.0,0.0
0.3,0.2541060637861504,0.0,0.0
0.3,0.3513757203851097,0.0,0.0
0.3,0.2700541266115464,0.0,0.0
0.3,0.2180444609607185,0.0,0.0
0.3,0.366950007409776,0.0,0.0
0.3,0.1226492110027743,0.0,1.0
0.3,0.3438582603785762,0.0,0.0
0.3,0.3642246741477932,0.0,0.0
0.3,0.3171172067328514,0.0,1.0
0.3,0.1446300900731119,0.0,0.0
0.3,0.1882837678267052,0.0,0.0
0.3,0.3215244833697356,0.0,0.0
0.3,0.2396242220974892,0.0,0.0
0.3,0.3174390062165612,0.0,0.0
0.3,0.436259125719072,0.0,1.0
0.3,0.2929200996890632,0.0,0.0
0.3,0.2410236240853618,0.0,0.0
0.3,0.256628913178307,0.0,0.0
0.3,0.3483021101455629,0.0,0.0
0.3,0.3467078556491998,0.0,0.0
0.3,0.3161941800594753,0.0,0.0
0.3,0.2328865025077575,0.0,0.0
0.3,0.2690938149900022,0.0,0.0
0.3,0.2465450352964759,0.0,0.0
0.3,0.3435581763637752,0.0,0.0
0.3,0.3133471237145148,0.0,0.0
0.3,0.24905817163887,0.0,0.0
0.3,0.2591481556734248,0.0,0.0
0.3,0.333605580763197,0.0,0.0
0.3,0.4181773319037837,0.0,0.0
0.3,0.3773184594607644,0.0,0.0
0.3,0.2395539985784518,0.0,0.0
0.3,0.3841957778254539,0.0,0.0
0.3,0.3341296150363581,0.0,1.0
0.3,0.1867136694142226,0.0,0.0
0.3,0.3042634657002124,0.0,0.0
0.3,0.2542225585292843,0.0,0.0
0.3,0.3204334416131972,0.0,0.0
0.3,0.277584399573856,0.0,0.0
0.3,0.2791568426680093,0.0,0.0
0.3,0.2224335672383315,0.0,0.0
0.3,0.3477620840663065,0.0,0.0
0.3,0.3297803810230859,0.0,0.0
0.3,0.303071905811186,0.0,0.0
0.3,0.3566559715179712,0.0,0.0
0.3,0.231804172428805,0.0,0.0
0.3,0.2420177861588237,0.0,0.0
0.3,0.3881916451663712,0.0,0.0
0.3,0.3256057647213668,0.0,0.0
0.3,0.3766869861178473,0.0,0.0
0.3,0.258756246431136,0.0,0.0
0.3,0.2962428158567134,0.0,0.0
0.3,0.3009892969416458,0.0,0.0
0.3,0.212785398607129,0.0,0.0
0.3,0.3836193232015358,0.0,0.0
0.3,0.3131655929710874,0.0,0.0
0.3,0.234756879667938,0.0,0.0
0.3,0.3584641671025176,0.0,1.0
0.3,0.2153941857648293,0.0,0.0
0.3,0.2911356087792655,0.0,0.0
0.3,0.3252429324105212,0.0,0.0
0.3,0.2458468968886603,0.0,0.0
0.3,0.1918703754028877,0.0,0.0
0.3,0.3027651468203859,0.0,0.0
0.3,0.341458176031656,0.0,0.0
0.3,0.3410618509259494,0.0,0.0
0.3,0.3215072510022768,0.0,0.0
0.3,0.1149065466944068,0.0,0.0
0.3,0.3420177452783243,0.0,0.0
0.3,0.2157189880679901,0.0,0.0
0.3,0.2905998108133593,0.0,0.0
0.3,0.3142891137867158,0.0,0.0
0.3,0.177984953813538,0.0,1.0
0.3,0.2834126111177634,0.0,0.0
0.3,0.2602090401053658,0.0,0.0
0.3,0.2613134585783212,0.0,0.0
0.3,0.2320095767514731,0.0,0.0
0.3,0.266529751183614,0.0,0.0
0.3,0.223401373715649,0.0,0.0
0.3,0.336554244545006,0.0,0.0
0.3,0.3013697623545011,0.0,0.0
0.3,0.2877819783093446,0.0,0.0
0.3,0.2135597883490082,0.0,0.0
0.3,0.2350058247137464,0.0,0.0
0.3,0.3305839066138689,0.0,0.0
0.3,0.3536647007072862,0.0,0.0
0.3,0.3672024441904924,0.0,0.0
0.3,0.4212140796793395,0.0,0.0
0.3,0.3668445494005021,0.0,0.0
0.3,0.3368823491546855,0.0,0.0
0.3,0.2925621413097582,0.0,0.0
0.3,0.2991141662660251,0.0,0.0
0.3,0.2324559385473393,0.0,0.0
0.3,0.317830545586184,0.0,0.0
0.3,0.3333624839947234,0.0,0.0
0.3,0.236212253688294,0.0,0.0
0.3,0.1718403418995212,0.0,0.0
0.3,0.2375746413012342,0.0,0.0
0.3,0.2386753186825841,0.0,0.0
0.3,0.2248699294744095,0.0,0.0
0.3,0.2382744389031208,0.0,0.0
0.3,0.2049286856831008,0.0,0.0
0.3,0.375218069953715,0.0,0.0
0.3,0.2640777606164361,0.0,0.0
0.3,0.2605579934677219,0.0,0.0
0.3,0.2429747224157525,0.0,0.0
0.3,0.385940198513938,0.0,0.0
0.3,0.2381081746872371,0.0,0.0
0.3,0.2883592164287354,0.0,0.0
0.3,0.2919977576149065,0.0,0.0
0.3,0.3493541254377424,0.0,0.0
0.3,0.2793603271413572,0.0,0.0
0.3,0.3381023233002578,0.0,0.0
0.3,0.3502249969117941,0.0,0.0
0.3,0.3991576707450306,0.0,0.0
0.3,0.3221603188529512,0.0,0.0
0.3,0.2173293492607065,0.0,0.0
0.3,0.2788559522046549,0.0,0.0
0.3,0.3006194575436708,0.0,0.0
0.3,0.213292336151622,0.0,0.0
0.3,0.1530436753524509,0.0,0.0
0.3,0.2610386333049963,0.0,0.0
0.3,0.192329018371278,0.0,0.0
0.3,0.3379082988028961,1.0,1.0
0.3,0.2715296380288479,0.0,0.0
0.3,0.3597074712382953,0.0,0.0
0.3,0.217026484175494,0.0,0.0
0.3,0.3832513385606012,0.0,0.0
0.3,0.3065706398767912,0.0,0.0
0.3,0.2612642805563247,0.0,0.0
0.3,0.2672496950180607,0.0,0.0
0.3,0.1679227491692677,0.0,0.0
0.3,0.1484543373492345,0.0,0.0
0.3,0.2451560302815866,0.0,0.0
0.3,0.1754968060777091,0.0,0.0
0.3,0.2381932454287988,0.0,0.0
0.3,0.2946180648217019,0.0,0.0
0.3,0.3718804148054389,0.0,0.0
0.3,0.4264541228194558,0.0,0.0
0.3,0.2413704812618895,0.0,0.0
0.3,0.2880808285362898,0.0,0.0
0.3,0.3975032597964522,0.0,0.0
0.3,0.2794433218159841,0.0,0.0
0.3,0.2064442633476764,0.0,0.0
0.3,0.4300239193669838,0.0,0.0
0.3,0.1371895452668649,0.0,0.0
0.3,0.3765475649286717,0.0,0.0
0.3,0.3504811623796802,0.0,0.0
0.3,0.1813993597249175,0.0,0.0
0.3,0.2279445550774582,0.0,0.0
0.3,0.2963860986975208,0.0,0.0
0.3,0.1811074604868896,0.0,0.0
0.3,0.299493953779184,0.0,0.0
0.3,0.3278474056436904,0.0,0.0
0.3,0.2503860772857084,0.0,0.0
0.3,0.27631854256339,0.0,0.0
0.3,0.2600988471257902,0.0,0.0
0.3,0.3158541543421659,0.0,0.0
0.3,0.2272566929864849,0.0,0.0
0.3,0.3495222630330282,0.0,0.0
0.3,0.3077173552498544,0.0,0.0
0.3,0.3074504856690669,0.0,0.0
0.3,0.2936952401298388,0.0,0.0
0.3,0.346433218462925,0.0,0.0
0.3,0.2742016019260081,0.0,0.0
0.3,0.335555281016758,0.0,0.0
0.3,0.3375225644719357,0.0,0.0
0.3,0.1853597334025616,0.0,0.0
0.3,0.3507923221358138,0.0,0.0
0.3,0.1984372781046,0.0,0.0
0.3,0.2696581040570068,0.0,0.0
0.3,0.4077832400726449,0.0,0.0
0.3,0.3001951076996796,0.0,0.0
0.3,0.2069442798626665,0.0,0.0
0.3,0.2871243470742315,0.0,0.0
0.3,0.2898515902138289,0.0,0.0
0.3,0.3585811581606976,0.0,0.0
0.3,0.328389288213527,0.0,0.0
0.3,0.2788467421638652,0.0,0.0
0.3,0.2060847732957284,0.0,0.0
0.3,0.1862172994870425,0.0,0.0
0.3,0.3044302402928805,0.0,0.0
0.3,0.2258190829989708,0.0,0.0
0.3,0.315923696434213,0.0,0.0
0.3,0.3449372478858377,0.0,0.0
0.3,0.2335293964972744,0.0,0.0
0.3,0.2119987060549906,0.0,0.0
0.3,0.368085477309395,0.0,0.0
0.3,0.3096465122761007,0.0,0.0
0.3,0.2431581409680891,0.0,1.0
0.3,0.2937914936473783,0.0,0.0
0.3,0.2109684300191779,0.0,0.0
0.3,0.3216231837033191,0.0,0.0
0.3,0.2141911307352283,0.0,1.0
0.3,0.342892144050072,0.0,0.0
0.3,0.3781789709647509,0.0,0.0
0.3,0.3381378500852287,0.0,1.0
0.3,0.2871235605885779,0.0,0.0
0.3,0.3617354573156565,0.0,0.0
0.3,0.2862212634893691,0.0,0.0
0.3,0.2795208988255117,0.0,0.0
0.3,0.2487643007697279,0.0,0.0
0.3,0.2313533807525016,0.0,0.0
0.3,0.2378363534757392,0.0,0.0
0.3,0.3410675894904101,0.0,0.0
0.3,0.3926978501793224,0.0,0.0
0.3,0.2286481844152443,0.0,0.0
0.3,0.2277719617413343,0.0,0.0
0.3,0.2237761215686385,0.0,0.0
0.3,0.4262905470566602,0.0,0.0
0.3,0.312244844083701,0.0,0.0
0.3,0.1518725259971235,0.0,0.0
0.3,0.3128892556243498,0.0,0.0
0.3,0.3877681936779071,0.0,0.0
0.3,0.4188755279911381,0.0,0.0
0.3,0.2848617765555111,0.0,0.0
0.3,0.3075316391866902,0.0,0.0
0.3,0.3579457566769556,0.0,0.0
0.3,0.298237366618773,0.0,0.0
0.3,0.4016692058266323,0.0,0.0
0.3,0.3952496134000329,0.0,0.0
0.3,0.3834555779829779,0.0,1.0
0.3,0.2945050677696295,0.0,0.0
0.3,0.2703669634584908,0.0,0.0
0.3,0.336917296584532,0.0,0.0
0.3,0.3542128291574362,0.0,0.0
0.3,0.4009410453065259,0.0,0.0
0.3,0.2798464264630551,0.0,0.0
0.3,0.3382873458875635,0.0,0.0
0.3,0.3180562983662569,0.0,0.0
0.3,0.3856652457999183,0.0,0.0
0.3,0.3903744275125849,0.0,0.0
0.3,0.3816113548640925,0.0,0.0
0.3,0.2682553276410706,0.0,0.0
0.3,0.2853983405669454,0.0,0.0
0.3,0.2737157377189818,0.0,0.0
0.3,0.35181412516846,0.0,0.0
0.3,0.3379520111622261,0.0,0.0
0.3,0.3081524573583986,0.0,0.0
0.3,0.2955130893453449,0.0,0.0
0.3,0.156451425482982,0.0,0.0
0.3,0.2401499647836228,0.0,0.0
0.3,0.2811894321671329,0.0,0.0
0.3,0.3285361132716851,0.0,0.0
0.3,0.2894454359768794,1.0,1.0
0.3,0.3207969443663376,0.0,0.0
0.3,0.238888406487423,0.0,0.0
0.3,0.2756475513309678,0.0,0.0
0.3,0.304449420408398,0.0,0.0
0.3,0.2843312036785706,0.0,1.0
0.3,0.2195716582898033,0.0,0.0
0.3,0.3241962520177275,0.0,0.0
0.3,0.2751311759349094,0.0,0.0
0.3,0.4042495006567025,0.0,0.0
0.3,0.3099243018340143,0.0,0.0
0.3,0.2072272179278234,0.0,0.0
0.3,0.3593417304136809,0.0,1.0
0.3,0.2584977345370303,0.0,0.0
0.3,0.1464574307392752,0.0,0.0
0.3,0.2718263670360396,0.0,0.0
0.3,0.2088390809734356,0.0,0.0
0.3,0.3565114089647756,0.0,0.0
0.3,0.2336043231489025,0.0,0.0
0.3,0.2795980342471315,0.0,0.0
0.3,0.1897844818835873,0.0,0.0
0.3,0.2858884837595118,0.0,0.0
0.3,0.3980769538227138,0.0,0.0
0.3,0.2121358418585077,0.0,0.0
0.3,0.3273413352094595,0.0,0.0
0.3,0.4282924174030562,0.0,0.0
0.3,0.2396405716405034,0.0,0.0
0.3,0.4529515557761018,0.0,0.0
0.3,0.2602010052188442,0.0,0.0
0.3,0.2526971972095369,0.0,0.0
0.3,0.2664006257330705,0.0,0.0
0.3,0.4232437627134557,0.0,0.0
0.3,0.2564855120735292,0.0,0.0
0.3,0.364241094644395,0.0,0.0
0.3,0.3000444877437884,0.0,0.0
0.3,0.2540584812057401,0.0,0.0
0.3,0.3843171258352465,0.0,0.0
0.3,0.2207389555354719,0.0,0.0
0.3,0.3069142610316137,0.0,0.0
0.3,0.3318254634783979,0.0,0.0
0.3,0.1776265694377745,0.0,0.0
0.3,0.2444245492057922,0.0,0.0
0.3,0.2193438641257505,0.0,0.0
0.3,0.3440872807376125,0.0,0.0
0.3,0.2825985207187984,0.0,0.0
0.3,0.3604738657143091,0.0,0.0
0.3,0.2839931306680717,0.0,0.0
0.3,0.230315791981461,0.0,0.0
0.3,0.1644928687214184,0.0,0.0
0.3,0.4269785915910524,0.0,0.0
0.3,0.3434314702565293,0.0,0.0
0.3,0.158304946753113,0.0,0.0
0.3,0.2344646102226588,0.0,1.0
0.3,0.3127520946088439,0.0,0.0
0.3,0.2358934548419071,0.0,0.0
0.3,0.3366270246185328,0.0,0.0
0.3,0.1778415633443784,0.0,0.0
0.3,0.3105738950652539,0.0,0.0
0.3,0.2324078722762627,0.0,0.0
0.3,0.2040980249398488,0.0,0.0
0.3,0.3437249323473609,0.0,0.0
0.3,0.2698497061355551,0.0,0.0
0.3,0.3041058427590048,0.0,0.0
0.3,0.3443384940487768,0.0,0.0
0.3,0.330556223661211,0.0,0.0
0.3,0.3681522075117949,0.0,0.0
0.3,0.3124146048758658,0.0,0.0
0.3,0.2721759149469834,0.0,0.0
0.3,0.4357909346791296,0.0,0.0
0.3,0.2073455352558714,0.0,0.0
0.3,0.2636897256496672,0.0,0.0
0.3,0.2300485388890589,0.0,0.0
0.3,0.3887742250446268,0.0,0.0
0.3,0.3705127204993537,0.0,0.0
0.3,0.3558847193003405,0.0,0.0
0.3,0.2721765459574601,0.0,0.0
0.3,0.3923195690607671,0.0,0.0
0.3,0.1677102054447401,0.0,0.0
0.3,0.3037940506271068,0.0,0.0
0.3,0.3576180566708098,0.0,0.0
0.3,0.3527794038445965,0.0,0.0
0.3,0.2320858002909262,0.0,0.0
0.3,0.3074590650753388,0.0,0.0
0.3,0.4403839732169756,0.0,1.0
0.3,0.2838573683160739,0.0,0.0
0.3,0.1906740446518505,0.0,1.0
0.3,0.3090190197931361,0.0,0.0
0.3,0.2911375123582853,0.0,0.0
0.3,0.2407331468682301,0.0,0.0
0.3,0.2999666032216754,0.0,0.0
0.3,0.2488911955841062,0.0,0.0
0.3,0.2353791883169582,0.0,0.0
0.3,0.2382966182356948,0.0,0.0
0.3,0.2895900257407129,0.0,0.0
0.3,0.2880291645454406,0.0,0.0
0.3,0.3765497334801958,0.0,0.0
0.3,0.3581424465045699,0.0,0.0
0.3,0.1867337253108463,0.0,0.0
0.3,0.2851324441408752,0.0,0.0
0.3,0.2472811000795501,0.0,0.0
0.3,0.2725135597800435,0.0,0.0
0.3,0.2369663840734807,0.0,0.0
0.3,0.2922872750241655,0.0,0.0
0.3,0.1937717806907902,0.0,0.0
0.3,0.3410025370049444,0.0,0.0
0.3,0.2376487503910605,0.0,0.0
0.3,0.2782917604650222,0.0,0.0
0.3,0.3200430625863105,0.0,0.0
0.3,0.2757204009148148,0.0,0.0
0.3,0.2509184548160934,0.0,0.0
0.3,0.3293189450810777,0.0,0.0
0.3,0.3972875796104403,0.0,0.0
0.3,0.3279097969094606,0.0,0.0
0.3,0.2656633953859102,0.0,0.0
0.3,0.2841056056159106,0.0,0.0
0.3,0.3382013355781027,0.0,0.0
0.3,0.2362916686548875,0.0,0.0
0.3,0.352487174462178,0.0,0.0
0.3,0.4190875286827615,0.0,0.0
0.3,0.2090425588401445,0.0,0.0
0.3,0.3731651419424376,0.0,0.0
0.3,0.3388820148770128,0.0,0.0
0.3,0.2861242904012669,0.0,1.0
0.3,0.2881985500606662,0.0,0.0
0.3,0.2244539160369368,0.0,0.0
0.3,0.2844565493108966,0.0,0.0
0.3,0.2243036082163749,0.0,0.0
0.3,0.3281709920816607,0.0,0.0
0.3,0.3491783884321393,0.0,1.0
0.3,0.2787818769421298,0.0,1.0
0.3,0.3349273796445352,0.0,0.0
0.3,0.2424318543279285,0.0,0.0
0.3,0.392993347081705,0.0,0.0
0.3,0.3498131521082155,0.0,1.0
0.3,0.3124137108531998,0.0,0.0
0.3,0.2347934768670725,0.0,0.0
0.3,0.2599322045728358,0.0,0.0
0.3,0.3708507786370202,0.0,0.0
0.3,0.2388232499576395,0.0,0.0
0.3,0.3044523444858587,0.0,0.0
0.3,0.1296086960777553,0.0,0.0
0.3,0.3293881238814572,0.0,0.0
0.3,0.3214280522639923,0.0,0.0
0.3,0.2387408400996869,0.0,0.0
0.3,0.1526182364988674,0.0,0.0
0.3,0.1204399906836864,0.0,0.0
0.3,0.3392904554397615,0.0,0.0
0.3,0.2885830900833198,0.0,0.0
0.3,0.3383657174978941,0.0,0.0
0.3,0.2399390084372457,0.0,1.0
0.3,0.2627606293499513,0.0,0.0
0.3,0.2010323629703264,0.0,0.0
0.3,0.2910765175332518,0.0,0.0
0.3,0.2947487590637417,0.0,0.0
0.3,0.2794507329169455,0.0,0.0
0.3,0.3603737718324345,0.0,0.0
0.3,0.3771462420871522,0.0,0.0
0.3,0.361995598948599,0.0,0.0
0.3,0.1606993049296606,0.0,0.0
0.3,0.262800893496425,0.0,0.0
0.3,0.3435495016742111,0.0,0.0
0.3,0.2421990733446216,0.0,0.0
0.3,0.2273269972193627,0.0,0.0
0.3,0.2805526278927819,0.0,0.0
0.3,0.286975252492965,0.0,0.0
0.3,0.2397959535493512,0.0,0.0
0.3,0.2723066926111222,0.0,0.0
0.3,0.2672444224085696,0.0,0.0
0.3,0.2839227689989825,0.0,0.0
0.3,0.2791374510883555,0.0,0.0
0.3,0.3992053739590742,0.0,0.0
0.3,0.2900737302360176,0.0,0.0
0.3,0.3913474947405221,0.0,0.0
0.3,0.2607728453853274,0.0,0.0
0.3,0.3020295500130405,0.0,0.0
0.3,0.314316110145984,0.0,0.0
0.3,0.2105793866968383,0.0,0.0
0.3,0.3062685943688444,0.0,0.0
0.3,0.1446551780587048,0.0,0.0
0.3,0.2382156488103425,0.0,0.0
0.3,0.1625966013607823,0.0,0.0
0.3,0.3791727128289246,0.0,0.0
0.3,0.3486028236251448,0.0,0.0
0.3,0.3303598184026501,0.0,0.0
0.3,0.2273355231966711,0.0,0.0
0.3,0.337687689072159,0.0,0.0
0.3,0.3044545242851614,0.0,0.0
0.3,0.2749606826868029,0.0,0.0
0.3,0.2161347871730043,0.0,0.0
0.3,0.3896580479018779,0.0,0.0
0.3,0.3622901622814419,0.0,0.0
0.3,0.2548490535856544,0.0,0.0
0.3,0.2843936084625533,0.0,0.0
0.3,0.3681002658803072,0.0,0.0
0.3,0.2559543623816089,0.0,0.0
0.3,0.3722753141481665,0.0,1.0
0.3,0.263860440111378,0.0,0.0
0.3,0.3112710791156023,0.0,0.0
0.3,0.2238122138657677,0.0,0.0
0.3,0.3252775858568717,0.0,0.0
0.3,0.3355224534140638,0.0,0.0
0.3,0.2216708088567403,0.0,0.0
0.3,0.2903701348750215,0.0,0.0
0.3,0.3402300804834425,0.0,0.0
0.3,0.2597536570216022,0.0,0.0
0.3,0.2996299970473361,0.0,0.0
0.3,0.3292994506142058,0.0,0.0
0.3,0.2670763655241854,0.0,0.0
0.3,0.256743646940064,0.0,0.0
0.3,0.3283688080757187,0.0,0.0
0.3,0.1509033371493239,0.0,0.0
0.3,0.2187639351032484,0.0,0.0
0.3,0.3740864646407162,0.0,0.0
0.3,0.3330005781525686,0.0,0.0
0.3,0.4351862857793091,0.0,0.0
0.3,0.3394643605741321,0.0,0.0
0.3,0.3488269780814778,0.0,0.0
0.3,0.4154799027827447,0.0,1.0
0.3,0.2577499777336788,0.0,0.0
0.3,0.2424638107031633,0.0,0.0
0.3,0.3035567367660319,0.0,0.0
0.3,0.2180902982519169,0.0,0.0
0.3,0.1637270128218555,0.0,0.0
0.3,0.3655490282685358,0.0,0.0
0.3,0.1673327693958647,0.0,0.0
0.3,0.3015960782884377,0.0,0.0
0.3,0.2410019620297394,0.0,0.0
0.3,0.3097196971191486,0.0,0.0
0.3,0.340920451844984,0.0,0.0
0.3,0.3158582580430013,0.0,0.0
0.3,0.2955806200717848,0.0,0.0
0.3,0.3160411233959168,0.0,0.0
0.3,0.2087405133924541,0.0,0.0
0.3,0.2479209764991149,0.0,1.0
0.3,0.2223188131010622,0.0,0.0
0.3,0.2788129100727146,0.0,0.0
0.3,0.4064333750720587,0.0,0.0
0.3,0.3618231665837521,0.0,0.0
0.3,0.3153094538346315,0.0,0.0
0.3,0.329051176199932,0.0,0.0
0.3,0.3410144604533111,0.0,0.0
0.3,0.3421887220649492,0.0,0.0
0.3,0.3319965183772331,0.0,0.0
0.3,0.2909210893641946,0.0,0.0
0.3,0.3551582595281545,0.0,0.0
0.3,0.2674571714432396,0.0,0.0
0.3,0.3188790147350491,0.0,1.0
0.3,0.2515350537734002,0.0,0.0
0.3,0.2463885466908781,0.0,0.0
0.3,0.2699305571675368,0.0,0.0
0.3,0.3927242900594054,0.0,0.0
0.3,0.2904601681895087,0.0,0.0
0.3,0.2297528814052437,0.0,0.0
0.3,0.3208179329409595,0.0,0.0
0.3,0.3787824771595161,0.0,0.0
0.3,0.1826480851516869,0.0,0.0
0.3,0.3680246802284928,0.0,0.0
0.3,0.309035000217675,0.0,0.0
0.3,0.2697157448554653,0.0,0.0
0.3,0.2793434968281192,0.0,0.0
0.3,0.326307675812321,0.0,0.0
0.3,0.2877059682852735,0.0,1.0
0.3,0.3178768234662265,0.0,0.0
0.3,0.3294074881779542,0.0,0.0
0.3,0.3181543590605368,0.0,0.0
0.3,0.3601037275599363,0.0,0.0
0.3,0.3646287768722172,0.0,0.0
0.3,0.304305281572603,0.0,0.0
0.3,0.3888788638635753,0.0,0.0
0.3,0.2966090775704547,0.0,0.0
0.3,0.3505183521186584,0.0,0.0
0.3,0.3567736863896957,0.0,0.0
0.3,0.270063701850592,0.0,0.0
0.3,0.1899549857831773,0.0,0.0
0.3,0.1514807560216853,0.0,0.0
0.3,0.3448254976925878,0.0,0.0
0.3,0.3022059823885745,0.0,0.0
0.3,0.2143154016796438,0.0,0.0
0.3,0.2832045343058139,0.0,0.0
0.3,0.4452465108509588,0.0,0.0
0.3,0.2650534134588665,0.0,0.0
0.3,0.3981626187346821,0.0,0.0
0.3,0.3469263346304529,0.0,0.0
0.3,0.2294792632321566,0.0,0.0
0.3,0.4330235534488413,0.0,0.0
0.3,0.2516987115653143,0.0,0.0
0.3,0.1223218772820196,0.0,0.0
0.3,0.3157466097341757,0.0,0.0
0.3,0.3846620579378509,0.0,0.0
0.3,0.1848095275089565,0.0,0.0
0.3,0.321682619775082,0.0,0.0
0.3,0.3342377632804034,0.0,0.0
0.3,0.2397558017384604,0.0,0.0
0.3,0.2735982198950872,0.0,0.0
0.3,0.2494151845088415,0.0,0.0
0.3,0.2498230753078327,0.0,0.0
0.3,0.2168057937482569,0.0,0.0
0.3,0.4217210557589416,0.0,0.0
0.3,0.249277767490755,0.0,0.0
0.3,0.3048544667846637,0.0,0.0
0.3,0.2907352635175597,0.0,0.0
0.3,0.2958611399271147,0.0,0.0
0.3,0.3449464078374015,0.0,0.0
0.3,0.3606278059118428,0.0,0.0
0.3,0.4293343698992032,0.0,0.0
0.3,0.3138534151455149,0.0,0.0
0.3,0.2816515276431631,0.0,0.0
0.3,0.4035857448969382,0.0,0.0
0.3,0.3009263710314488,0.0,0.0
0.3,0.3403223587938099,0.0,0.0
0.3,0.4283837010375121,0.0,0.0
0.3,0.2921164997100173,0.0,0.0
0.3,0.352642067340556,0.0,0.0
0.3,0.1233340158276117,0.0,0.0
0.3,0.2658953767233488,0.0,0.0
0.3,0.3575630953823598,0.0,0.0
0.3,0.3874104112362336,0.0,0.0
0.3,0.302436377629617,0.0,0.0
0.3,0.2991719895047387,0.0,0.0
0.3,0.311534944672488,0.0,0.0
0.3,0.4047703710058487,0.0,0.0
0.3,0.3621871558762539,0.0,0.0
0.3,0.2351992748521335,0.0,0.0
0.3,0.2084385365851854,0.0,0.0
0.3,0.3740673388025998,0.0,0.0
0.3,0.2011841676459341,0.0,0.0
0.3,0.3170454385702448,0.0,0.0
0.3,0.0830772677672752,0.0,0.0
0.3,0.2370213259966942,0.0,0.0
0.3,0.339003640164619,0.0,0.0
0.3,0.3256431528402232,0.0,0.0
0.3,0.3317834181463381,0.0,0.0
0.3,0.3269522886018818,0.0,0.0
0.3,0.2530736032392389,0.0,0.0
0.3,0.3294137098293345,0.0,0.0
0.3,0.322348504961096,0.0,0.0
0.3,0.2397351096962212,0.0,0.0
0.3,0.2848060830209532,0.0,0.0
0.3,0.1244157001812448,0.0,0.0
0.3,0.2713082655282463,0.0,0.0
0.3,0.2150263218987609,0.0,0.0
0.3,0.1395744237007431,0.0,0.0
0.3,0.2337840751531354,0.0,0.0
0.3,0.266495031548664,0.0,0.0
0.3,0.3223850599098649,0.0,0.0
0.3,0.3542942641083009,0.0,0.0
0.3,0.3561038828167459,0.0,0.0
0.3,0.3069491136378461,0.0,0.0
0.3,0.2933565931913897,0.0,0.0
0.3,0.1452576880901611,0.0,0.0
0.3,0.3492247527727193,0.0,0.0
0.3,0.2691321941846257,0.0,0.0
0.3,0.2607542929001768,0.0,0.0
0.3,0.276902711999159,0.0,0.0
0.3,0.1642605501393055,0.0,0.0
0.3,0.2702931829220999,0.0,0.0
0.3,0.2865596068589206,0.0,0.0
0.3,0.2069891622913398,0.0,0.0
0.3,0.2638843235420632,0.0,0.0
0.3,0.4017768432038829,0.0,0.0
0.3,0.2532509556168335,0.0,0.0
0.3,0.2931737157349447,0.0,1.0
0.3,0.2343380627613391,0.0,0.0
0.3,0.2689019234803759,0.0,0.0
0.3,0.2600837841606186,0.0,0.0
0.3,0.2629175779988777,0.0,0.0
0.3,0.286782680695475,0.0,0.0
0.3,0.1568848701840456,0.0,0.0
0.3,0.2429412851329331,0.0,0.0
0.3,0.3419924516367455,0.0,0.0
0.3,0.3326370324959846,0.0,0.0
0.3,0.2559562360765192,0.0,0.0
0.3,0.322160713906984,0.0,1.0
0.3,0.2810920663246426,0.0,0.0
0.3,0.3236380634687135,0.0,0.0
0.3,0.2410246725703842,0.0,0.0
0.3,0.345163841774447,0.0,0.0
0.3,0.2918782545168711,0.0,1.0
0.3,0.3289979725258477,0.0,0.0
0.3,0.3564435572874404,0.0,0.0
0.3,0.3425825061516039,0.0,0.0
0.3,0.2110479842783768,0.0,0.0
0.3,0.3447670020287174,0.0,0.0
0.3,0.3288504915778182,0.0,0.0
0.3,0.2724537589418551,0.0,0.0
0.3,0.2174240383841989,0.0,0.0
0.3,0.3508092970626525,0.0,0.0
0.3,0.2700487737498582,0.0,0.0
0.3,0.2132467722642454,0.0,0.0
0.3,0.2559101866786601,0.0,0.0
0.3,0.184328951623587,0.0,0.0
0.3,0.2072480280495858,0.0,0.0
0.3,0.1598451173623145,0.0,0.0
0.3,0.3112077009787662,0.0,0.0
0.3,0.3309161447228094,0.0,0.0
0.3,0.2764548105403113,0.0,0.0
0.3,0.3036697770413792,0.0,0.0
0.3,0.2765172852261769,0.0,0.0
0.3,0.2382226854974912,0.0,0.0
0.3,0.2685669994323828,0.0,0.0
0.3,0.3686750336924447,0.0,0.0
0.3,0.2960497398641376,0.0,0.0
0.3,0.2657809879213249,0.0,0.0
0.3,0.3461520747860848,0.0,0.0
0.3,0.2266452506768456,0.0,0.0
0.3,0.289163037340891,0.0,0.0
0.3,0.317940832558285,0.0,0.0
0.3,0.3658866390225217,0.0,0.0
0.3,0.2805982369997934,0.0,0.0
0.3,0.30932166700275,0.0,0.0
0.3,0.2783332976264889,0.0,1.0
0.3,0.3521853711983214,0.0,0.0
0.3,0.4010566351116192,0.0,0.0
0.3,0.1532311991986454,0.0,1.0
0.3,0.3888433476387653,0.0,0.0
0.3,0.3449396180387495,0.0,0.0
0.3,0.2578118214231125,0.0,0.0
0.3,0.3126589798845418,0.0,0.0
0.3,0.4031027657080518,0.0,0.0
0.3,0.2858362911602884,0.0,0.0
0.3,0.4012221612421108,0.0,0.0
0.3,0.2384888916278463,0.0,0.0
0.3,0.2637331314474306,0.0,0.0
0.3,0.3176000510161536,0.0,0.0
0.3,0.2836417017416616,0.0,0.0
0.3,0.3464837794372413,0.0,0.0
0.3,0.253535955962933,0.0,0.0
0.3,0.3581538461883744,0.0,0.0
0.3,0.3371109623271071,0.0,0.0
0.3,0.240841469709517,0.0,0.0
0.3,0.2949843718742568,0.0,0.0
0.3,0.3268678015924762,0.0,0.0
0.3,0.2915515747549551,0.0,0.0
0.3,0.3875743390754175,0.0,0.0
0.3,0.3206899967106369,0.0,0.0
0.3,0.3755692552127777,0.0,0.0
0.3,0.4480369359143136,0.0,0.0
0.3,0.3332529109099562,0.0,0.0
0.3,0.1927161038571435,0.0,0.0
0.3,0.3623162562898002,0.0,0.0
0.3,0.2767381408297432,0.0,0.0
0.3,0.1326779756281012,0.0,0.0
0.3,0.2886554776569964,0.0,0.0
0.3,0.2594073297776876,0.0,0.0
0.3,0.3710251056103061,0.0,0.0
0.3,0.2436266347025218,0.0,0.0
0.3,0.2455115706347784,0.0,0.0
0.3,0.2577344567880221,0.0,0.0
0.3,0.2721183369941521,0.0,1.0
0.3,0.0526459780803309,0.0,0.0
0.3,0.2885624594754812,0.0,0.0
0.3,0.2731196962448896,0.0,0.0
0.3,0.2132559708403995,0.0,0.0
0.3,0.3798347633128459,0.0,0.0
0.3,0.3248059503503371,0.0,0.0
0.3,0.3743081681913629,0.0,0.0
0.3,0.2821516089484852,0.0,0.0
0.3,0.3674804205949883,0.0,0.0
0.3,0.3941005695070644,0.0,0.0
0.3,0.1929906156705957,0.0,0.0
0.3,0.3922799433262651,0.0,0.0
0.3,0.3989658411886523,0.0,0.0
0.3,0.2557334214853847,0.0,0.0
0.3,0.3509347419202789,0.0,0.0
0.3,0.3247157702380229,0.0,0.0
0.3,0.3677970053489075,0.0,0.0
0.3,0.2419107930707804,0.0,0.0
0.3,0.2197109357074879,0.0,0.0
0.3,0.3216389683831547,0.0,0.0
0.3,0.3644672082156981,0.0,0.0
0.3,0.3186618536373072,0.0,0.0
0.3,0.3577593844364139,0.0,0.0
0.3,0.1402357644390256,0.0,0.0
0.3,0.2605679982704471,0.0,0.0
0.3,0.2428857312292162,0.0,0.0
0.3,0.3416113110928732,0.0,0.0
0.3,0.2869739649949733,0.0,0.0
0.3,0.2071100309192246,0.0,0.0
0.3,0.2232214267997151,0.0,0.0
0.3,0.3933431190797554,0.0,0.0
0.3,0.2051808102730058,0.0,1.0
0.3,0.3574824753843,0.0,0.0
0.3,0.3247553753515963,0.0,0.0
0.3,0.2498978999557222,0.0,0.0
0.3,0.3544006225756465,0.0,0.0
0.3,0.2194299340009871,0.0,0.0
0.3,0.2143929030051768,0.0,0.0
0.3,0.2509606415056705,0.0,0.0
0.3,0.2667836501120471,0.0,0.0
0.3,0.2801642231124764,0.0,0.0
0.3,0.1538814242237864,0.0,0.0
0.3,0.2841317593545784,0.0,0.0
0.3,0.2949200755775802,0.0,0.0
0.3,0.2874736888313297,0.0,0.0
0.3,0.3309219404786129,0.0,0.0
0.3,0.3075373975510714,0.0,0.0
0.3,0.4108309139397228,0.0,1.0
0.3,0.2219449744908444,0.0,0.0
0.3,0.2572011042844972,0.0,0.0
0.3,0.2742164446698513,0.0,0.0
0.3,0.3719342467007753,0.0,0.0
0.3,0.3379816286568125,0.0,0.0
0.3,0.3049519669464097,0.0,0.0
0.3,0.1418276731278172,0.0,0.0
0.3,0.3939788565467823,0.0,0.0
0.3,0.2652617384828023,0.0,0.0
0.3,0.1951114739852348,0.0,0.0
0.3,0.3475314006680366,0.0,0.0
0.3,0.346853411498678,0.0,0.0
0.3,0.1991966413565534,0.0,0.0
0.3,0.2960075431372241,0.0,0.0
0.3,0.2154477392545251,0.0,0.0
0.3,0.1219667294182632,0.0,0.0
0.3,0.361411390349114,0.0,0.0
0.3,0.2546150238846805,0.0,0.0
0.3,0.3519288864066276,0.0,0.0
0.3,0.2870412939854153,0.0,0.0
0.3,0.370860672546255,0.0,0.0
0.3,0.3708593784383158,0.0,0.0
0.3,0.151715965588117,0.0,0.0
0.3,0.2867778961815354,0.0,0.0
0.3,0.3103169624533631,0.0,0.0
0.3,0.3008600530389453,0.0,0.0
0.3,0.2462459907654969,0.0,0.0
0.3,0.285679788089104,0.0,0.0
0.3,0.270963421723294,0.0,0.0
0.3,0.3212525974806333,0.0,0.0
0.3,0.3565450015065555,0.0,0.0
0.3,0.1929578593513288,0.0,0.0
0.3,0.2481470845015607,0.0,1.0
0.3,0.2397614673608735,0.0,0.0
0.3,0.2917514116406389,0.0,0.0
0.3,0.2956601596705178,0.0,1.0
0.3,0.2395506293170334,0.0,0.0
0.3,0.2799627305990675,0.0,0.0
0.3,0.3011510000224723,0.0,0.0
0.3,0.2755940854910736,0.0,0.0
0.3,0.2205761064952292,0.0,0.0
0.3,0.2859935321581037,0.0,0.0
0.3,0.2497980448858217,0.0,0.0
0.3,0.2464311641029724,0.0,0.0
0.3,0.3675720059032449,0.0,0.0
0.3,0.4230307071114872,0.0,0.0
0.3,0.2504198168664363,0.0,0.0
0.3,0.3401067360091575,0.0,0.0
0.3,0.2410654955748531,0.0,0.0
0.3,0.2772708628796121,0.0,0.0
0.3,0.345504340780673,0.0,0.0
0.3,0.2469868320232158,0.0,0.0
0.3,0.2679769908040512,0.0,0.0
0.3,0.3322871908322806,0.0,0.0
0.3,0.2813236284004065,0.0,0.0
0.3,0.1940652299531697,0.0,0.0
0.3,0.3194917985362241,0.0,1.0
0.3,0.2917526080651464,0.0,0.0
0.3,0.3532376648243344,0.0,0.0
0.3,0.3899417922621806,0.0,0.0
0.3,0.3473253376891179,0.0,0.0
0.3,0.2476153021204258,0.0,0.0
0.3,0.2695723550798,0.0,0.0
0.3,0.2126196386860377,0.0,0.0
0.3,0.2561453202331532,0.0,0.0
0.3,0.256005761401778,0.0,0.0
0.3,0.3604886299742005,0.0,0.0
0.3,0.3711546827325952,0.0,0.0
0.3,0.2211428059305893,0.0,0.0
0.3,0.2896703824424987,0.0,0.0
0.3,0.3162993935437357,0.0,0.0
0.3,0.2367198114041656,0.0,0.0
0.3,0.2960457253757375,0.0,0.0
0.3,0.2454877322821303,0.0,0.0
0.3,0.2424951488123592,0.0,0.0
0.3,0.217092131814462,0.0,0.0
0.3,0.329656748304804,0.0,0.0
0.3,0.2976505819282699,0.0,0.0
0.3,0.3186091206669644,0.0,1.0
0.3,0.3374831985899126,0.0,0.0
0.3,0.3140040082948329,0.0,1.0
0.3,0.3000286422033169,0.0,0.0
0.3,0.3785692693669245,0.0,0.0
0.3,0.3451693464544323,0.0,0.0
0.3,0.2671747431570034,0.0,0.0
0.3,0.2733196394408773,0.0,0.0
0.3,0.2852773738488722,0.0,0.0
0.3,0.2736374406021106,0.0,0.0
0.3,0.2943861829308785,0.0,0.0
0.3,0.3339287475617539,0.0,0.0
0.3,0.3374856258310598,0.0,0.0
0.3,0.290889215747119,0.0,0.0
0.3,0.2676683320912843,0.0,0.0
0.3,0.2711932757320897,0.0,0.0
0.3,0.2974834131416795,0.0,0.0
0.3,0.3518678255774732,0.0,0.0
0.3,0.227916856955672,0.0,0.0
0.3,0.2805968990111846,0.0,0.0
0.3,0.2285788240312331,0.0,0.0
0.3,0.2445733733148352,0.0,1.0
0.3,0.1909633847986105,0.0,0.0
0.3,0.2730721043385694,0.0,0.0
0.3,0.2415871122040938,0.0,0.0
0.3,0.2992317537418485,0.0,0.0
0.3,0.3652506392634378,0.0,0.0
0.3,0.1881935847440091,0.0,0.0
0.3,0.240850276924999,0.0,0.0
0.3,0.2533142458949854,0.0,0.0
0.3,0.3448634839760181,0.0,0.0
0.3,0.3943553100578175,0.0,0.0
0.3,0.1718007818514796,0.0,0.0
0.3,0.2973308640506783,0.0,0.0
0.3,0.3375745040556002,0.0,0.0
0.3,0.1457297088817195,0.0,0.0
0.3,0.3442843019765589,0.0,0.0
0.3,0.1941908460768929,0.0,0.0
0.3,0.258559541592781,0.0,0.0
0.3,0.3967666157376322,0.0,0.0
0.3,0.3558506886527647,0.0,0.0
0.3,0.3763066417780802,0.0,0.0
0.3,0.3014712203826132,0.0,0.0
0.3,0.2976684888031836,0.0,0.0
0.3,0.3341943413620664,0.0,0.0
0.3,0.2428153073755065,0.0,0.0
0.3,0.232998485300386,0.0,0.0
0.3,0.3796235231926942,0.0,0.0
0.3,0.2343084911999805,0.0,0.0
0.3,0.2777413435537705,0.0,0.0
0.3,0.2778143387743806,0.0,0.0
0.3,0.3036655375945184,0.0,0.0
0.3,0.2788535212580791,0.0,0.0
0.3,0.2671054212631093,0.0,0.0
0.3,0.3289022805768522,0.0,1.0
0.3,0.3876057620347651,0.0,0.0
0.3,0.355362870430673,0.0,0.0
0.3,0.2610248229669904,0.0,0.0
0.3,0.2895298850272372,0.0,0.0
0.3,0.2662674026450449,0.0,0.0
0.3,0.3597692518069423,0.0,1.0
0.3,0.2400550547294095,0.0,0.0
0.3,0.2413195545087362,0.0,0.0
0.3,0.256842209390643,0.0,0.0
0.3,0.3118711889797727,0.0,0.0
0.3,0.2839674129362275,0.0,0.0
0.3,0.2426256683738352,0.0,0.0
0.3,0.3602363381507442,0.0,0.0
0.3,0.1840719115854088,0.0,0.0
0.3,0.2572811374550047,0.0,0.0
0.3,0.3602481332740186,0.0,0.0
0.3,0.2929883583427976,0.0,0.0
0.3,0.3492579987834334,0.0,0.0
0.3,0.2760464686547972,0.0,0.0
0.3,0.24045670541666,0.0,0.0
0.3,0.2399537610241469,0.0,0.0
0.3,0.3527233587199657,0.0,0.0
0.3,0.3452443243165253,0.0,0.0
0.3,0.2136637272295643,0.0,0.0
0.3,0.3761836331745508,0.0,0.0
0.3,0.2564159103440368,0.0,0.0
0.3,0.2430474873770072,0.0,0.0
0.3,0.2663904560799838,0.0,0.0
0.3,0.2983725579916408,0.0,0.0
0.3,0.3429070100327271,0.0,0.0
0.3,0.2497768357196688,0.0,0.0
0.3,0.3697608220129772,0.0,0.0
0.3,0.2296265403079254,0.0,0.0
0.3,0.3459464949458105,0.0,0.0
0.3,0.2683520367462573,0.0,0.0
0.3,0.1650507553548815,0.0,0.0
0.3,0.2870135949087198,0.0,0.0
0.3,0.2551762962912208,0.0,0.0
0.3,0.1976408440660555,0.0,0.0
0.3,0.3422478102487118,0.0,0.0
0.3,0.2930252991706311,0.0,0.0
0.3,0.2299990568806676,0.0,0.0
0.3,0.4152943960177265,0.0,0.0
0.3,0.3074149681609321,0.0,1.0
0.3,0.1794776324628956,0.0,0.0
0.3,0.3858135552755661,0.0,0.0
0.3,0.3048315038867912,0.0,0.0
0.3,0.2720253388265334,0.0,0.0
0.3,0.2361712600993875,0.0,0.0
0.3,0.2519667320961337,0.0,0.0
0.3,0.344692545431615,0.0,0.0
0.3,0.3009764576257256,0.0,0.0
0.3,0.1914100870371494,0.0,0.0
0.3,0.393711408475954,0.0,0.0
0.3,0.2909280036297264,0.0,0.0
0.3,0.3309127865728282,0.0,0.0
0.3,0.2589118580154743,0.0,0.0
0.3,0.3453654957699592,0.0,0.0
0.3,0.32793841794516,0.0,0.0
0.3,0.2781735041817586,0.0,0.0
0.5,0.4244903463040085,0.0,0.0
0.5,0.3775851376610716,0.0,0.0
0.5,0.495518195523169,0.0,0.0
0.5,0.4054736240245433,0.0,0.0
0.5,0.6491566241481459,0.0,0.0
0.5,0.507098131624206,0.0,0.0
0.5,0.3824900652434791,0.0,0.0
0.5,0.5172407905280882,0.0,0.0
0.5,0.4924645154814848,0.0,0.0
0.5,0.4332545242232368,0.0,0.0
0.5,0.4922934096661787,0.0,0.0
0.5,0.4846937642651043,0.0,0.0
0.5,0.5309918316741642,0.0,0.0
0.5,0.45828752069821,0.0,0.0
0.5,0.5286951148968329,0.0,0.0
0.5,0.5190203435739266,0.0,0.0
0.5,0.4996809805277439,0.0,0.0
0.5,0.4790501977488809,0.0,0.0
0.5,0.5180822437982222,0.0,0.0
0.5,0.5748475103607414,0.0,0.0
0.5,0.5950115564637094,0.0,0.0
0.5,0.4800759954860277,0.0,0.0
0.5,0.5029784809119016,0.0,0.0
0.5,0.5075537093437335,0.0,0.0
0.5,0.433818269506717,0.0,0.0
0.5,0.4969957967149898,0.0,0.0
0.5,0.4919804336541764,0.0,0.0
0.5,0.5988388743969144,0.0,0.0
0.5,0.4381300395158629,0.0,0.0
0.5,0.4586167810386485,0.0,0.0
0.5,0.4045157770168775,0.0,0.0
0.5,0.5216824768852052,0.0,0.0
0.5,0.5541091727862788,0.0,0.0
0.5,0.5809593345556451,0.0,0.0
0.5,0.5602035671383525,0.0,0.0
0.5,0.5070205735656267,0.0,0.0
0.5,0.4526154941499299,0.0,0.0
0.5,0.5368276953686888,0.0,0.0
0.5,0.4731993679841127,0.0,0.0
0.5,0.4986188285444214,0.0,0.0
0.5,0.5797378698398106,0.0,0.0
0.5,0.5146566556796289,0.0,1.0
0.5,0.5462087988048326,0.0,0.0
0.5,0.3614487756942265,0.0,0.0
0.5,0.6172858216920352,0.0,0.0
0.5,0.5136071709362705,0.0,0.0
0.5,0.5335829969441034,0.0,0.0
0.5,0.4164895790457799,0.0,0.0
0.5,0.4290418113179586,0.0,0.0
0.5,0.4110613208454586,0.0,0.0
0.5,0.4239975297811466,0.0,0.0
0.5,0.4913680695310716,0.0,0.0
0.5,0.5032265980278386,0.0,0.0
0.5,0.5183537455057168,0.0,0.0
0.5,0.5781248714280552,0.0,0.0
0.5,0.4525489158244934,0.0,0.0
0.5,0.4838284954207483,0.0,0.0
0.5,0.2970172539835121,0.0,0.0
0.5,0.4710678197167565,0.0,1.0
0.5,0.5074455111262137,0.0,0.0
0.5,0.3959602422515854,0.0,0.0
0.5,0.5371869561853433,0.0,0.0
0.5,0.4976247583658794,0.0,0.0
0.5,0.4542621305104644,0.0,0.0
0.5,0.4562541044385386,0.0,0.0
0.5,0.3811118914150351,0.0,1.0
0.5,0.5437186353354122,0.0,0.0
0.5,0.4716781694695719,0.0,0.0
0.5,0.4783809914630968,0.0,0.0
0.5,0.4279123416179032,0.0,0.0
0.5,0.461948497929212,0.0,0.0
0.5,0.5049547753715998,0.0,0.0
0.5,0.4603930849692202,0.0,0.0
0.5,0.4777178216887132,0.0,0.0
0.5,0.4312704695967594,0.0,0.0
0.5,0.3972963954978303,0.0,0.0
0.5,0.4351650496945571,0.0,0.0
0.5,0.4507436778562268,0.0,0.0
0.5,0.5195953505178859,0.0,0.0
0.5,0.4812246467944154,0.0,0.0
0.5,0.4780254675468996,0.0,0.0
0.5,0.6516104314807034,0.0,0.0
0.5,0.5981713909078324,0.0,0.0
0.5,0.5410020697033885,0.0,0.0
0.5,0.4053252881089027,0.0,0.0
0.5,0.5943648221814597,0.0,0.0
0.5,0.4046925964842041,0.0,0.0
0.5,0.4619680944146576,0.0,0.0
0.5,0.5793186980645292,0.0,0.0
0.5,0.4023098385176202,0.0,0.0
0.5,0.4197249071480404,0.0,0.0
0.5,0.5039853336096484,0.0,0.0
0.5,0.4397785879092635,0.0,0.0
0.5,0.4754258566425839,0.0,0.0
0.5,0.5318376361130394,0.0,0.0
0.5,0.5172344578335645,0.0,0.0
0.5,0.5011271858077412,0.0,0.0
0.5,0.515786252796569,0.0,0.0
0.5,0.595001577214499,0.0,0.0
0.5,0.5004570370355828,0.0,0.0
0.5,0.5482839865046865,0.0,0.0
0.5,0.457922462662975,0.0,0.0
0.5,0.4959818387062498,0.0,0.0
0.5,0.4730633074335884,0.0,0.0
0.5,0.5171125872224451,0.0,0.0
0.5,0.4101732976434736,0.0,0.0
0.5,0.4625727184538055,0.0,1.0
0.5,0.4535846967804269,0.0,0.0
0.5,0.530047694122264,0.0,0.0
0.5,0.4934597283824291,0.0,0.0
0.5,0.4476572422538203,0.0,0.0
0.5,0.5038077053611801,0.0,0.0
0.5,0.5307837874672663,0.0,0.0
0.5,0.489549175097566,0.0,0.0
0.5,0.5608045494856271,0.0,0.0
0.5,0.3385661259216872,0.0,0.0
0.5,0.5376322853502777,0.0,0.0
0.5,0.4490364478342701,0.0,0.0
0.5,0.6510297216576334,0.0,0.0
0.5,0.3732122590841639,0.0,0.0
0.5,0.564199170506621,0.0,0.0
0.5,0.4038482512233694,0.0,0.0
0.5,0.5036426514307639,0.0,0.0
0.5,0.6711066041654206,0.0,0.0
0.5,0.4222155502912437,0.0,0.0
0.5,0.4846052400792983,0.0,0.0
0.5,0.5060724052487015,0.0,0.0
0.5,0.481615648651536,0.0,0.0
0.5,0.3821523466378066,0.0,0.0
0.5,0.4798120485220225,0.0,0.0
0.5,0.3770070941902435,0.0,0.0
0.5,0.5029516159625168,0.0,1.0
0.5,0.5240716375916631,0.0,0.0
0.5,0.4438902836295639,0.0,0.0
0.5,0.4877900956456395,0.0,0.0
0.5,0.4725506795722011,0.0,0.0
0.5,0.4852016843878847,0.0,0.0
0.5,0.532619245624195,0.0,0.0
0.5,0.5308067335483491,0.0,1.0
0.5,0.4627467940025059,0.0,0.0
0.5,0.5979800414601222,0.0,0.0
0.5,0.4802793257552954,0.0,0.0
0.5,0.4572928411183305,0.0,0.0
0.5,0.5435058452492213,0.0,0.0
0.5,0.4764690164998149,0.0,0.0
0.5,0.4438764047974392,0.0,0.0
0.5,0.4120908256801145,0.0,0.0
0.5,0.5843845287239967,0.0,0.0
0.5,0.5250686167225542,0.0,0.0
0.5,0.3686757427302711,0.0,0.0
0.5,0.4662420075321353,0.0,0.0
0.5,0.5046391479284779,0.0,0.0
0.5,0.5156463215330507,0.0,0.0
0.5,0.5452635811870886,0.0,0.0
0.5,0.4030467757274348,0.0,0.0
0.5,0.5438339179789318,0.0,0.0
0.5,0.5670833733122896,0.0,0.0
0.5,0.479829510356984,0.0,0.0
0.5,0.4469066762683638,0.0,0.0
0.5,0.5157585811150076,0.0,0.0
0.5,0.4443851188692594,0.0,0.0
0.5,0.6218087012015409,0.0,0.0
0.5,0.4525210115695182,0.0,0.0
0.5,0.4269908139476785,0.0,0.0
0.5,0.5041065057091022,0.0,0.0
0.5,0.5372700112959675,0.0,0.0
0.5,0.3685529758337429,0.0,1.0
0.5,0.4600670648066831,0.0,0.0
0.5,0.3546034487749231,0.0,0.0
0.5,0.4727794069928303,0.0,0.0
0.5,0.3845943914503454,0.0,0.0
0.5,0.5795915337546452,0.0,0.0
0.5,0.4514287842012151,0.0,0.0
0.5,0.3003391338301345,0.0,0.0
0.5,0.3398774605932304,0.0,0.0
0.5,0.6252140968619612,0.0,0.0
0.5,0.5222685620057819,0.0,0.0
0.5,0.5246135317634032,0.0,0.0
0.5,0.540507174013739,0.0,0.0
0.5,0.4247485209723348,0.0,0.0
0.5,0.5159353365991188,0.0,0.0
0.5,0.3817514986267173,0.0,0.0
0.5,0.4341347664772101,0.0,0.0
0.5,0.4494034318143106,0.0,0.0
0.5,0.5290859324850647,0.0,0.0
0.5,0.418813109328213,0.0,0.0
0.5,0.4679625711547938,0.0,1.0
0.5,0.5613007510853261,0.0,0.0
0.5,0.4373459067639444,0.0,0.0
0.5,0.4000533235640712,0.0,0.0
0.5,0.5612415776690532,0.0,0.0
0.5,0.497195408022165,0.0,0.0
0.5,0.5411801433975755,0.0,0.0
0.5,0.5743412090866928,0.0,0.0
0.5,0.5072704776744825,0.0,0.0
0.5,0.4844822091964648,0.0,0.0
0.5,0.4431372515960601,0.0,1.0
0.5,0.474651586096796,0.0,0.0
0.5,0.3973892181637945,0.0,0.0
0.5,0.4301940514440957,0.0,0.0
0.5,0.4445668910094088,0.0,0.0
0.5,0.5064613629999366,0.0,0.0
0.5,0.4993419723249509,0.0,0.0
0.5,0.4574051517473695,0.0,0.0
0.5,0.48615115632685,0.0,0.0
0.5,0.4269386232615839,0.0,0.0
0.5,0.5155951334465809,0.0,0.0
0.5,0.5051185999153901,0.0,1.0
0.5,0.60273545857782,0.0,0.0
0.5,0.4174962693822648,0.0,1.0
0.5,0.5098154756279967,0.0,0.0
0.5,0.5265877837784478,0.0,0.0
0.5,0.4389343285579039,0.0,0.0
0.5,0.5096178969236519,0.0,0.0
0.5,0.5660378913956347,0.0,1.0
0.5,0.4467814990212158,0.0,0.0
0.5,0.5372203390835761,0.0,0.0
0.5,0.4098673396372987,0.0,0.0
0.5,0.4508340392208359,0.0,0.0
0.5,0.4659582848949853,0.0,0.0
0.5,0.4841135916015848,0.0,0.0
0.5,0.5075132385763531,0.0,0.0
0.5,0.6064861252463791,0.0,0.0
0.5,0.6097121063804578,0.0,0.0
0.5,0.4085737074969743,0.0,0.0
0.5,0.5659244854827145,0.0,0.0
0.5,0.5332916176336029,0.0,0.0
0.5,0.4955118583148801,0.0,0.0
0.5,0.3793497951245379,0.0,0.0
0.5,0.5861411905284889,0.0,0.0
0.5,0.4756958001697222,0.0,0.0
0.5,0.6104667444050651,0.0,0.0
0.5,0.5179868898570684,0.0,0.0
0.5,0.4502434817977798,0.0,0.0
0.5,0.5217479598725466,0.0,0.0
0.5,0.514728918029731,0.0,0.0
0.5,0.4543673121269608,0.0,0.0
0.5,0.5471127157579802,0.0,0.0
0.5,0.5292376880632401,0.0,0.0
0.5,0.4721823830856533,0.0,0.0
0.5,0.5327499378983019,0.0,0.0
0.5,0.5276900345649284,0.0,0.0
0.5,0.4755951139969964,0.0,0.0
0.5,0.4554682948260001,0.0,0.0
0.5,0.4690107910783831,0.0,0.0
0.5,0.4908841122863434,0.0,0.0
0.5,0.4873078501696989,0.0,0.0
0.5,0.5297529480054665,0.0,0.0
0.5,0.4426171034715047,0.0,0.0
0.5,0.5156721184879891,0.0,0.0
0.5,0.491578171285782,0.0,0.0
0.5,0.4088214661182603,0.0,0.0
0.5,0.4452112309885245,0.0,0.0
0.5,0.5563241305456799,0.0,0.0
0.5,0.3872683535569811,0.0,0.0
0.5,0.3859428829578979,0.0,0.0
0.5,0.4756332638358962,0.0,0.0
0.5,0.3911008628866628,0.0,0.0
0.5,0.463661604547666,0.0,0.0
0.5,0.4910390217321851,0.0,0.0
0.5,0.5619360869254733,0.0,0.0
0.5,0.4623296781717044,0.0,0.0
0.5,0.5300097173495522,0.0,0.0
0.5,0.5110115448693677,0.0,0.0
0.5,0.452857301810332,0.0,0.0
0.5,0.5274938360221074,0.0,0.0
0.5,0.6045444083946716,0.0,0.0
0.5,0.4327087885153259,0.0,0.0
0.5,0.5886544411489804,0.0,0.0
0.5,0.4382863803399311,0.0,0.0
0.5,0.4784665061109848,0.0,0.0
0.5,0.5287603960177507,0.0,0.0
0.5,0.5291231466397784,0.0,0.0
0.5,0.4334283573205251,0.0,0.0
0.5,0.4248307906888409,0.0,0.0
0.5,0.5680708566943754,0.0,0.0
0.5,0.6048335747923511,0.0,1.0
0.5,0.4385815371787964,0.0,0.0
0.5,0.488971471550201,0.0,0.0
0.5,0.5217705607177126,0.0,0.0
0.5,0.4200748238382967,0.0,0.0
0.5,0.4322686936039819,0.0,0.0
0.5,0.5134927064812081,0.0,0.0
0.5,0.5170179811107926,0.0,1.0
0.5,0.5254623760865721,0.0,0.0
0.5,0.4679422062103959,0.0,0.0
0.5,0.5516635055406566,0.0,0.0
0.5,0.4790046258807565,0.0,0.0
0.5,0.567646125909197,0.0,0.0
0.5,0.4839763230686038,0.0,0.0
0.5,0.5050074615499938,0.0,0.0
0.5,0.5561249323663776,0.0,0.0
0.5,0.4313430445225042,0.0,0.0
0.5,0.6342059688908079,0.0,0.0
0.5,0.5185785042610555,0.0,0.0
0.5,0.4324093564189055,0.0,0.0
0.5,0.5554742766483356,0.0,0.0
0.5,0.4671426940749965,0.0,0.0
0.5,0.4393818700114382,0.0,0.0
0.5,0.4432730281976303,0.0,0.0
0.5,0.4886922894404755,0.0,0.0
0.5,0.5116014954075732,0.0,0.0
0.5,0.5541904206031719,0.0,0.0
0.5,0.5201823095290373,0.0,0.0
0.5,0.4960306284971771,0.0,0.0
0.5,0.4818852597088276,0.0,0.0
0.5,0.4632819739760602,0.0,0.0
0.5,0.4880187714441376,0.0,0.0
0.5,0.4605617874797956,0.0,0.0
0.5,0.5028968490942567,0.0,0.0
0.5,0.5023278364719366,0.0,0.0
0.5,0.4874820909342485,0.0,0.0
0.5,0.4980931137548152,0.0,0.0
0.5,0.424168280661189,0.0,0.0
0.5,0.4051713358490897,0.0,1.0
0.5,0.4274513071948487,0.0,0.0
0.5,0.4416787224503857,0.0,0.0
0.5,0.5137824525417534,0.0,0.0
0.5,0.5157823896907895,0.0,0.0
0.5,0.523814966985984,0.0,0.0
0.5,0.5590383570621026,0.0,0.0
0.5,0.4878545868632283,0.0,0.0
0.5,0.6089412471189928,0.0,1.0
0.5,0.5599766130058574,0.0,0.0
0.5,0.5078032524279893,0.0,0.0
0.5,0.4430373834659479,0.0,0.0
0.5,0.4907383288389887,0.0,0.0
0.5,0.4253783484774389,0.0,0.0
0.5,0.429980003337444,0.0,0.0
0.5,0.5708354397889945,0.0,0.0
0.5,0.3519669759365086,0.0,0.0
0.5,0.5428513431581309,0.0,0.0
0.5,0.4992032978811587,0.0,0.0
0.5,0.5324084555616923,0.0,0.0
0.5,0.3798148126153319,0.0,0.0
0.5,0.4811692496616951,0.0,0.0
0.5,0.497075837458302,0.0,0.0
0.5,0.4930912594265043,0.0,0.0
0.5,0.5523790000905348,0.0,0.0
0.5,0.5823165644775756,0.0,0.0
0.5,0.4034176541841113,0.0,0.0
0.5,0.4042094126978541,0.0,0.0
0.5,0.4721135695678101,0.0,0.0
0.5,0.4563766124402318,0.0,0.0
0.5,0.4009249193909889,0.0,0.0
0.5,0.5955717654695759,0.0,0.0
0.5,0.4807280405197175,0.0,0.0
0.5,0.5763297602322743,0.0,0.0
0.5,0.5692518747166612,0.0,0.0
0.5,0.4166796222026931,0.0,0.0
0.5,0.5824869975388747,0.0,0.0
0.5,0.4575876310762646,0.0,0.0
0.5,0.4579848892359783,0.0,0.0
0.5,0.4764657224922811,0.0,0.0
0.5,0.4985336126954547,0.0,0.0
0.5,0.4909480649447318,0.0,0.0
0.5,0.462517958276485,0.0,0.0
0.5,0.4656509034344607,0.0,0.0
0.5,0.5494386307898603,0.0,0.0
0.5,0.5758386625182379,0.0,0.0
0.5,0.4391810666737745,0.0,0.0
0.5,0.5939534612652054,0.0,0.0
0.5,0.5594404900415584,0.0,0.0
0.5,0.4705171262538716,0.0,0.0
0.5,0.5079564831439968,0.0,0.0
0.5,0.4825681115617177,0.0,0.0
0.5,0.5436819466798141,0.0,0.0
0.5,0.4516991924044777,0.0,0.0
0.5,0.4563826490621018,0.0,0.0
0.5,0.5562328801214697,0.0,0.0
0.5,0.5248759280995883,0.0,0.0
0.5,0.4619421369247801,0.0,1.0
0.5,0.3753430718305391,0.0,0.0
0.5,0.5384491712006859,0.0,0.0
0.5,0.4093515574940001,0.0,0.0
0.5,0.4358994927048032,0.0,0.0
0.5,0.5306918614956326,0.0,0.0
0.5,0.4855725143692865,0.0,0.0
0.5,0.5616766667585923,0.0,0.0
0.5,0.48293166065034,0.0,0.0
0.5,0.5146151292209505,0.0,0.0
0.5,0.3248964887579799,0.0,0.0
0.5,0.5593061873955905,0.0,0.0
0.5,0.4032485763897379,0.0,0.0
0.5,0.4679550228753724,0.0,0.0
0.5,0.5656605519294977,0.0,0.0
0.5,0.4251718805206685,0.0,0.0
0.5,0.3561276602988166,0.0,0.0
0.5,0.4198543083992204,0.0,0.0
0.5,0.5440902668542433,0.0,0.0
0.5,0.5799844857994414,0.0,0.0
0.5,0.5288192885061025,0.0,0.0
0.5,0.4409248335069726,0.0,0.0
0.5,0.5483930192005546,0.0,0.0
0.5,0.4918176602929631,0.0,0.0
0.5,0.5250297489407109,0.0,0.0
0.5,0.4072728321834754,0.0,0.0
0.5,0.4607823477783032,0.0,0.0
0.5,0.4555005806763057,0.0,0.0
0.5,0.4744374451305138,0.0,0.0
0.5,0.5039630950375186,0.0,0.0
0.5,0.458982903896512,0.0,0.0
0.5,0.459560038429983,0.0,0.0
0.5,0.4360393770476523,0.0,0.0
0.5,0.4441183603190002,0.0,0.0
0.5,0.554561594921735,0.0,0.0
0.5,0.4320466013126257,0.0,0.0
0.5,0.505590495811311,0.0,0.0
0.5,0.5729450772877202,0.0,0.0
0.5,0.5609054268782302,0.0,0.0
0.5,0.4963620138792351,0.0,0.0
0.5,0.4400102915359865,0.0,0.0
0.5,0.5358246630892354,0.0,0.0
0.5,0.5337469897181684,0.0,0.0
0.5,0.4567336811013032,0.0,0.0
0.5,0.5017029800639933,0.0,0.0
0.5,0.5266650883405514,0.0,0.0
0.5,0.5747925004369527,0.0,0.0
0.5,0.45034131808575,0.0,0.0
0.5,0.5257545394304131,0.0,0.0
0.5,0.4205272321283736,0.0,0.0
0.5,0.3450316923454189,0.0,0.0
0.5,0.4013813703554673,0.0,0.0
0.5,0.5175527942585265,0.0,0.0
0.5,0.537041794789475,0.0,0.0
0.5,0.537131420457608,0.0,0.0
0.5,0.5642366769810151,0.0,0.0
0.5,0.4801377424733269,0.0,0.0
0.5,0.4676302651315069,0.0,0.0
0.5,0.5088621636722227,0.0,0.0
0.5,0.5393022675265385,0.0,0.0
0.5,0.5522708129221054,0.0,0.0
0.5,0.5313170104873208,0.0,0.0
0.5,0.4808946433169206,0.0,0.0
0.5,0.45428304730003,0.0,0.0
0.5,0.6060185278480426,0.0,0.0
0.5,0.5733056165355025,0.0,0.0
0.5,0.4546140839944128,0.0,0.0
0.5,0.5483867249537323,0.0,0.0
0.5,0.5569258129750925,0.0,0.0
0.5,0.5977292152559244,0.0,0.0
0.5,0.4682265843481735,0.0,0.0
0.5,0.5187099463920163,0.0,0.0
0.5,0.3498108073263957,0.0,0.0
0.5,0.484244178905757,0.0,0.0
0.5,0.352278489413128,0.0,0.0
0.5,0.5664920212652904,0.0,0.0
0.5,0.5566453450570934,0.0,0.0
0.5,0.4879844737500887,0.0,0.0
0.5,0.3785335985324329,0.0,0.0
0.5,0.4777823402724973,0.0,0.0
0.5,0.3754489058260789,0.0,0.0
0.5,0.5876401637032502,0.0,0.0
0.5,0.4458908406823825,0.0,0.0
0.5,0.5067569797377676,0.0,0.0
0.5,0.4977214183389147,0.0,0.0
0.5,0.4450559190515074,0.0,0.0
0.5,0.3578616234115972,0.0,1.0
0.5,0.4961488212404026,0.0,0.0
0.5,0.5005207288498472,0.0,0.0
0.5,0.5348378515507415,0.0,0.0
0.5,0.5542722195333663,0.0,0.0
0.5,0.4481811750963902,0.0,0.0
0.5,0.4653181142228602,0.0,0.0
0.5,0.5006340062453366,0.0,0.0
0.5,0.4601658765539326,0.0,0.0
0.5,0.4269205080183419,0.0,0.0
0.5,0.4736375314947142,0.0,0.0
0.5,0.6315239202114795,0.0,0.0
0.5,0.5304222922572007,0.0,0.0
0.5,0.502439096549354,0.0,0.0
0.5,0.3177816160542566,0.0,0.0
0.5,0.4282567174317401,0.0,0.0
0.5,0.4564550968017176,0.0,0.0
0.5,0.4472803891485445,0.0,0.0
0.5,0.4029918887766276,0.0,1.0
0.5,0.5440134043595001,0.0,0.0
0.5,0.5585004213505738,0.0,0.0
0.5,0.5467102682060178,0.0,0.0
0.5,0.4160898461847996,0.0,0.0
0.5,0.4786909071672446,0.0,0.0
0.5,0.4960935272837097,0.0,0.0
0.5,0.4450495814282203,0.0,0.0
0.5,0.3372779135400111,0.0,0.0
0.5,0.4064699516124563,0.0,0.0
0.5,0.5772566586111575,0.0,0.0
0.5,0.4804077925047586,0.0,0.0
0.5,0.4843548565020844,0.0,0.0
0.5,0.5676626786180013,0.0,0.0
0.5,0.4819255167119308,0.0,0.0
0.5,0.6054926483052222,0.0,0.0
0.5,0.4183405361916492,0.0,0.0
0.5,0.567667344770968,0.0,0.0
0.5,0.4626966453177857,0.0,0.0
0.5,0.3896327340252261,0.0,0.0
0.5,0.4888503417170756,0.0,0.0
0.5,0.4554595689762208,0.0,0.0
0.5,0.5547047059713474,0.0,0.0
0.5,0.3539366043269373,0.0,0.0
0.5,0.4546433225664247,0.0,0.0
0.5,0.5486985028503822,0.0,0.0
0.5,0.5957912072571274,0.0,0.0
0.5,0.4167990784965557,0.0,0.0
0.5,0.5087398975967125,0.0,0.0
0.5,0.4425887611454536,0.0,0.0
0.5,0.497303390159178,0.0,0.0
0.5,0.4559578735819923,0.0,0.0
0.5,0.5483607441914029,0.0,0.0
0.5,0.4628583403515975,0.0,1.0
0.5,0.5167644334703437,0.0,0.0
0.5,0.4715414373856329,0.0,0.0
0.5,0.6077018815465873,0.0,0.0
0.5,0.5166747505351873,0.0,0.0
0.5,0.4359787375874772,0.0,1.0
0.5,0.5205961864507056,0.0,0.0
0.5,0.4696472401777593,0.0,0.0
0.5,0.4777893355317512,0.0,0.0
0.5,0.5264061241548642,0.0,0.0
0.5,0.4393617181019514,0.0,0.0
0.5,0.4545312861499878,0.0,0.0
0.5,0.4239192214600098,0.0,0.0
0.5,0.4659802223059164,1.0,1.0
0.5,0.4902618027116261,0.0,0.0
0.5,0.4056934609183897,0.0,0.0
0.5,0.5219500446099059,0.0,0.0
0.5,0.5103584680141576,0.0,0.0
0.5,0.4915295523213824,0.0,0.0
0.5,0.5131806310258576,0.0,0.0
0.5,0.4251455416498517,0.0,0.0
0.5,0.4483780538925829,0.0,0.0
0.5,0.550365905976886,0.0,0.0
0.5,0.4477284415476928,0.0,0.0
0.5,0.4541756688250986,0.0,0.0
0.5,0.5960025136993585,0.0,0.0
0.5,0.4891879753125749,0.0,0.0
0.5,0.4987084571520741,0.0,0.0
0.5,0.4387267764730961,0.0,0.0
0.5,0.4803932828503923,0.0,0.0
0.5,0.5771402321255417,0.0,0.0
0.5,0.4789313112839817,0.0,0.0
0.5,0.4853042797199834,0.0,0.0
0.5,0.404511421569242,0.0,0.0
0.5,0.3996819772535113,0.0,0.0
0.5,0.5537339779679623,0.0,0.0
0.5,0.3647413229903605,0.0,0.0
0.5,0.4902714825876303,0.0,0.0
0.5,0.5426419842676994,0.0,0.0
0.5,0.4660045987900355,0.0,0.0
0.5,0.5523376890707989,0.0,0.0
0.5,0.5696541914264767,0.0,0.0
0.5,0.4772471684834929,0.0,0.0
0.5,0.4681974654690351,0.0,0.0
0.5,0.4705598426282955,0.0,0.0
0.5,0.5593718518513167,0.0,0.0
0.5,0.5240994791114865,0.0,0.0
0.5,0.4394889842967697,0.0,0.0
0.5,0.5335662127020722,0.0,0.0
0.5,0.4734390369729901,0.0,0.0
0.5,0.5414621796872843,0.0,0.0
0.5,0.3867620832656759,0.0,0.0
0.5,0.53353609452367,0.0,0.0
0.5,0.4693165866631395,0.0,0.0
0.5,0.3283274956600497,0.0,0.0
0.5,0.5271261719865298,0.0,0.0
0.5,0.6130907230720519,0.0,0.0
0.5,0.5512796854668883,0.0,0.0
0.5,0.620414721476282,0.0,1.0
0.5,0.5778738096587057,0.0,1.0
0.5,0.4941152841784855,0.0,0.0
0.5,0.4923481859747527,0.0,0.0
0.5,0.4124978061470813,0.0,1.0
0.5,0.5274343189534657,0.0,0.0
0.5,0.458566954661543,0.0,0.0
0.5,0.508800690804428,0.0,0.0
0.5,0.4888154877164907,0.0,0.0
0.5,0.4814414123174905,0.0,0.0
0.5,0.5176876376710469,0.0,0.0
0.5,0.5182856533492115,0.0,0.0
0.5,0.5578850826926339,0.0,0.0
0.5,0.4714395516373365,0.0,0.0
0.5,0.4225037069635697,0.0,0.0
0.5,0.4664516892367896,0.0,0.0
0.5,0.4391512034132227,0.0,0.0
0.5,0.536958811845831,0.0,0.0
0.5,0.2788800606771786,0.0,0.0
0.5,0.5846238834482146,0.0,0.0
0.5,0.5569989811382996,0.0,0.0
0.5,0.5850911620757986,0.0,0.0
0.5,0.6004980387404241,0.0,0.0
0.5,0.4277278284001923,0.0,0.0
0.5,0.5412930948213752,0.0,0.0
0.5,0.4390163601509506,0.0,0.0
0.5,0.4549669322513254,0.0,0.0
0.5,0.5792020933007794,0.0,0.0
0.5,0.4625262750040746,0.0,0.0
0.5,0.5742068294129531,0.0,0.0
0.5,0.4307388513365983,0.0,0.0
0.5,0.554658660464604,0.0,0.0
0.5,0.5024281070896419,0.0,0.0
0.5,0.6171519837894576,0.0,0.0
0.5,0.6306522990644996,0.0,0.0
0.5,0.5610146309526444,0.0,0.0
0.5,0.3683524793160104,0.0,0.0
0.5,0.6013280992943321,0.0,0.0
0.5,0.4954118945929665,0.0,0.0
0.5,0.419178119346989,0.0,0.0
0.5,0.5550070058933501,0.0,0.0
0.5,0.4995928452137811,0.0,0.0
0.5,0.408424798910897,0.0,0.0
0.5,0.3639048487966037,0.0,0.0
0.5,0.595413881122835,0.0,0.0
0.5,0.4746307852975592,0.0,0.0
0.5,0.4554095616295719,0.0,0.0
0.5,0.5274293181995666,0.0,0.0
0.5,0.494505823330249,0.0,0.0
0.5,0.5427863403495431,0.0,0.0
0.5,0.2753834486821852,0.0,0.0
0.5,0.5131615645022476,0.0,0.0
0.5,0.4914762341246538,0.0,0.0
0.5,0.5212038599660296,0.0,0.0
0.5,0.3973998669770593,0.0,0.0
0.5,0.5533028418512007,0.0,0.0
0.5,0.4093549892536129,1.0,1.0
0.5,0.5749893602149634,0.0,0.0
0.5,0.5004520345892867,0.0,1.0
0.5,0.3837602083813774,0.0,0.0
0.5,0.5609448455586696,0.0,0.0
0.5,0.4800664816753282,0.0,0.0
0.5,0.4844582631136853,0.0,0.0
0.5,0.5688157106835552,0.0,0.0
0.5,0.5616578336866086,0.0,1.0
0.5,0.5781554017299108,0.0,0.0
0.5,0.4770128743433822,0.0,0.0
0.5,0.54178479762994,0.0,0.0
0.5,0.4504524655478508,0.0,0.0
0.5,0.3959248133625556,0.0,0.0
0.5,0.5451769768681265,0.0,0.0
0.5,0.4240721337560318,0.0,0.0
0.5,0.4779628633113721,0.0,0.0
0.5,0.4959242743906959,0.0,0.0
0.5,0.4642656524134568,0.0,0.0
0.5,0.513201768729965,0.0,0.0
0.5,0.4479955443449271,0.0,0.0
0.5,0.32533708946423,0.0,0.0
0.5,0.5498509900052195,0.0,0.0
0.5,0.513843339610416,0.0,0.0
0.5,0.4888684584908044,0.0,0.0
0.5,0.3983671043761712,0.0,0.0
0.5,0.478708748932842,0.0,0.0
0.5,0.4996347902636964,0.0,0.0
0.5,0.421589461432536,0.0,0.0
0.5,0.620398158044833,0.0,0.0
0.5,0.4774673334535261,0.0,0.0
0.5,0.4952955138748944,0.0,0.0
0.5,0.4401012947433956,0.0,0.0
0.5,0.4713865202665855,0.0,0.0
0.5,0.4515473077836791,0.0,0.0
0.5,0.5424106368659712,0.0,0.0
0.5,0.4947512529106267,0.0,1.0
0.5,0.6144630737986281,0.0,1.0
0.5,0.4137917075098439,0.0,0.0
0.5,0.5094417399510511,0.0,0.0
0.5,0.4549496340356408,0.0,0.0
0.5,0.5627416806548559,0.0,0.0
0.5,0.5272547294239825,0.0,0.0
0.5,0.4080547778120765,0.0,0.0
0.5,0.3679023417136329,0.0,0.0
0.5,0.5301831506821019,0.0,0.0
0.5,0.5984896118079907,0.0,0.0
0.5,0.4598920961372004,0.0,0.0
0.5,0.5428486287718731,0.0,0.0
0.5,0.5544605722766535,0.0,0.0
0.5,0.4718457244036826,0.0,0.0
0.5,0.579866413952783,0.0,0.0
0.5,0.4544900781312248,0.0,0.0
0.5,0.4938027352276131,0.0,0.0
0.5,0.3790423381297756,0.0,0.0
0.5,0.318088589891329,0.0,0.0
0.5,0.3654692202764615,0.0,0.0
0.5,0.4936716547456335,0.0,0.0
0.5,0.4945329058816092,0.0,0.0
0.5,0.5003428344788424,0.0,0.0
0.5,0.5104794566285963,0.0,0.0
0.5,0.4717147664957949,0.0,0.0
0.5,0.451230683623342,0.0,0.0
0.5,0.4590109745253093,0.0,0.0
0.5,0.3624979991266303,0.0,0.0
0.5,0.5127293632688864,0.0,0.0
0.5,0.4121801813430399,0.0,0.0
0.5,0.4799064135551083,0.0,0.0
0.5,0.5642971443836974,0.0,0.0
0.5,0.4003065640115152,0.0,0.0
0.5,0.4761458780291989,0.0,0.0
0.5,0.3880594829787024,0.0,0.0
0.5,0.3298715750639204,0.0,0.0
0.5,0.3428709105972918,0.0,0.0
0.5,0.548389176028557,0.0,0.0
0.5,0.5148929677003975,0.0,0.0
0.5,0.4511508955407566,0.0,0.0
0.5,0.4183406183929529,0.0,0.0
0.5,0.5561535475782787,0.0,0.0
0.5,0.4364976925847179,0.0,0.0
0.5,0.5016417937284957,0.0,0.0
0.5,0.5585975587638597,0.0,0.0
0.5,0.5893976672523304,0.0,0.0
0.5,0.5211572945791962,0.0,0.0
0.5,0.5157734784107842,0.0,0.0
0.5,0.4314886520654778,0.0,0.0
0.5,0.5009505650391709,0.0,0.0
0.5,0.4504005562586813,0.0,0.0
0.5,0.4936418766587085,0.0,0.0
0.5,0.4464150461432798,0.0,0.0
0.5,0.4714911527523237,0.0,0.0
0.5,0.5374259158419681,0.0,0.0
0.5,0.4325097591961813,0.0,0.0
0.5,0.5583694776108258,0.0,0.0
0.5,0.4607066716710244,0.0,1.0
0.5,0.5234182675392258,0.0,0.0
0.5,0.4946331077528546,0.0,0.0
0.5,0.4874260033134155,0.0,0.0
0.5,0.4817450147385337,0.0,0.0
0.5,0.4527948254645062,0.0,0.0
0.5,0.5045695758207349,0.0,0.0
0.5,0.4203466701883105,0.0,0.0
0.5,0.4908802617340825,0.0,0.0
0.5,0.4482133808388577,0.0,0.0
0.5,0.4594366082430551,0.0,0.0
0.5,0.4809278097183984,0.0,0.0
0.5,0.4082344635283623,0.0,0.0
0.5,0.4869418942867391,0.0,0.0
0.5,0.4924459840439127,0.0,0.0
0.5,0.5479117885626463,0.0,0.0
0.5,0.3750151098411233,0.0,0.0
0.5,0.4435379766070495,0.0,0.0
0.5,0.3167391644437662,0.0,0.0
0.5,0.4724745516702339,0.0,0.0
0.5,0.4807123239468869,0.0,0.0
0.5,0.4598537155408536,0.0,0.0
0.5,0.4521145518036648,0.0,0.0
0.5,0.3385507220398739,0.0,0.0
0.5,0.5421912001510769,0.0,0.0
0.5,0.5355964416321918,0.0,0.0
0.5,0.4727257719356124,0.0,0.0
0.5,0.4446415179128577,0.0,0.0
0.5,0.5048385221475967,0.0,0.0
0.5,0.5588897406680712,0.0,0.0
0.5,0.4293600898413953,0.0,0.0
0.5,0.6226317264040633,0.0,0.0
0.5,0.5895845938844093,0.0,0.0
0.5,0.493672438204793,0.0,0.0
0.5,0.5023004852610082,0.0,0.0
0.5,0.3998038520776905,0.0,0.0
0.5,0.5382707875482639,0.0,0.0
0.5,0.5506560082196685,0.0,0.0
0.5,0.4037957642038227,0.0,0.0
0.5,0.4988951498672318,0.0,0.0
0.5,0.4874052479423402,0.0,0.0
0.5,0.4553507716225421,0.0,0.0
0.5,0.4130568608532347,0.0,0.0
0.5,0.5905683353271812,0.0,0.0
0.5,0.493915664310305,0.0,0.0
0.5,0.4605142717844567,0.0,0.0
0.5,0.458152007260972,0.0,0.0
0.5,0.4454488286516198,0.0,0.0
0.5,0.4562706523393678,0.0,0.0
0.5,0.5265875968169789,0.0,0.0
0.5,0.3737005700409319,0.0,0.0
0.5,0.5203948485631397,0.0,0.0
0.5,0.4701066906555275,0.0,0.0
0.5,0.3609575845531797,0.0,0.0
0.5,0.5442278432647849,0.0,0.0
0.5,0.5478975680767796,0.0,0.0
0.5,0.471667741305369,0.0,0.0
0.5,0.3642363142205286,0.0,0.0
0.5,0.337054920254557,0.0,0.0
0.5,0.5376492440953059,0.0,0.0
0.5,0.3946711715844019,0.0,0.0
0.5,0.6164074653423887,0.0,0.0
0.5,0.4143620022502595,0.0,0.0
0.5,0.5869926668310401,0.0,0.0
0.5,0.6034826557479233,0.0,0.0
0.5,0.4768944943949967,0.0,0.0
0.5,0.3957054362782544,0.0,0.0
0.5,0.4807545941974116,0.0,0.0
0.5,0.4449400473570677,0.0,0.0
0.5,0.4066994055786807,0.0,0.0
0.5,0.4679670436151094,0.0,1.0
0.5,0.4021116182403197,0.0,0.0
0.5,0.3813628217714905,0.0,0.0
0.5,0.4690031793463867,0.0,0.0
0.5,0.5052153181176676,0.0,0.0
0.5,0.5805412547218383,0.0,0.0
0.5,0.3513212177314668,0.0,0.0
0.5,0.4001668614229798,0.0,0.0
0.5,0.5241892652260524,0.0,0.0
0.5,0.3926322818998523,0.0,0.0
0.5,0.4657950484987003,0.0,0.0
0.5,0.4918187826502757,0.0,0.0
0.5,0.5263555575879997,0.0,0.0
0.5,0.4713885193526598,0.0,0.0
0.5,0.4684285837425228,0.0,0.0
0.5,0.5452695273346566,0.0,0.0
0.5,0.4916115815861181,0.0,0.0
0.5,0.4382740172973338,0.0,0.0
0.5,0.497165790138532,0.0,0.0
0.5,0.5980553379043664,0.0,0.0
0.5,0.4389945870823207,0.0,0.0
0.5,0.5594820688094794,0.0,0.0
0.5,0.5195263002200534,0.0,0.0
0.5,0.4346991228254386,0.0,0.0
0.5,0.5033063329684914,0.0,0.0
0.5,0.5336468304232486,0.0,0.0
0.5,0.487080315563096,0.0,0.0
0.5,0.5499486997051795,0.0,0.0
0.5,0.4966910648268537,0.0,0.0
0.5,0.3977417350889683,0.0,0.0
0.5,0.4742868269671703,0.0,0.0
0.5,0.5310765750833222,0.0,0.0
0.5,0.4425021109376225,0.0,0.0
0.5,0.4772784249975374,0.0,1.0
0.5,0.5275068539527963,0.0,0.0
0.5,0.6505762444606797,0.0,0.0
0.5,0.31946705088096,0.0,0.0
0.5,0.5095431533975638,0.0,0.0
0.5,0.4369576879090472,0.0,0.0
0.5,0.6707796975720685,0.0,0.0
0.5,0.5291656749885649,0.0,0.0
0.5,0.5075349865333705,0.0,0.0
0.5,0.426970817168573,0.0,1.0
0.5,0.486559331858515,0.0,0.0
0.5,0.5227356413469966,0.0,0.0
0.5,0.521967573587034,0.0,0.0
0.5,0.4321868846675163,0.0,0.0
0.5,0.4902092440195013,0.0,0.0
0.5,0.4377206027495459,0.0,0.0
0.5,0.5487360027960217,0.0,0.0
0.5,0.5857979316880697,0.0,0.0
0.5,0.3369898242539426,0.0,0.0
0.5,0.444604567829169,0.0,0.0
0.5,0.451901523785182,0.0,0.0
0.5,0.6172241228384201,0.0,1.0
0.5,0.5244792925967485,0.0,0.0
0.5,0.410027899239374,0.0,0.0
0.5,0.5160620206637013,0.0,0.0
0.5,0.5375385816531146,0.0,0.0
0.5,0.5301916560475448,0.0,0.0
0.5,0.4990465849028312,0.0,0.0
0.5,0.513783429457709,0.0,0.0
0.5,0.4219629104502077,0.0,0.0
0.5,0.4601701627416141,0.0,0.0
0.5,0.5328363065262862,0.0,0.0
0.5,0.5063271484293086,0.0,0.0
0.5,0.4623701471734359,0.0,0.0
0.5,0.5408122050252792,0.0,0.0
0.5,0.5293730170912063,0.0,0.0
0.5,0.5369920814788733,0.0,0.0
0.5,0.5721387522214498,0.0,0.0
0.5,0.5760765212100752,0.0,0.0
0.5,0.4884436185668764,0.0,0.0
0.5,0.3854177268138867,0.0,0.0
0.5,0.5867077335460723,0.0,0.0
0.5,0.5203883598394625,0.0,0.0
0.5,0.5038069680414531,0.0,0.0
0.5,0.4717091915121214,0.0,0.0
0.5,0.4000295724583558,0.0,0.0
0.5,0.4790837952525522,0.0,0.0
0.5,0.4541788490109441,0.0,0.0
0.5,0.5432882414987391,0.0,1.0
0.5,0.5216680568492024,0.0,0.0
0.5,0.5156774366581279,0.0,0.0
0.5,0.4465856368013131,0.0,0.0
0.5,0.4632319056733704,0.0,0.0
0.5,0.5768921340974538,0.0,0.0
0.5,0.4724164168836949,0.0,0.0
0.5,0.3935402716922274,0.0,0.0
0.5,0.6167609767301959,0.0,0.0
0.5,0.5156636609614919,0.0,0.0
0.5,0.5795272724479931,0.0,0.0
0.5,0.3941766418416171,0.0,0.0
0.5,0.502577907705518,0.0,0.0
0.5,0.581376682753883,0.0,0.0
0.5,0.5510600352356695,0.0,0.0
0.5,0.5745367860249752,0.0,0.0
0.5,0.412590836559452,0.0,0.0
0.5,0.4252668393291467,0.0,0.0
0.5,0.4594602789769595,0.0,0.0
0.5,0.5170478952668105,0.0,1.0
0.5,0.4054817253034254,0.0,0.0
0.5,0.5215706740708722,0.0,0.0
0.5,0.5553427399307589,0.0,0.0
0.5,0.5286905215432876,0.0,1.0
0.5,0.4886653124140628,0.0,0.0
0.5,0.3199066623839567,0.0,0.0
0.5,0.4695658072073522,0.0,0.0
0.5,0.550269894363994,0.0,0.0
0.5,0.4267509660552506,0.0,0.0
0.5,0.4863215647740967,0.0,0.0
0.5,0.4580430638703205,0.0,0.0
0.5,0.4218676902009323,0.0,0.0
0.5,0.4382879720995639,0.0,0.0
0.5,0.4720252420824788,0.0,0.0
0.5,0.4233002933943133,0.0,0.0
0.5,0.4790810841806369,0.0,0.0
0.5,0.4393631342465371,0.0,1.0
0.5,0.5999972210061981,0.0,0.0
0.5,0.4582730868357325,0.0,0.0
0.5,0.5188638875306764,0.0,0.0
0.5,0.5050812956465439,0.0,1.0
0.5,0.5841293629689164,0.0,0.0
0.5,0.5508369414129293,0.0,0.0
0.5,0.4668627539644173,0.0,0.0
0.5,0.3972444238884412,0.0,0.0
0.5,0.5716608476537003,0.0,1.0
0.5,0.4426878675803872,0.0,0.0
0.5,0.3777469348768167,0.0,0.0
0.5,0.5071730514138022,0.0,0.0
0.5,0.5278877810845239,0.0,0.0
0.5,0.613389875607007,0.0,0.0
0.5,0.4595583813900727,0.0,0.0
0.5,0.4574557100418165,0.0,0.0
0.5,0.3458062428042169,0.0,0.0
0.5,0.4827539587543242,0.0,1.0
0.5,0.505915264156938,0.0,0.0
0.5,0.5096863336517911,0.0,1.0
0.5,0.4731829942847944,0.0,0.0
0.5,0.4459706750146056,0.0,0.0
0.5,0.4067287514888152,0.0,0.0
0.5,0.4561989229793601,0.0,0.0
0.5,0.4868085423851543,0.0,0.0
0.5,0.5839016894470506,0.0,0.0
0.5,0.5064844189874985,0.0,0.0
0.5,0.4517509224689712,0.0,0.0
0.5,0.6297115595399443,0.0,0.0
0.5,0.4168806198330166,0.0,0.0
0.5,0.5029878870353621,0.0,0.0
0.5,0.4098940123637611,0.0,0.0
0.5,0.5381671052651243,0.0,0.0
0.5,0.3947268006458916,0.0,0.0
0.5,0.4518100073777457,0.0,0.0
0.5,0.5501417445798948,0.0,0.0
0.5,0.5737658438615398,0.0,0.0
0.5,0.4982973359553808,0.0,0.0
0.5,0.4750850502550723,0.0,0.0
0.5,0.5128958209048964,0.0,1.0
0.5,0.5645374673344127,0.0,0.0
0.5,0.3138628225933242,0.0,0.0
0.5,0.431976756482978,0.0,0.0
0.5,0.4294932498966616,0.0,0.0
0.5,0.5334934320336171,0.0,0.0
0.5,0.5036586663790926,0.0,0.0
0.5,0.5083225683038649,0.0,0.0
0.5,0.5200190997029143,0.0,0.0
0.5,0.3980559289898633,0.0,0.0
0.5,0.4833731157317091,0.0,0.0
0.5,0.3922794244718968,0.0,0.0
0.5,0.4087556323111775,0.0,1.0
0.5,0.563912659438089,0.0,0.0
0.5,0.3794331487335262,0.0,0.0
0.5,0.4013902728251598,0.0,0.0
0.5,0.5071827165711472,0.0,0.0
0.5,0.4811359886480731,0.0,0.0
0.5,0.4763245939886194,0.0,0.0
0.5,0.5657836173866526,0.0,0.0
0.5,0.4951111586691309,0.0,0.0
0.5,0.5144552305405163,0.0,0.0
0.5,0.5480786589928396,0.0,0.0
0.5,0.5390317415023038,0.0,0.0
0.5,0.4928239314411103,0.0,0.0
0.5,0.5294388203088389,0.0,0.0
0.5,0.6203104940174349,0.0,0.0
0.5,0.4053820370772755,0.0,0.0
0.5,0.4684898395253134,0.0,0.0
0.5,0.5094810976004087,0.0,0.0
0.5,0.3811567497616366,0.0,0.0
0.5,0.4837548979167382,0.0,0.0
0.5,0.5298058777262933,0.0,0.0
0.5,0.4652067555024587,0.0,0.0
0.5,0.4918107669051123,0.0,0.0
0.5,0.5687861626171824,0.0,1.0
0.5,0.5979560558760195,0.0,0.0
0.5,0.4308691742510001,0.0,0.0
0.5,0.4209124639321089,0.0,0.0
0.5,0.2690751288172719,0.0,0.0
0.5,0.4616418294658499,0.0,0.0
0.5,0.4502978135123948,0.0,0.0
0.5,0.5707056609295695,0.0,0.0
0.5,0.5946501930648112,0.0,0.0
0.5,0.4444775564891628,0.0,0.0
0.5,0.4574904253706362,0.0,1.0
0.5,0.4658300182881664,0.0,0.0
0.5,0.4917787884707461,0.0,0.0
0.5,0.4635379769459641,0.0,0.0
0.5,0.5165615616564999,0.0,0.0
0.5,0.461438547322325,0.0,0.0
0.5,0.5629816718945874,0.0,0.0
0.5,0.5204846949450183,0.0,0.0
0.5,0.4196660358329356,0.0,0.0
0.5,0.5704557687723782,0.0,0.0
0.5,0.477166179255829,0.0,0.0
0.5,0.3487845687079965,0.0,0.0
0.7,0.7338991855053967,0.0,0.0
0.7,0.8057755428328178,0.0,0.0
0.7,0.6886630156613675,0.0,0.0
0.7,0.7276096172748046,0.0,0.0
0.7,0.6608547904523927,0.0,0.0
0.7,0.6910637570030014,0.0,0.0
0.7,0.7595065907232414,0.0,0.0
0.7,0.686279025076069,0.0,0.0
0.7,0.7055880718277076,0.0,0.0
0.7,0.6851421710823047,0.0,0.0
0.7,0.7142009198171144,0.0,0.0
0.7,0.6970524598080091,0.0,0.0
0.7,0.6491524860611914,0.0,0.0
0.7,0.6868072773430947,0.0,0.0
0.7,0.7328531207909285,0.0,0.0
0.7,0.7408397364620224,0.0,0.0
0.7,0.705832735033076,0.0,0.0
0.7,0.7394823940295964,0.0,0.0
0.7,0.7554219794340185,0.0,0.0
0.7,0.6936833323933588,0.0,0.0
0.7,0.6376252391890624,0.0,0.0
0.7,0.7156816048562243,0.0,0.0
0.7,0.6931636157892753,0.0,1.0
0.7,0.6286578537299399,0.0,0.0
0.7,0.6932098828413729,0.0,0.0
0.7,0.6851868000940772,0.0,0.0
0.7,0.7534154267860595,0.0,0.0
0.7,0.7155061786982727,0.0,0.0
0.7,0.7191159292776277,0.0,0.0
0.7,0.7289863428622996,0.0,0.0
0.7,0.5663945614769168,0.0,0.0
0.7,0.6479805434021431,0.0,0.0
0.7,0.69024552447432,0.0,0.0
0.7,0.7161516945389341,0.0,0.0
0.7,0.6405407053471727,0.0,0.0
0.7,0.6854424456881806,0.0,0.0
0.7,0.5890369480826231,0.0,0.0
0.7,0.7776350355528933,0.0,0.0
0.7,0.6824539511501616,0.0,0.0
0.7,0.5834949090551721,0.0,0.0
0.7,0.6764051023647024,0.0,0.0
0.7,0.6754199289960261,0.0,0.0
0.7,0.687361848971673,0.0,0.0
0.7,0.6235388759087508,0.0,0.0
0.7,0.6214973641289214,0.0,0.0
0.7,0.7195310871291142,0.0,0.0
0.7,0.6332831429789697,0.0,0.0
0.7,0.6414432904595202,0.0,0.0
0.7,0.630897752373704,0.0,0.0
0.7,0.752756881669913,0.0,0.0
0.7,0.629788677216613,0.0,0.0
0.7,0.617592698140525,0.0,0.0
0.7,0.7405511634031188,0.0,0.0
0.7,0.7278732817332568,0.0,0.0
0.7,0.7349016167074388,0.0,0.0
0.7,0.7079103676283498,0.0,0.0
0.7,0.6913954550697028,0.0,0.0
0.7,0.7698277114922324,0.0,0.0
0.7,0.6501294943403785,0.0,0.0
0.7,0.7599187220995353,0.0,0.0
0.7,0.7218012027750407,0.0,0.0
0.7,0.7078533081388689,0.0,0.0
0.7,0.6277988393237748,0.0,0.0
0.7,0.792223936386494,0.0,0.0
0.7,0.709073523847904,0.0,0.0
0.7,0.6922733682274317,0.0,0.0
0.7,0.7703499986011862,0.0,0.0
0.7,0.7308475783972732,0.0,0.0
0.7,0.7780376530452955,0.0,0.0
0.7,0.7243595518300215,0.0,0.0
0.7,0.7419715399099702,0.0,0.0
0.7,0.636422898471049,0.0,0.0
0.7,0.6866731775543058,0.0,0.0
0.7,0.6462636696339742,0.0,0.0
0.7,0.704559724211168,0.0,0.0
0.7,0.8014641742899921,0.0,0.0
0.7,0.6460969398950668,0.0,0.0
0.7,0.7252134976009986,0.0,0.0
0.7,0.7013813765139725,0.0,0.0
0.7,0.6221486514222563,0.0,0.0
0.7,0.6361324869402426,0.0,0.0
0.7,0.6716974524670747,0.0,0.0
0.7,0.7085093700812737,0.0,0.0
0.7,0.7078478439152763,0.0,0.0
0.7,0.6844078643547451,0.0,0.0
0.7,0.7152316067736052,0.0,0.0
0.7,0.7339695563047798,0.0,0.0
0.7,0.6064028746868709,0.0,0.0
0.7,0.6989290620018269,0.0,0.0
0.7,0.7530774735002248,0.0,0.0
0.7,0.6468578552780158,0.0,0.0
0.7,0.6691486813088089,0.0,0.0
0.7,0.7372461932230122,0.0,0.0
0.7,0.7079610528711088,0.0,0.0
0.7,0.6914669629445195,0.0,0.0
0.7,0.7306397019629948,0.0,0.0
0.7,0.6394590003518272,0.0,0.0
0.7,0.6796426734066817,0.0,0.0
0.7,0.7788117109212567,0.0,0.0
0.7,0.7483856404347736,0.0,0.0
0.7,0.7420850109428201,0.0,0.0
0.7,0.7688896926455374,0.0,0.0
0.7,0.6535760408253233,0.0,0.0
0.7,0.6891569893948748,0.0,0.0
0.7,0.6728815066495544,0.0,0.0
0.7,0.6786513535107885,0.0,0.0
0.7,0.7207410988932083,0.0,0.0
0.7,0.7470699504378098,0.0,0.0
0.7,0.6570741798454496,0.0,0.0
0.7,0.6486039037801365,0.0,0.0
0.7,0.7546684818768042,0.0,0.0
0.7,0.7117672563355739,0.0,0.0
0.7,0.6049753308174175,0.0,1.0
0.7,0.7034665596959845,0.0,0.0
0.7,0.687036247670188,0.0,0.0
0.7,0.730555074817583,0.0,0.0
0.7,0.6725153611417408,0.0,0.0
0.7,0.8072466045181235,0.0,0.0
0.7,0.652426660248031,0.0,0.0
0.7,0.6472375710427769,0.0,0.0
0.7,0.7216805607108154,0.0,1.0
0.7,0.6626851811388309,0.0,0.0
0.7,0.6629636684739004,0.0,0.0
0.7,0.6703280219346521,0.0,1.0
0.7,0.7574333286052046,0.0,0.0
0.7,0.557048784275275,0.0,0.0
0.7,0.757456477278975,0.0,0.0
0.7,0.6581288576133557,0.0,0.0
0.7,0.7205584882727681,0.0,0.0
0.7,0.7883617598588563,0.0,0.0
0.7,0.6264846403006018,0.0,0.0
0.7,0.7273001023393987,0.0,0.0
0.7,0.6359907681152125,0.0,0.0
0.7,0.6678837349139068,0.0,0.0
0.7,0.7170710148478181,0.0,0.0
0.7,0.648558643101685,0.0,0.0
0.7,0.8096448470098155,0.0,0.0
0.7,0.6566976867323405,0.0,0.0
0.7,0.7032906127816676,0.0,0.0
0.7,0.5973769566043164,0.0,0.0
0.7,0.5583620890007039,0.0,0.0
0.7,0.7032613652260855,0.0,0.0
0.7,0.6923008993624312,0.0,0.0
0.7,0.7114225376596113,0.0,0.0
0.7,0.7283835637323803,0.0,0.0
0.7,0.7144752874530803,0.0,0.0
0.7,0.7968367485855102,0.0,0.0
0.7,0.4686150447676047,0.0,0.0
0.7,0.6701462065324233,0.0,0.0
0.7,0.7036056103788219,0.0,0.0
0.7,0.7190637494193035,0.0,0.0
0.7,0.6838864476242144,0.0,0.0
0.7,0.6795988961273194,0.0,0.0
0.7,0.6733592099890141,0.0,0.0
0.7,0.72039335173115,0.0,1.0
0.7,0.6576972440864796,0.0,0.0
0.7,0.7523944462261096,0.0,0.0
0.7,0.6758913751055345,0.0,0.0
0.7,0.7135323690293262,0.0,0.0
0.7,0.6750623678260361,0.0,0.0
0.7,0.6930523532259586,0.0,0.0
0.7,0.7906184199741388,0.0,0.0
0.7,0.6856884906330322,0.0,0.0
0.7,0.7030700601740667,0.0,0.0
0.7,0.6841745721605047,0.0,0.0
0.7,0.6739203634617322,0.0,0.0
0.7,0.5587230903666216,0.0,0.0
0.7,0.7372527220187871,0.0,0.0
0.7,0.7258509092700174,0.0,0.0
0.7,0.5876029620830265,0.0,0.0
0.7,0.6818365355618483,0.0,0.0
0.7,0.7215155010934339,0.0,0.0
0.7,0.729534036339901,0.0,0.0
0.7,0.6181039790240779,0.0,0.0
0.7,0.6929512635594923,0.0,0.0
0.7,0.712114500688157,0.0,0.0
0.7,0.626801798643672,0.0,0.0
0.7,0.7711191655254256,0.0,0.0
0.7,0.7266639892395236,0.0,0.0
0.7,0.7383932364126347,0.0,0.0
0.7,0.6501709147250717,0.0,0.0
0.7,0.6363798929179646,0.0,0.0
0.7,0.7047556549768896,0.0,0.0
0.7,0.7360068775468431,0.0,0.0
0.7,0.7054909177342492,0.0,0.0
0.7,0.6757684277473804,0.0,0.0
0.7,0.7062921014095668,0.0,0.0
0.7,0.6748416780586605,0.0,1.0
0.7,0.6752021297016266,0.0,0.0
0.7,0.7641712097028142,0.0,0.0
0.7,0.6628807011314705,0.0,0.0
0.7,0.7272393806996426,0.0,0.0
0.7,0.7211507971753426,0.0,0.0
0.7,0.6920520497353052,0.0,0.0
0.7,0.7310409016798282,0.0,1.0
0.7,0.6201079381820791,0.0,0.0
0.7,0.6163420794346303,0.0,0.0
0.7,0.6730714712528203,0.0,0.0
0.7,0.6944080580012848,0.0,0.0
0.7,0.7167755096528081,0.0,0.0
0.7,0.6991609830479281,0.0,0.0
0.7,0.7004225309185892,0.0,0.0
0.7,0.7494794801040335,0.0,0.0
0.7,0.7450085403940993,0.0,0.0
0.7,0.727833746906691,0.0,0.0
0.7,0.6308479811263549,0.0,0.0
0.7,0.6861813575149656,0.0,0.0
0.7,0.6659262106410094,0.0,0.0
0.7,0.616785025094408,0.0,0.0
0.7,0.7507895457751459,0.0,0.0
0.7,0.7136235831214698,0.0,0.0
0.7,0.7822202210706879,0.0,0.0
0.7,0.7216667161968634,0.0,0.0
0.7,0.6799272341729705,0.0,0.0
0.7,0.7440012467015236,0.0,0.0
0.7,0.72202111741924,0.0,0.0
0.7,0.7265694005241226,0.0,0.0
0.7,0.7190001162067424,0.0,0.0
0.7,0.6305059706750642,0.0,0.0
0.7,0.617489038635152,0.0,0.0
0.7,0.7184142324246247,0.0,0.0
0.7,0.6109027154615215,0.0,0.0
0.7,0.5623010595774794,0.0,0.0
0.7,0.6487733543376673,0.0,0.0
0.7,0.702702438057367,0.0,0.0
0.7,0.7650671792622572,0.0,0.0
0.7,0.6374353539099086,0.0,0.0
0.7,0.733598283628981,0.0,0.0
0.7,0.734585531244675,0.0,0.0
0.7,0.707904454324482,0.0,0.0
0.7,0.7745714918710946,0.0,0.0
0.7,0.6619040005072967,0.0,0.0
0.7,0.6234386898041578,0.0,0.0
0.7,0.7033986986997508,0.0,0.0
0.7,0.7118729829866474,0.0,0.0
0.7,0.7274408803327165,0.0,0.0
0.7,0.7351840785255317,0.0,0.0
0.7,0.6991427907028391,0.0,0.0
0.7,0.6656868223061704,0.0,0.0
0.7,0.6464499575752927,0.0,0.0
0.7,0.7356654011563571,0.0,0.0
0.7,0.678808508291065,0.0,0.0
0.7,0.7419793577280779,0.0,0.0
0.7,0.6819187272769216,0.0,0.0
0.7,0.7044081179301441,0.0,0.0
0.7,0.7003374026753726,0.0,0.0
0.7,0.7215584464299518,0.0,0.0
0.7,0.7419168180569001,0.0,0.0
0.7,0.6818302363449037,0.0,0.0
0.7,0.6822412977349074,0.0,0.0
0.7,0.6947902943478348,0.0,0.0
0.7,0.5681192974981598,0.0,0.0
0.7,0.6738084226789839,0.0,0.0
0.7,0.7846681576288675,0.0,0.0
0.7,0.5755160358395036,0.0,0.0
0.7,0.7365121869463974,0.0,0.0
0.7,0.6995899528770967,0.0,0.0
0.7,0.6393168047171105,0.0,0.0
0.7,0.6171376125114257,0.0,0.0
0.7,0.6895031701418992,0.0,0.0
0.7,0.7238830316809612,0.0,0.0
0.7,0.7124023610984416,0.0,0.0
0.7,0.7128108195759381,0.0,0.0
0.7,0.638058571478353,0.0,0.0
0.7,0.7279229974319896,0.0,0.0
0.7,0.6436632415789879,0.0,0.0
0.7,0.7328170987717899,0.0,0.0
0.7,0.6737496162519269,0.0,0.0
0.7,0.7243853377546817,0.0,0.0
0.7,0.5943517910386513,0.0,0.0
0.7,0.6664918646480108,0.0,0.0
0.7,0.6498029602519535,0.0,0.0
0.7,0.6031599243375783,0.0,0.0
0.7,0.6814110788585959,0.0,0.0
0.7,0.7024093578767135,0.0,0.0
0.7,0.6592475046479901,0.0,0.0
0.7,0.7107081049270776,0.0,0.0
0.7,0.7057599754519529,0.0,1.0
0.7,0.7310246113998776,0.0,0.0
0.7,0.6635103438566887,0.0,0.0
0.7,0.7629920863879017,0.0,0.0
0.7,0.6628462601347027,0.0,0.0
0.7,0.6131745555250809,0.0,0.0
0.7,0.7243711659581422,0.0,0.0
0.7,0.750472671145285,0.0,0.0
0.7,0.6888699842795248,0.0,0.0
0.7,0.7169328305753395,0.0,0.0
0.7,0.6651052564642761,0.0,0.0
0.7,0.6852226416954746,0.0,0.0
0.7,0.6385355341997295,0.0,0.0
0.7,0.6808565615232719,0.0,0.0
0.7,0.7075747032474667,0.0,0.0
0.7,0.6677589950141061,0.0,0.0
0.7,0.6827438226037661,0.0,0.0
0.7,0.6640280925057163,0.0,0.0
0.7,0.7669812971036447,0.0,1.0
0.7,0.693200887773693,0.0,0.0
0.7,0.7149440548904822,0.0,0.0
0.7,0.711671918948525,0.0,0.0
0.7,0.6751730310234701,0.0,0.0
0.7,0.7111486629989757,0.0,0.0
0.7,0.673793287961106,0.0,0.0
0.7,0.7272258058928509,0.0,0.0
0.7,0.7646620890891005,0.0,0.0
0.7,0.5914879910933362,0.0,0.0
0.7,0.7752940305533563,0.0,0.0
0.7,0.7642336685869113,0.0,0.0
0.7,0.719515501425781,0.0,0.0
0.7,0.6711046880116412,0.0,0.0
0.7,0.6763933987714283,0.0,0.0
0.7,0.7411931119179643,0.0,0.0
0.7,0.6604683021814763,0.0,0.0
0.7,0.6588785402650996,0.0,0.0
0.7,0.7013153971686672,0.0,0.0
0.7,0.7591744897786358,0.0,0.0
0.7,0.6784750690969225,0.0,0.0
0.7,0.5616080263410886,0.0,0.0
0.7,0.6777976034185871,0.0,0.0
0.7,0.7208662101661171,0.0,0.0
0.7,0.5657270582211251,0.0,0.0
0.7,0.7184767076773657,0.0,0.0
0.7,0.6413817837826914,0.0,0.0
0.7,0.6731976915176329,0.0,0.0
0.7,0.7792298514193717,0.0,0.0
0.7,0.7674224871895532,0.0,0.0
0.7,0.6045840056429456,0.0,0.0
0.7,0.6068727380393071,0.0,0.0
0.7,0.6045203696494094,0.0,0.0
0.7,0.7468307174138535,0.0,0.0
0.7,0.6791665576867799,0.0,0.0
0.7,0.7255603604187557,0.0,0.0
0.7,0.6540050501385158,0.0,0.0
0.7,0.6312189223699514,0.0,0.0
0.7,0.7548793052272187,0.0,0.0
0.7,0.7433008952776501,0.0,0.0
0.7,0.7091660723112637,0.0,0.0
0.7,0.6218242683547721,0.0,0.0
0.7,0.594211881096978,0.0,0.0
0.7,0.6790412114138378,0.0,0.0
0.7,0.6949512077731657,0.0,0.0
0.7,0.5906900008844306,0.0,0.0
0.7,0.7012721450190307,0.0,0.0
0.7,0.6213649796362226,0.0,0.0
0.7,0.7444728554897001,0.0,0.0
0.7,0.6266297365299655,0.0,0.0
0.7,0.6704377970958026,0.0,0.0
0.7,0.7123217790991411,0.0,0.0
0.7,0.7382181640238319,0.0,0.0
0.7,0.6546725866862154,0.0,0.0
0.7,0.7256333698095426,0.0,0.0
0.7,0.6109112672221251,0.0,0.0
0.7,0.6512938644390459,0.0,0.0
0.7,0.6726425222259937,0.0,0.0
0.7,0.72418110284675,0.0,0.0
0.7,0.7154435672567555,0.0,0.0
0.7,0.6299277795429111,0.0,0.0
0.7,0.7415438183792208,0.0,0.0
0.7,0.7096426933922302,0.0,1.0
0.7,0.7528736693029529,0.0,0.0
0.7,0.7570962440158593,0.0,0.0
0.7,0.6753615570969397,0.0,0.0
0.7,0.7149150759131723,0.0,0.0
0.7,0.7459939461196314,0.0,0.0
0.7,0.6520723101909398,0.0,0.0
0.7,0.6639324214667504,0.0,0.0
0.7,0.6689863036229577,0.0,0.0
0.7,0.6976010342497659,0.0,0.0
0.7,0.7457068280742951,0.0,0.0
0.7,0.6428513265979264,0.0,0.0
0.7,0.6849902034614569,0.0,0.0
0.7,0.7171488158071483,0.0,0.0
0.7,0.6484833814312265,0.0,0.0
0.7,0.742117592689674,0.0,0.0
0.7,0.7126620220696311,0.0,0.0
0.7,0.6742739254794566,0.0,0.0
0.7,0.741399617957692,0.0,0.0
0.7,0.6400653835925948,0.0,0.0
0.7,0.7890746516743621,0.0,0.0
0.7,0.7084143779433949,0.0,0.0
0.7,0.7219352185387082,0.0,0.0
0.7,0.7038343493279419,0.0,0.0
0.7,0.7096926461808846,0.0,0.0
0.7,0.6874649185077668,0.0,0.0
0.7,0.6116105533011388,0.0,0.0
0.7,0.7602048983619255,0.0,0.0
0.7,0.7037768658750699,0.0,0.0
0.7,0.7002693278122623,0.0,0.0
0.7,0.6622505750084778,0.0,0.0
0.7,0.6958651050974433,0.0,0.0
0.7,0.6019743427232371,0.0,0.0
0.7,0.6802010525285824,0.0,0.0
0.7,0.7323576892030287,0.0,0.0
0.7,0.6802344249780882,0.0,0.0
0.7,0.6637533509583393,0.0,0.0
0.7,0.7081019878637368,0.0,0.0
0.7,0.6540998849860827,0.0,0.0
0.7,0.6725420956111685,0.0,0.0
0.7,0.6606464815690156,0.0,0.0
0.7,0.7086492535549633,0.0,1.0
0.7,0.776165478782201,0.0,0.0
0.7,0.6850033316801719,0.0,0.0
0.7,0.6247691215278666,0.0,0.0
0.7,0.6705718361516267,0.0,0.0
0.7,0.7270164730026234,0.0,0.0
0.7,0.7119650325733196,0.0,0.0
0.7,0.6695601655118809,0.0,0.0
0.7,0.7001065488832819,0.0,0.0
0.7,0.7670515061125808,0.0,0.0
0.7,0.7319935650842785,0.0,0.0
0.7,0.6332556000675397,0.0,0.0
0.7,0.688567068427497,0.0,0.0
0.7,0.7623922613077452,0.0,0.0
0.7,0.6990262089126923,0.0,0.0
0.7,0.7510499454214189,0.0,0.0
0.7,0.6537085972867894,0.0,0.0
0.7,0.6698894337011408,0.0,0.0
0.7,0.7087186186053187,0.0,0.0
0.7,0.7031223061682702,0.0,0.0
0.7,0.693985942862359,0.0,0.0
0.7,0.6764473381041288,0.0,0.0
0.7,0.7174867025635763,0.0,0.0
0.7,0.6828493501541442,0.0,0.0
0.7,0.6370214202890807,0.0,0.0
0.7,0.6674219444591605,0.0,0.0
0.7,0.6820018299130874,0.0,0.0
0.7,0.6873538225908739,0.0,0.0
0.7,0.7029483046162909,0.0,0.0
0.7,0.7371455228253728,0.0,0.0
0.7,0.6267273427935559,0.0,0.0
0.7,0.6854890995369665,0.0,0.0
0.7,0.5911470269260787,0.0,0.0
0.7,0.7048301038203413,0.0,0.0
0.7,0.6626344950904778,0.0,0.0
0.7,0.7628073330238845,0.0,0.0
0.7,0.7350688434788585,0.0,0.0
0.7,0.7265569240323242,0.0,0.0
0.7,0.795083345255911,0.0,0.0
0.7,0.7119340695476751,0.0,0.0
0.7,0.6555340942970163,0.0,0.0
0.7,0.6861777131700664,0.0,0.0
0.7,0.7488936073021131,0.0,0.0
0.7,0.6610235973638185,0.0,0.0
0.7,0.7077378194519036,0.0,0.0
0.7,0.636646256549757,0.0,0.0
0.7,0.7113010499078181,0.0,0.0
0.7,0.7049145266189626,0.0,0.0
0.7,0.7111503070962788,0.0,0.0
0.7,0.6515570590215012,0.0,0.0
0.7,0.7477933039781725,0.0,0.0
0.7,0.6325493475323326,0.0,0.0
0.7,0.6274003136917561,0.0,0.0
0.7,0.7526704318610798,0.0,0.0
0.7,0.6963911997018735,0.0,0.0
0.7,0.6845193773885563,0.0,0.0
0.7,0.6946529382849088,0.0,0.0
0.7,0.7589091836750841,0.0,0.0
0.7,0.6927862664614762,0.0,0.0
0.7,0.764020108586475,0.0,0.0
0.7,0.7329652742159096,0.0,0.0
0.7,0.8299279517035142,0.0,1.0
0.7,0.7008339843669127,0.0,0.0
0.7,0.7160890373686243,0.0,0.0
0.7,0.5918777369996671,0.0,0.0
0.7,0.7280190179583302,0.0,0.0
0.7,0.6462024859338994,0.0,0.0
0.7,0.6400535078196798,0.0,0.0
0.7,0.6475421954125808,0.0,0.0
0.7,0.6861135689374616,0.0,0.0
0.7,0.7060225123245727,0.0,0.0
0.7,0.6730056309837542,0.0,0.0
0.7,0.6698985690875069,0.0,0.0
0.7,0.6058841764708597,0.0,0.0
0.7,0.6278642371417178,0.0,0.0
0.7,0.6364875192434947,0.0,0.0
0.7,0.6972407817559338,0.0,0.0
0.7,0.6228832223682125,0.0,0.0
0.7,0.7071116732420059,0.0,0.0
0.7,0.5867788742481501,0.0,0.0
0.7,0.727339043880379,0.0,0.0
0.7,0.6020276838036694,0.0,0.0
0.7,0.698733343031814,0.0,0.0
0.7,0.7823153405396924,0.0,0.0
0.7,0.7348888599235652,0.0,0.0
0.7,0.7044396663869311,0.0,0.0
0.7,0.7128470115584694,0.0,0.0
0.7,0.7262183046484044,0.0,0.0
0.7,0.5975064946078735,0.0,0.0
0.7,0.6272848175469167,0.0,0.0
0.7,0.6542896338085943,0.0,0.0
0.7,0.7487001514060058,0.0,0.0
0.7,0.7040215793411246,0.0,0.0
0.7,0.7009524461138307,0.0,0.0
0.7,0.716802670043839,0.0,0.0
0.7,0.6379003139155445,0.0,0.0
0.7,0.7296919922239846,0.0,0.0
0.7,0.7156262087510943,0.0,0.0
0.7,0.7403367252585178,0.0,0.0
0.7,0.7382170803233759,0.0,0.0
0.7,0.7214522929060943,0.0,0.0
0.7,0.7245094286203014,0.0,0.0
0.7,0.7615976901680002,0.0,0.0
0.7,0.7784917875214614,0.0,1.0
0.7,0.6689961740656243,0.0,0.0
0.7,0.6871607321221839,0.0,0.0
0.7,0.7002215051467318,0.0,0.0
0.7,0.6359754258244221,0.0,0.0
0.7,0.631232875493443,0.0,0.0
0.7,0.7150620903848491,0.0,0.0
0.7,0.6658012085909835,0.0,0.0
0.7,0.6674806183210528,0.0,0.0
0.7,0.697144856111687,0.0,0.0
0.7,0.702383645585297,0.0,0.0
0.7,0.7168908069795715,0.0,0.0
0.7,0.7118224612119444,0.0,0.0
0.7,0.7059154913998296,0.0,0.0
0.7,0.6788080047941566,0.0,0.0
0.7,0.7269057960712851,0.0,0.0
0.7,0.7465153698930683,0.0,0.0
0.7,0.7573489526887318,0.0,0.0
0.7,0.758415449981776,0.0,0.0
0.7,0.6375523247103039,0.0,0.0
0.7,0.7460168000446384,0.0,0.0
0.7,0.6492968113508482,0.0,0.0
0.7,0.649939288236855,0.0,0.0
0.7,0.7022499313522723,0.0,0.0
0.7,0.676310672144202,0.0,0.0
0.7,0.7114194744724684,0.0,1.0
0.7,0.7270919658376966,0.0,0.0
0.7,0.7214999760083723,0.0,1.0
0.7,0.7244113847205437,0.0,0.0
0.7,0.7169352292001009,0.0,0.0
0.7,0.7577604052771908,0.0,0.0
0.7,0.6511137110686511,0.0,0.0
0.7,0.6436989425547812,0.0,0.0
0.7,0.6517306324785279,0.0,0.0
0.7,0.6876456195465895,0.0,0.0
0.7,0.69232073586599,0.0,0.0
0.7,0.6357907088498528,0.0,0.0
0.7,0.6782672224162823,0.0,0.0
0.7,0.5843509280542746,0.0,0.0
0.7,0.6828516738679222,0.0,0.0
0.7,0.7313624422327479,0.0,0.0
0.7,0.7433134624401895,0.0,0.0
0.7,0.7119156028199212,0.0,0.0
0.7,0.6886742846793562,0.0,0.0
0.7,0.6376964335340477,0.0,0.0
0.7,0.7076784569294811,0.0,1.0
0.7,0.612648745175436,0.0,0.0
0.7,0.7148634014162712,0.0,0.0
0.7,0.7228251515889357,0.0,0.0
0.7,0.6335996063334632,0.0,0.0
0.7,0.6984429710280522,0.0,0.0
0.7,0.6316735391670054,0.0,0.0
0.7,0.6680657597988501,0.0,0.0
0.7,0.6838436836396132,0.0,0.0
0.7,0.6462892787267072,0.0,0.0
0.7,0.6834635809248586,0.0,0.0
0.7,0.7199306933393752,0.0,0.0
0.7,0.632478445283797,0.0,0.0
0.7,0.6922509226933106,0.0,0.0
0.7,0.6527714676576216,0.0,0.0
0.7,0.7251688141136352,0.0,0.0
0.7,0.6676974319964223,0.0,0.0
0.7,0.7849267171880265,0.0,0.0
0.7,0.5901658906467728,0.0,0.0
0.7,0.6711169367172649,0.0,0.0
0.7,0.7470704447153377,0.0,0.0
0.7,0.6393107220610061,0.0,0.0
0.7,0.712562332253319,0.0,0.0
0.7,0.700945324610343,0.0,0.0
0.7,0.7311274342693683,0.0,0.0
0.7,0.6850133983955443,0.0,0.0
0.7,0.636152085239355,0.0,0.0
0.7,0.6963630882839018,0.0,0.0
0.7,0.6168892859254251,0.0,0.0
0.7,0.6219014992883373,0.0,0.0
0.7,0.7140429630360255,0.0,0.0
0.7,0.5725765350100314,0.0,0.0
0.7,0.7267276037625113,0.0,0.0
0.7,0.6553453348484641,0.0,0.0
0.7,0.7389141789496622,0.0,0.0
0.7,0.6243181523268176,0.0,0.0
0.7,0.6748909651756979,0.0,0.0
0.7,0.7096934393241398,0.0,0.0
0.7,0.6350944906127035,0.0,0.0
0.7,0.5448467724568522,0.0,0.0
0.7,0.6574154778723249,0.0,0.0
0.7,0.7052970253324862,0.0,0.0
0.7,0.7281657776764275,0.0,0.0
0.7,0.6539675862686166,0.0,1.0
0.7,0.7381331064254717,0.0,0.0
0.7,0.6794924225838482,0.0,0.0
0.7,0.7092265332967503,0.0,0.0
0.7,0.7668926364795816,0.0,0.0
0.7,0.6161261682706418,0.0,0.0
0.7,0.5328081814271779,0.0,0.0
0.7,0.7128986257728331,0.0,0.0
0.7,0.7806466657506769,0.0,0.0
0.7,0.7145725131311648,0.0,0.0
0.7,0.7205805927638087,0.0,0.0
0.7,0.6667976463652395,0.0,0.0
0.7,0.69896088395791,0.0,0.0
0.7,0.670480855690662,0.0,0.0
0.7,0.6556984978613236,0.0,0.0
0.7,0.7673429107979672,0.0,0.0
0.7,0.6943924120236001,0.0,0.0
0.7,0.7308909094959141,0.0,0.0
0.7,0.7060712730432952,0.0,0.0
0.7,0.6752424196602046,0.0,0.0
0.7,0.6956088662364142,0.0,0.0
0.7,0.7025751779716054,0.0,0.0
0.7,0.5902819664536161,0.0,0.0
0.7,0.7622631935995915,0.0,0.0
0.7,0.7344413209316898,0.0,0.0
0.7,0.6331642798464684,0.0,0.0
0.7,0.7166660424785388,0.0,0.0
0.7,0.6854928986292345,0.0,0.0
0.7,0.6251349351320986,0.0,0.0
0.7,0.6741110123787524,0.0,0.0
0.7,0.7238620526422197,0.0,0.0
0.7,0.738833891926393,0.0,0.0
0.7,0.7585646327767143,0.0,0.0
0.7,0.5908978810691818,0.0,0.0
0.7,0.5748436591470116,0.0,0.0
0.7,0.6480795158413173,0.0,0.0
0.7,0.7659465493052566,0.0,0.0
0.7,0.7231858944623419,0.0,0.0
0.7,0.7085408968484077,0.0,0.0
0.7,0.6635223637642413,0.0,0.0
0.7,0.7234304623269323,0.0,0.0
0.7,0.619792477431546,0.0,0.0
0.7,0.6366699740056213,0.0,1.0
0.7,0.6450760622084577,0.0,0.0
0.7,0.6238099815051962,0.0,0.0
0.7,0.7297025029661703,0.0,0.0
0.7,0.6669133733418291,0.0,0.0
0.7,0.5867461793149451,0.0,0.0
0.7,0.6584842237646847,0.0,0.0
0.7,0.6381016202194794,0.0,1.0
0.7,0.590815496880305,0.0,0.0
0.7,0.6702521715610442,0.0,0.0
0.7,0.6887459258500902,0.0,0.0
0.7,0.7094477095851339,0.0,0.0
0.7,0.6513086022944284,0.0,0.0
0.7,0.6518503808332776,0.0,0.0
0.7,0.7015246522079449,0.0,0.0
0.7,0.6422823731968279,0.0,0.0
0.7,0.6970746350359297,0.0,0.0
0.7,0.6435765139629503,0.0,0.0
0.7,0.6993799265433014,0.0,0.0
0.7,0.7763047593399389,0.0,0.0
0.7,0.7194369047772899,0.0,0.0
0.7,0.6782547455780726,0.0,0.0
0.7,0.6858628751198051,0.0,0.0
0.7,0.6576910784398182,0.0,0.0
0.7,0.6910970539058474,0.0,0.0
0.7,0.676378787074856,0.0,0.0
0.7,0.7558178355428553,0.0,0.0
0.7,0.6570105517094704,0.0,0.0
0.7,0.5932112088053624,0.0,0.0
0.7,0.7393209992107378,0.0,0.0
0.7,0.7709956935101986,0.0,0.0
0.7,0.7074076863689397,0.0,0.0
0.7,0.6711629527327664,0.0,0.0
0.7,0.7562332467024361,0.0,0.0
0.7,0.6352052235864437,0.0,0.0
0.7,0.5671931272824793,0.0,1.0
0.7,0.6791752903423626,0.0,0.0
0.7,0.7048715708123138,0.0,0.0
0.7,0.6801640066433084,0.0,0.0
0.7,0.65792213961646,0.0,0.0
0.7,0.6235377952306778,0.0,0.0
0.7,0.635503961339497,0.0,0.0
0.7,0.7259027607913984,0.0,0.0
0.7,0.6770811166202785,0.0,0.0
0.7,0.6522367927993193,0.0,0.0
0.7,0.6505314983111429,0.0,0.0
0.7,0.6227143780661636,0.0,0.0
0.7,0.7488322916962661,0.0,0.0
0.7,0.663190652924071,0.0,0.0
0.7,0.6497859840937354,0.0,0.0
0.7,0.6480006996471477,0.0,0.0
0.7,0.679605311668783,0.0,0.0
0.7,0.4501282817038118,0.0,0.0
0.7,0.7256969221109101,0.0,0.0
0.7,0.6836018612045845,0.0,0.0
0.7,0.6860997024942839,0.0,0.0
0.7,0.649273916383445,0.0,0.0
0.7,0.724515188688698,0.0,0.0
0.7,0.6106554403509332,0.0,0.0
0.7,0.7625253620911672,0.0,0.0
0.7,0.7078597743778631,0.0,0.0
0.7,0.7046009141380685,0.0,0.0
0.7,0.578942501236465,0.0,0.0
0.7,0.6892327510265972,0.0,0.0
0.7,0.7124402632935671,0.0,0.0
0.7,0.7268798337758899,0.0,0.0
0.7,0.57921478411844,0.0,0.0
0.7,0.6873950631076535,0.0,0.0
0.7,0.7204820483779342,0.0,0.0
0.7,0.6738248156748898,0.0,0.0
0.7,0.6565266094271729,0.0,0.0
0.7,0.6662715098330989,0.0,0.0
0.7,0.6400813050631603,0.0,0.0
0.7,0.6591128355457646,0.0,0.0
0.7,0.711933012145232,0.0,0.0
0.7,0.7306764167333952,0.0,0.0
0.7,0.6845171003577987,0.0,0.0
0.7,0.6252753338108408,0.0,0.0
0.7,0.7449427249171778,0.0,0.0
0.7,0.6851315092782573,0.0,0.0
0.7,0.6326710544376279,0.0,0.0
0.7,0.6943938821119665,0.0,0.0
0.7,0.6876562778013539,0.0,0.0
0.7,0.7853029480654821,0.0,0.0
0.7,0.7286825793723977,0.0,0.0
0.7,0.715832569295965,0.0,0.0
0.7,0.6248237526181241,0.0,1.0
0.7,0.670124163746698,0.0,0.0
0.7,0.5909210682055565,0.0,0.0
0.7,0.6587670039853705,0.0,0.0
0.7,0.7570525062934258,0.0,0.0
0.7,0.587077347158774,0.0,0.0
0.7,0.6623956420736853,0.0,0.0
0.7,0.6653356435778824,0.0,0.0
0.7,0.6454609542120995,0.0,0.0
0.7,0.6607636973847313,0.0,1.0
0.7,0.6900295223104886,0.0,1.0
0.7,0.6453078235837534,0.0,0.0
0.7,0.5527291713614624,0.0,0.0
0.7,0.7407670383444734,0.0,1.0
0.7,0.6956661362148484,0.0,0.0
0.7,0.6659994941515246,0.0,0.0
0.7,0.6019062580979929,0.0,0.0
0.7,0.6328961705361728,0.0,0.0
0.7,0.7068675457039937,0.0,0.0
0.7,0.6319725018251825,0.0,0.0
0.7,0.6863756798595656,0.0,0.0
0.7,0.6410084596160754,0.0,0.0
0.7,0.7769500810352569,0.0,0.0
0.7,0.7907345572368053,0.0,0.0
0.7,0.6542035617869634,0.0,0.0
0.7,0.7296678080655445,0.0,0.0
0.7,0.7375167480754539,0.0,0.0
0.7,0.6304322831267197,0.0,0.0
0.7,0.641391487461111,0.0,0.0
0.7,0.5932995340552579,0.0,0.0
0.7,0.6128086417722846,0.0,0.0
0.7,0.6898188406540697,0.0,0.0
0.7,0.719948489729843,0.0,0.0
0.7,0.7090494112948483,0.0,0.0
0.7,0.6942036345603806,0.0,0.0
0.7,0.6157068087558862,0.0,0.0
0.7,0.5857966583174805,0.0,0.0
0.7,0.593488664857791,0.0,0.0
0.7,0.7501691535868122,0.0,0.0
0.7,0.6627887609553874,0.0,0.0
0.7,0.6255608188496358,0.0,0.0
0.7,0.6793746888687503,0.0,0.0
0.7,0.6572813986556874,0.0,0.0
0.7,0.7054211090959911,0.0,0.0
0.7,0.7742135039069462,0.0,0.0
0.7,0.6872626635182381,0.0,0.0
0.7,0.7091525579438774,0.0,0.0
0.7,0.6815707807223533,0.0,0.0
0.7,0.6297719291502551,0.0,0.0
0.7,0.5688679781804874,0.0,0.0
0.7,0.7409931828055819,0.0,0.0
0.7,0.6136910985584872,0.0,0.0
0.7,0.7665888051767074,0.0,0.0
0.7,0.6440281798715864,0.0,0.0
0.7,0.7169325988279803,0.0,0.0
0.7,0.7412617716113246,0.0,0.0
0.7,0.7936296563774222,0.0,0.0
0.7,0.74438765000369,0.0,0.0
0.7,0.7268063967695031,0.0,0.0
0.7,0.6778116644701226,0.0,0.0
0.7,0.7060583795128907,0.0,0.0
0.7,0.7194300441153341,0.0,0.0
0.7,0.7042652136322929,0.0,0.0
0.7,0.6527658041603426,0.0,0.0
0.7,0.6374242996921461,0.0,0.0
0.7,0.6515755172494202,0.0,0.0
0.7,0.6570164004108866,0.0,0.0
0.7,0.7094060243485529,0.0,0.0
0.7,0.7401734998757667,0.0,0.0
0.7,0.5631569498272488,0.0,0.0
0.7,0.5535980405848651,0.0,0.0
0.7,0.6742557777105626,0.0,0.0
0.7,0.5850826158386702,0.0,0.0
0.7,0.6655344932667513,0.0,0.0
0.7,0.5927365006582048,0.0,0.0
0.7,0.6943073325219252,0.0,0.0
0.7,0.6858354766116371,0.0,0.0
0.7,0.7269269548927202,0.0,0.0
0.7,0.6951595213550572,0.0,0.0
0.7,0.6150416075264475,0.0,0.0
0.7,0.6694435018202513,0.0,0.0
0.7,0.7851651423191403,0.0,0.0
0.7,0.6989491819871755,0.0,0.0
0.7,0.7619749843841409,0.0,0.0
0.7,0.6221785852995486,0.0,0.0
0.7,0.6916313345823669,0.0,0.0
0.7,0.6557988719066191,0.0,0.0
0.7,0.7107982854149358,0.0,0.0
0.7,0.6824107549167332,0.0,0.0
0.7,0.7747920647932856,0.0,0.0
0.7,0.6476990554117575,0.0,0.0
0.7,0.691290366380269,0.0,0.0
0.7,0.7048789003245265,0.0,0.0
0.7,0.6748765990674511,0.0,0.0
0.7,0.6695058074995406,0.0,0.0
0.7,0.729832024618436,0.0,0.0
0.7,0.6766652510117711,0.0,0.0
0.7,0.688795631450198,0.0,0.0
0.7,0.7623425356116456,0.0,0.0
0.7,0.6436036340825803,0.0,0.0
0.7,0.5533770574649426,0.0,0.0
0.7,0.7149704023002202,0.0,0.0
0.7,0.5990141099124597,0.0,0.0
0.7,0.6445727532810148,0.0,0.0
0.7,0.6964753156036942,0.0,0.0
0.7,0.7359688587187471,0.0,0.0
0.7,0.6791477094081917,0.0,0.0
0.7,0.7269014904771425,0.0,0.0
0.7,0.6515894639685412,0.0,0.0
0.7,0.7689677853484763,0.0,0.0
0.7,0.7390375537938535,0.0,0.0
0.7,0.7088298383928989,0.0,0.0
0.7,0.7362935148027535,0.0,0.0
0.7,0.6920414363410498,0.0,0.0
0.7,0.6603536882477861,0.0,0.0
0.7,0.6340679295467639,0.0,0.0
0.7,0.7349952449892361,0.0,0.0
0.7,0.6751761208372774,0.0,0.0
0.7,0.6299787282804085,0.0,0.0
0.7,0.620158840358855,0.0,0.0
0.7,0.635626937844977,0.0,0.0
0.7,0.6539381764590294,0.0,0.0
0.7,0.727807580066425,0.0,0.0
0.7,0.6865026406575883,0.0,0.0
0.7,0.7392293020673736,0.0,0.0
0.7,0.7206183310569999,0.0,0.0
0.7,0.7117464826900631,0.0,0.0
0.7,0.6801865270837597,0.0,0.0
0.7,0.641930302641174,0.0,0.0
0.7,0.7625555338119633,0.0,0.0
0.7,0.7091704228378114,0.0,0.0
0.7,0.7492424710403023,0.0,0.0
0.7,0.7043819932056683,0.0,0.0
0.7,0.5329765505511747,0.0,0.0
0.7,0.748842504431862,0.0,0.0
0.7,0.6941134315112769,0.0,0.0
0.7,0.7429713894401717,0.0,0.0
0.7,0.718900585938902,0.0,0.0
0.7,0.6743516547100722,0.0,0.0
0.7,0.689141255289495,0.0,0.0
0.7,0.7165540102977611,0.0,0.0
0.7,0.6370810233446295,0.0,0.0
0.7,0.7102235129759245,0.0,0.0
0.7,0.6548975083358582,0.0,0.0
0.7,0.5780466234760199,0.0,0.0
0.7,0.6897209909749703,0.0,0.0
0.7,0.6675288845408772,0.0,0.0
0.7,0.6704246524152403,0.0,0.0
0.7,0.742210565738878,0.0,0.0
0.7,0.6833001673067626,0.0,0.0
0.7,0.6327441376730684,0.0,0.0
0.7,0.6942305992259615,0.0,0.0
0.7,0.7171698830283212,0.0,0.0
0.7,0.7556791026593895,0.0,0.0
0.7,0.6038091867146825,0.0,0.0
0.7,0.6993161074417426,0.0,0.0
0.7,0.7801909689276029,0.0,0.0
0.7,0.6130352586377457,0.0,0.0
0.7,0.6719808298231954,0.0,0.0
0.7,0.6995209940577867,0.0,0.0
0.7,0.7051760974018674,0.0,0.0
0.7,0.6514846936149491,0.0,0.0
0.7,0.6948954956804141,0.0,0.0
0.7,0.697270559605813,0.0,0.0
0.7,0.7206634973907593,0.0,0.0
0.7,0.6403503324685048,0.0,0.0
0.7,0.7074076419074572,0.0,0.0
0.7,0.587067268271622,0.0,0.0
0.7,0.7621019987423115,0.0,0.0
0.7,0.6680155827671352,0.0,0.0
0.7,0.7355888272594572,0.0,0.0
0.7,0.7197149832042045,0.0,0.0
0.7,0.69932909923311,0.0,0.0
0.7,0.6422126940826223,0.0,0.0
0.7,0.6111100859906311,0.0,0.0
0.7,0.6598943525713304,0.0,0.0
0.7,0.6377427799681772,0.0,0.0
0.7,0.6049625628780065,0.0,0.0
0.7,0.7370745005219449,0.0,0.0
0.7,0.6867527641869526,0.0,0.0
0.7,0.801757834126733,0.0,0.0
0.7,0.7556369336819933,0.0,0.0
0.7,0.7796691334725351,0.0,0.0
0.7,0.6141354507110439,0.0,0.0
0.7,0.6246718551780626,0.0,0.0
0.7,0.6598126461524938,0.0,0.0
0.7,0.7326200972801195,0.0,0.0
0.7,0.6067839311377169,0.0,0.0
0.7,0.6148040233414896,0.0,1.0
0.7,0.6523236823637877,0.0,0.0
0.7,0.6492487085286694,0.0,0.0
0.7,0.6582643021121941,0.0,0.0
0.7,0.6728480740627013,0.0,0.0
0.7,0.7187669371006592,0.0,0.0
0.7,0.7475999377995034,0.0,0.0
0.7,0.7278312162096097,0.0,0.0
0.7,0.6100122281468617,0.0,0.0
0.7,0.6467097805148323,0.0,0.0
0.7,0.6737306636160463,0.0,0.0
0.7,0.585900260359137,0.0,0.0
0.7,0.6343615289379663,0.0,0.0
0.7,0.7968194537640865,0.0,0.0
0.7,0.7367355052131156,0.0,0.0
0.7,0.6715501283624183,0.0,0.0
0.7,0.6819275470017824,0.0,0.0
0.7,0.6390404108554183,0.0,0.0
0.7,0.7970930057459606,0.0,0.0
0.7,0.6171089389570906,0.0,0.0
0.7,0.7043404592435034,0.0,0.0
0.7,0.7426699274827018,0.0,0.0
0.7,0.6885266415430731,0.0,0.0
0.7,0.7079996963613183,0.0,0.0
0.7,0.7396740048352594,0.0,0.0
0.7,0.6107119970920475,0.0,0.0
0.7,0.7374558057838109,0.0,0.0
0.7,0.7318131889621533,0.0,0.0
0.7,0.7760808127789371,0.0,0.0
0.7,0.7320372479412521,0.0,0.0
0.7,0.6957562805725087,0.0,0.0
0.7,0.6671703753037477,0.0,0.0
0.7,0.7010790188037116,0.0,0.0
0.7,0.6771679562164992,0.0,0.0
0.7,0.6434710187872892,0.0,0.0
0.7,0.7198112429410454,0.0,0.0
0.7,0.6651585959183548,1.0,1.0
0.7,0.6153725041638736,0.0,0.0
0.7,0.6676593516875007,0.0,0.0
0.7,0.729150262001019,0.0,0.0
0.7,0.7271950772746397,0.0,0.0
0.7,0.7612904503784839,1.0,1.0
0.7,0.7411291049272144,0.0,0.0
0.7,0.5611958336910932,0.0,0.0
0.7,0.682010575870882,0.0,0.0
0.7,0.6955034842954941,0.0,0.0
0.7,0.7016935789464857,0.0,0.0
0.7,0.6887036418190643,0.0,0.0
0.7,0.7207595709516017,0.0,0.0
0.7,0.7354736831634177,0.0,0.0
0.7,0.6749023874450956,0.0,0.0
0.7,0.6432087979190135,0.0,0.0
0.7,0.636493549650691,0.0,0.0
0.7,0.7244606786211184,0.0,0.0
0.7,0.6688627058264696,0.0,0.0
0.7,0.5895248848266387,0.0,0.0
0.7,0.6842293370334117,0.0,0.0
0.7,0.7667723069629037,0.0,0.0
0.7,0.6906191198901114,0.0,0.0
0.7,0.6476003268343484,0.0,0.0
0.7,0.6614604133005212,0.0,0.0
0.7,0.6849360033099919,0.0,0.0
0.7,0.782554988957716,0.0,0.0
0.7,0.6512153374972457,0.0,0.0
0.7,0.611522394588477,0.0,0.0
0.7,0.6315055616143398,0.0,0.0
0.7,0.7644863997055562,0.0,0.0
0.7,0.7046477951345013,0.0,0.0
0.7,0.7357153098976765,0.0,0.0
0.7,0.6911463386738681,0.0,0.0
0.7,0.725093988191565,0.0,0.0
0.7,0.6597784318411183,0.0,0.0
0.7,0.6727395115774848,0.0,0.0
0.7,0.7930574159130631,0.0,0.0
0.7,0.7004337681958462,0.0,0.0
0.7,0.7459734069385653,0.0,0.0
0.7,0.6982783816741661,0.0,0.0
0.7,0.7331641385229796,0.0,0.0
0.7,0.698142458161407,0.0,0.0
0.7,0.6013147662236337,0.0,0.0
0.7,0.7255012179946093,0.0,0.0
0.7,0.6761971046066464,0.0,0.0
0.7,0.7240991195209913,0.0,0.0
0.7,0.7070105911253192,0.0,0.0
0.7,0.6455929861055018,0.0,0.0
0.7,0.7354359313633849,0.0,0.0
0.7,0.6865802573768983,0.0,0.0
0.7,0.6725722610579808,0.0,0.0
0.7,0.7460776592050072,0.0,0.0
0.7,0.7193552047157635,0.0,0.0
0.7,0.7638158557759482,0.0,0.0
0.7,0.6199713000227481,0.0,0.0
0.7,0.6648524492437863,0.0,0.0
0.7,0.7021233361237832,0.0,0.0
0.7,0.7779246992043485,0.0,0.0
0.85,0.8409925516584621,0.0,0.0
0.85,0.8917251498652288,0.0,0.0
0.85,0.8242104810550436,0.0,0.0
0.85,0.7770546660054163,0.0,0.0
0.85,0.8251496081459139,0.0,0.0
0.85,0.7916434020225294,0.0,0.0
0.85,0.8691187836428913,0.0,0.0
0.85,0.8620731413716428,0.0,0.0
0.85,0.8471936636609837,0.0,0.0
0.85,0.8317447216140229,0.0,0.0
0.85,0.8477799966497791,0.0,0.0
0.85,0.7941859519248908,0.0,0.0
0.85,0.8188853332481233,0.0,0.0
0.85,0.8287999881896327,0.0,0.0
0.85,0.8116878793557356,0.0,0.0
0.85,0.8689286535460392,0.0,0.0
0.85,0.8300832528652896,0.0,0.0
0.85,0.8203228141054896,0.0,0.0
0.85,0.8918650576978311,0.0,0.0
0.85,0.8227963804347823,0.0,0.0
0.85,0.8151597787178722,0.0,0.0
0.85,0.7929351643762208,0.0,0.0
0.85,0.8118550365845608,0.0,0.0
0.85,0.8748996403876057,0.0,0.0
0.85,0.789017299920587,0.0,0.0
0.85,0.807835580582779,0.0,0.0
0.85,0.7888489745883023,0.0,0.0
0.85,0.8724109708540152,0.0,0.0
0.85,0.7271106454283992,0.0,0.0
0.85,0.8201983673798083,0.0,0.0
0.85,0.8348197499788725,0.0,0.0
0.85,0.7774702630019363,0.0,0.0
0.85,0.9004317839351728,0.0,0.0
0.85,0.7611827458684884,0.0,0.0
0.85,0.873152026879443,0.0,0.0
0.85,0.8118368082460892,0.0,0.0
0.85,0.8772819273095513,0.0,0.0
0.85,0.8458072354465723,0.0,1.0
0.85,0.8691844086166295,0.0,0.0
0.85,0.8084990418663065,0.0,1.0
0.85,0.8650653866249148,0.0,0.0
0.85,0.7472647517215781,0.0,0.0
0.85,0.8891814724267758,0.0,0.0
0.85,0.8480414611919233,0.0,0.0
0.85,0.8214107176047724,0.0,0.0
0.85,0.8107887749663012,0.0,0.0
0.85,0.8772263263829608,0.0,0.0
0.85,0.8329107441919036,0.0,0.0
0.85,0.8743798746403277,0.0,0.0
0.85,0.8421888581292338,0.0,1.0
0.85,0.8523598346128215,0.0,0.0
0.85,0.9096382036748298,0.0,0.0
0.85,0.7575569696958481,0.0,1.0
0.85,0.8058433527596813,0.0,0.0
0.85,0.8221106269906862,0.0,0.0
0.85,0.8141459362028047,0.0,0.0
0.85,0.8113819512981847,0.0,0.0
0.85,0.8058183937567384,0.0,0.0
0.85,0.7935896694823718,0.0,0.0
0.85,0.8628966079053719,0.0,0.0
0.85,0.8680691150169952,0.0,0.0
0.85,0.7925454191602428,0.0,0.0
0.85,0.8603047313432356,0.0,0.0
0.85,0.8366053129609576,0.0,0.0
0.85,0.8268077733469377,0.0,0.0
0.85,0.7770097223343642,0.0,0.0
0.85,0.8578003576666059,0.0,0.0
0.85,0.8599863110448674,0.0,0.0
0.85,0.7343582381928907,0.0,0.0
0.85,0.8523513534589993,0.0,0.0
0.85,0.832231439291829,0.0,0.0
0.85,0.8351505522425315,0.0,0.0
0.85,0.888913205462405,0.0,0.0
0.85,0.8580960389748264,0.0,0.0
0.85,0.8625091026860456,0.0,0.0
0.85,0.8881882005406571,0.0,0.0
0.85,0.7868543306476383,0.0,0.0
0.85,0.8147694427567214,0.0,0.0
0.85,0.8866446171600866,0.0,0.0
0.85,0.8622324893610628,0.0,0.0
0.85,0.7575537449622451,0.0,0.0
0.85,0.8700187554366532,0.0,0.0
0.85,0.7496292080805624,0.0,0.0
0.85,0.8416141269160597,0.0,0.0
0.85,0.8075450225063736,0.0,0.0
0.85,0.7996776712792248,0.0,0.0
0.85,0.8161387428625013,0.0,0.0
0.85,0.8449314379564339,0.0,0.0
0.85,0.8858469800439818,0.0,0.0
0.85,0.8362878622945187,0.0,0.0
0.85,0.8869130133339528,0.0,0.0
0.85,0.7702908657118551,0.0,0.0
0.85,0.7796694858135393,0.0,0.0
0.85,0.8272089702040252,0.0,0.0
0.85,0.8017468241258063,0.0,0.0
0.85,0.8592822824122373,0.0,0.0
0.85,0.8987093729652553,0.0,0.0
0.85,0.8131279097392287,0.0,0.0
0.85,0.8488213174619241,0.0,0.0
0.85,0.7811168616889365,0.0,0.0
0.85,0.7601985345858219,0.0,0.0
0.85,0.8438411997301334,0.0,0.0
0.85,0.8672322033094995,0.0,0.0
0.85,0.752291146365992,1.0,1.0
0.85,0.7167664940040201,0.0,0.0
0.85,0.8238658829210131,0.0,0.0
0.85,0.9035360210454176,0.0,0.0
0.85,0.6598359520870294,0.0,0.0
0.85,0.8310121363465118,0.0,0.0
0.85,0.86416140303797,0.0,0.0
0.85,0.8767867438871978,0.0,0.0
0.85,0.8501178445809894,0.0,0.0
0.85,0.8782883445089154,0.0,0.0
0.85,0.8790344986108454,0.0,0.0
0.85,0.8538365608729541,0.0,0.0
0.85,0.8413086681118751,0.0,0.0
0.85,0.8331708031383035,0.0,0.0
0.85,0.7931503233169587,0.0,0.0
0.85,0.8153483355706844,0.0,0.0
0.85,0.863175114526369,0.0,0.0
0.85,0.8481108151388512,0.0,0.0
0.85,0.8489794482496107,0.0,0.0
0.85,0.817446660987365,0.0,0.0
0.85,0.8899462713720675,0.0,0.0
0.85,0.8397482791916306,0.0,0.0
0.85,0.8497363070912817,0.0,0.0
0.85,0.8205485897055739,0.0,1.0
0.85,0.864904581789979,0.0,0.0
0.85,0.8561767167077622,0.0,0.0
0.85,0.8302107189688267,0.0,0.0
0.85,0.7734502292491893,0.0,0.0
0.85,0.8421669481287862,0.0,0.0
0.85,0.8066962868064022,0.0,0.0
0.85,0.8263249273012551,0.0,0.0
0.85,0.7542110143469453,0.0,0.0
0.85,0.8686417986510834,0.0,0.0
0.85,0.7849639302492356,0.0,0.0
0.85,0.7731833471949068,0.0,0.0
0.85,0.8052976011015127,0.0,0.0
0.85,0.8727581539708645,0.0,0.0
0.85,0.8747141439318885,0.0,0.0
0.85,0.8353609267432369,0.0,0.0
0.85,0.8432416085816647,0.0,0.0
0.85,0.7989805861895205,0.0,0.0
0.85,0.8147254557808421,0.0,0.0
0.85,0.8522890605905685,0.0,0.0
0.85,0.848542462630189,0.0,0.0
0.85,0.8867248666312961,0.0,0.0
0.85,0.8654861249376259,0.0,0.0
0.85,0.8178381353368235,0.0,0.0
0.85,0.7984287593170353,0.0,0.0
0.85,0.842422130473632,0.0,0.0
0.85,0.7692891683056613,0.0,0.0
0.85,0.8562692877619525,0.0,0.0
0.85,0.8579863405850102,0.0,0.0
0.85,0.8754992418898767,0.0,0.0
0.85,0.8073323527886662,0.0,0.0
0.85,0.8668514775681855,0.0,0.0
0.85,0.8401749152493043,0.0,0.0
0.85,0.8463423867245617,0.0,0.0
0.85,0.7927457084026555,0.0,0.0
0.85,0.8278419896405721,0.0,0.0
0.85,0.8464465276673738,0.0,0.0
0.85,0.8941111307918548,0.0,0.0
0.85,0.7951213150437452,0.0,0.0
0.85,0.7638754863477375,0.0,0.0
0.85,0.8475517455521417,0.0,0.0
0.85,0.851308342847448,0.0,0.0
0.85,0.8396806506421834,0.0,0.0
0.85,0.8852118027685669,0.0,0.0
0.85,0.7473765742782269,0.0,0.0
0.85,0.8122280339300132,0.0,0.0
0.85,0.8405926508625108,0.0,0.0
0.85,0.8471160655737408,0.0,0.0
0.85,0.8711223578675199,0.0,0.0
0.85,0.8601438928106415,0.0,0.0
0.85,0.8387192407830154,0.0,0.0
0.85,0.8275258302914165,0.0,0.0
0.85,0.8094429918910698,0.0,0.0
0.85,0.8248806194143504,0.0,0.0
0.85,0.8431730269077271,0.0,0.0
0.85,0.8406024576578919,0.0,0.0
0.85,0.815059670084765,0.0,0.0
0.85,0.792243417479549,0.0,0.0
0.85,0.7995428427025713,0.0,0.0
0.85,0.8399476324136842,0.0,0.0
0.85,0.8527513476060629,0.0,0.0
0.85,0.7764276860767891,0.0,0.0
0.85,0.8212427257684817,0.0,0.0
0.85,0.8269615619587175,0.0,0.0
0.85,0.7917360524015189,0.0,0.0
0.85,0.8625385966679342,0.0,0.0
0.85,0.8348738456557024,0.0,0.0
0.85,0.7826227364345261,0.0,0.0
0.85,0.8632940094082471,0.0,0.0
0.85,0.8598411165718776,0.0,0.0
0.85,0.8751846697281952,0.0,0.0
0.85,0.7933199878960236,0.0,0.0
0.85,0.8680346613519334,0.0,0.0
0.85,0.8212650609399665,0.0,0.0
0.85,0.8432886604945635,0.0,1.0
0.85,0.8540471678386752,0.0,0.0
0.85,0.8968088523130846,0.0,0.0
0.85,0.8624384994788167,0.0,0.0
0.85,0.8652842004070312,0.0,0.0
0.85,0.7629333218895348,0.0,0.0
0.85,0.6846694065044004,0.0,0.0
0.85,0.8616988904621617,0.0,1.0
0.85,0.7755624383827383,0.0,0.0
0.85,0.894153485401661,0.0,0.0
0.85,0.8260343935824207,0.0,0.0
0.85,0.8304696520186214,0.0,0.0
0.85,0.8353431789221774,0.0,0.0
0.85,0.8359890588228588,0.0,0.0
0.85,0.8880910549423853,0.0,0.0
0.85,0.8046419816639659,0.0,0.0
0.85,0.8517471756544697,0.0,0.0
0.85,0.7835467164950742,0.0,0.0
0.85,0.9158443737060112,0.0,0.0
0.85,0.8618986905287981,0.0,0.0
0.85,0.788662625910225,0.0,0.0
0.85,0.8111672683053908,0.0,0.0
0.85,0.8544449000280671,0.0,0.0
0.85,0.8604886259068081,0.0,0.0
0.85,0.6995362887503299,0.0,0.0
0.85,0.7644318438655431,0.0,0.0
0.85,0.8438647581580594,0.0,0.0
0.85,0.8092097731692993,0.0,0.0
0.85,0.7872433094017364,0.0,0.0
0.85,0.8378801020672667,0.0,0.0
0.85,0.8521873349275603,0.0,0.0
0.85,0.8566931123130533,0.0,0.0
0.85,0.8077619840482465,0.0,0.0
0.85,0.7999081149912495,0.0,0.0
0.85,0.8064081991748093,0.0,0.0
0.85,0.8700775416478148,0.0,0.0
0.85,0.8720863834143859,0.0,0.0
0.85,0.8870700973431606,0.0,0.0
0.85,0.8189105633183584,0.0,0.0
0.85,0.8543230652727707,0.0,0.0
0.85,0.8347759646407948,0.0,0.0
0.85,0.8338072375107592,0.0,0.0
0.85,0.8287593800094931,0.0,0.0
0.85,0.8208886464957099,0.0,0.0
0.85,0.8550142629046132,0.0,0.0
0.85,0.8401087288651596,0.0,0.0
0.85,0.8309322540025538,0.0,0.0
0.85,0.8280011909650496,0.0,0.0
0.85,0.8269800738494444,0.0,0.0
0.85,0.804037869025296,0.0,0.0
0.85,0.8672865056215546,0.0,0.0
0.85,0.8577371722494183,0.0,0.0
0.85,0.8318332764582554,0.0,0.0
0.85,0.8163690861406552,0.0,0.0
0.85,0.845401823796361,0.0,0.0
0.85,0.8820187637213703,0.0,0.0
0.85,0.8665571675472511,0.0,0.0
0.85,0.8482254990530124,0.0,0.0
0.85,0.8592325795486947,0.0,0.0
0.85,0.8511545022832786,0.0,0.0
0.85,0.9041261856858944,0.0,0.0
0.85,0.8324601589549732,0.0,0.0
0.85,0.807127203518215,0.0,0.0
0.85,0.8009789392744429,0.0,0.0
0.85,0.8741161729236264,0.0,0.0
0.85,0.7381434424033311,0.0,0.0
0.85,0.798088472020654,0.0,0.0
0.85,0.8480547582616127,0.0,0.0
0.85,0.858063145996022,0.0,0.0
0.85,0.8644267324873188,0.0,0.0
0.85,0.8160265988999872,0.0,0.0
0.85,0.7747527394494752,0.0,0.0
0.85,0.8305235279456236,0.0,0.0
0.85,0.8262341159931372,0.0,0.0
0.85,0.8254635185600098,0.0,0.0
0.85,0.8336107350610572,0.0,0.0
0.85,0.8756014727444535,0.0,0.0
0.85,0.8285342236909137,0.0,0.0
0.85,0.8863107789429009,0.0,0.0
0.85,0.7633256893047375,0.0,1.0
0.85,0.7954806596100417,0.0,0.0
0.85,0.8682198401794744,0.0,0.0
0.85,0.8872466484689091,0.0,0.0
0.85,0.8696675202544452,0.0,0.0
0.85,0.8718274652421446,0.0,0.0
0.85,0.7721156367123928,0.0,0.0
0.85,0.7945469641203065,0.0,0.0
0.85,0.7916920399541811,0.0,0.0
0.85,0.825958497068069,0.0,0.0
0.85,0.854184155074349,0.0,0.0
0.85,0.8233442744794432,0.0,0.0
0.85,0.832365968804538,0.0,0.0
0.85,0.8334866942258109,0.0,0.0
0.85,0.8006870512562808,0.0,0.0
0.85,0.8706101178663088,0.0,0.0
0.85,0.8686677820891726,0.0,0.0
0.85,0.8624796439092397,0.0,0.0
0.85,0.8274903985482723,0.0,0.0
0.85,0.739456625876696,0.0,0.0
0.85,0.842479742726601,0.0,0.0
0.85,0.8760948713777807,0.0,0.0
0.85,0.8994904571602771,0.0,0.0
0.85,0.8700382822804352,0.0,0.0
0.85,0.8592175818715021,0.0,0.0
0.85,0.8189439662035801,0.0,0.0
0.85,0.823796066684222,0.0,0.0
0.85,0.8596260334382037,0.0,0.0
0.85,0.863124496393615,0.0,0.0
0.85,0.8975056153856666,0.0,0.0
0.85,0.8306275522344303,0.0,0.0
0.85,0.8542043926780842,0.0,0.0
0.85,0.9027901768544616,0.0,0.0
0.85,0.8652921554876709,0.0,0.0
0.85,0.7869407213729093,0.0,0.0
0.85,0.8193689007370444,0.0,0.0
0.85,0.8975963284774191,0.0,0.0
0.85,0.7734083863522119,0.0,0.0
0.85,0.8243167111641494,0.0,0.0
0.85,0.8260151203632551,0.0,0.0
0.85,0.8282479056322342,0.0,0.0
0.85,0.7633955631055434,0.0,0.0
0.85,0.8243829345999293,0.0,0.0
0.85,0.8266848933861181,0.0,0.0
0.85,0.9023902991408512,0.0,0.0
0.85,0.7595628069990792,0.0,1.0
0.85,0.8920941815706668,0.0,0.0
0.85,0.8462077568868878,0.0,0.0
0.85,0.7910910035047838,0.0,0.0
0.85,0.8968993656023947,0.0,0.0
0.85,0.7487956028157352,0.0,0.0
0.85,0.757948369843156,0.0,0.0
0.85,0.8646142192578734,0.0,0.0
0.85,0.8254980679937636,0.0,0.0
0.85,0.8757939843847738,0.0,0.0
0.85,0.8180834775847472,0.0,0.0
0.85,0.8962551082239644,0.0,0.0
0.85,0.8220155142301491,0.0,0.0
0.85,0.89842666250476,0.0,0.0
0.85,0.7845414353941447,0.0,0.0
0.85,0.7634524598296181,0.0,0.0
0.85,0.8489193579773163,0.0,0.0
0.85,0.8494192965140931,0.0,0.0
0.85,0.8586137623321738,0.0,0.0
0.85,0.8011125749019108,0.0,0.0
0.85,0.8558193572802815,0.0,0.0
0.85,0.8018376496445321,0.0,0.0
0.85,0.7879490048443522,0.0,0.0
0.85,0.8542556895839755,0.0,0.0
0.85,0.8405907037080943,0.0,0.0
0.85,0.8241467670447752,0.0,0.0
0.85,0.8035243715410675,0.0,0.0
0.85,0.8427471526669398,0.0,0.0
0.85,0.8058616522589791,0.0,0.0
0.85,0.8846369584719969,0.0,1.0
0.85,0.8644980658690186,0.0,0.0
0.85,0.803397545097853,0.0,0.0
0.85,0.8128799222157826,0.0,0.0
0.85,0.7650466435568498,0.0,0.0
0.85,0.7819215333445545,0.0,0.0
0.85,0.8811553917825363,0.0,0.0
0.85,0.7797558877911545,0.0,0.0
0.85,0.8221188710702834,0.0,0.0
0.85,0.8768986968072383,0.0,0.0
0.85,0.6824531588043026,0.0,0.0
0.85,0.8915968928126019,0.0,0.0
0.85,0.8328725999283834,0.0,0.0
0.85,0.7853509152958335,0.0,0.0
0.85,0.8110244901128202,0.0,0.0
0.85,0.8213115685776295,0.0,0.0
0.85,0.7966337699873371,0.0,0.0
0.85,0.8677052203105903,0.0,0.0
0.85,0.8542763119453926,0.0,0.0
0.85,0.8565921545988151,0.0,0.0
0.85,0.8475147977935386,0.0,0.0
0.85,0.842236001730869,0.0,0.0
0.85,0.8368650138070998,0.0,0.0
0.85,0.7695399459514095,0.0,0.0
0.85,0.7975022706636592,0.0,0.0
0.85,0.8557269314295215,0.0,0.0
0.85,0.829744400051281,0.0,0.0
0.85,0.8336545544045256,0.0,1.0
0.85,0.7718218845806284,0.0,0.0
0.85,0.7479941649075146,0.0,0.0
0.85,0.8498699652520514,0.0,0.0
0.85,0.7701094280308014,0.0,0.0
0.85,0.8037670381840001,0.0,0.0
0.85,0.8332596279502256,0.0,0.0
0.85,0.805096796332726,0.0,0.0
0.85,0.8744038927724045,0.0,0.0
0.85,0.7824940637068819,0.0,0.0
0.85,0.825779735740527,0.0,0.0
0.85,0.7825302375281066,0.0,0.0
0.85,0.8598743518055718,0.0,0.0
0.85,0.8832892698411764,0.0,0.0
0.85,0.8134622685767817,0.0,0.0
0.85,0.8169813499625241,0.0,0.0
0.85,0.8637868552879375,0.0,0.0
0.85,0.7331625599097941,0.0,0.0
0.85,0.7417470431011699,0.0,0.0
0.85,0.8300782870049452,0.0,0.0
0.85,0.8176909232811593,0.0,0.0
0.85,0.8110286073753316,0.0,0.0
0.85,0.8615871375528007,0.0,0.0
0.85,0.7871934178956745,0.0,0.0
0.85,0.8447336847535897,0.0,0.0
0.85,0.8815565979277105,0.0,0.0
0.85,0.7686444770944466,0.0,0.0
0.85,0.8605931558055833,0.0,0.0
0.85,0.8787832572362859,0.0,0.0
0.85,0.8723956817730608,0.0,0.0
0.85,0.8294190447726564,0.0,0.0
0.85,0.8828707746027692,0.0,0.0
0.85,0.8657659126207621,0.0,0.0
0.85,0.8552342548693564,0.0,0.0
0.85,0.8347119841207224,0.0,0.0
0.85,0.8857140632464854,0.0,0.0
0.85,0.8526316635582143,0.0,0.0
0.85,0.8394772074331219,0.0,0.0
0.85,0.8238716048815365,0.0,0.0
0.85,0.75437338365518,0.0,0.0
0.85,0.8281947546154735,0.0,0.0
0.85,0.8333712712616598,0.0,0.0
0.85,0.8429967042235564,0.0,0.0
0.85,0.8665893946518961,0.0,1.0
0.85,0.8511136890694269,0.0,0.0
0.85,0.8606002079292997,0.0,0.0
0.85,0.865368214423061,0.0,0.0
0.85,0.8694808842152509,0.0,0.0
0.85,0.8490192962536638,0.0,0.0
0.85,0.8185267740148896,0.0,0.0
0.85,0.8698289468639043,0.0,0.0
0.85,0.8786601690618936,0.0,0.0
0.85,0.7417321907693782,0.0,0.0
0.85,0.878290704072269,0.0,0.0
0.85,0.8966469761795339,0.0,0.0
0.85,0.8657904980415001,0.0,0.0
0.85,0.7715104461414667,0.0,0.0
0.85,0.8574479567897174,0.0,0.0
0.85,0.7815405886789695,0.0,0.0
0.85,0.7959881983045144,0.0,0.0
0.85,0.8507801121468481,0.0,0.0
0.85,0.8607908451916538,0.0,0.0
0.85,0.8535199637408825,0.0,0.0
0.85,0.8903314365802568,0.0,0.0
0.85,0.8221728593790024,0.0,0.0
0.85,0.8576399151436912,0.0,0.0
0.85,0.7615689707024429,0.0,0.0
0.85,0.7870380228519421,0.0,0.0
0.85,0.8073274086866896,0.0,0.0
0.85,0.9017649390245884,0.0,0.0
0.85,0.8047737214701529,0.0,0.0
0.85,0.7991125198972369,0.0,0.0
0.85,0.7454773344993768,0.0,0.0
0.85,0.9102772918031096,0.0,0.0
0.85,0.7341518528893092,0.0,0.0
0.85,0.8191655720676861,0.0,0.0
0.85,0.801936883391811,0.0,0.0
0.85,0.7565306707512652,0.0,0.0
0.85,0.8668102932058029,0.0,0.0
0.85,0.8804673734057635,0.0,0.0
0.85,0.8005029784999907,0.0,0.0
0.85,0.8192134496929385,0.0,0.0
0.85,0.8733251541138519,0.0,0.0
0.85,0.8636453175762026,0.0,0.0
0.85,0.8239454318295457,0.0,0.0
0.85,0.8545565431785814,0.0,0.0
0.85,0.8339956767289555,0.0,0.0
0.85,0.8309648416841421,0.0,0.0
0.85,0.8395645483066321,0.0,0.0
0.85,0.8144627594532816,0.0,0.0
0.85,0.8618152443138369,0.0,0.0
0.85,0.902700076613859,0.0,0.0
0.85,0.7498320099717375,0.0,0.0
0.85,0.8366275753461018,0.0,0.0
0.85,0.8456532221635593,0.0,0.0
0.85,0.870966341379901,0.0,0.0
0.85,0.8208233352903844,0.0,0.0
0.85,0.7360670645013959,0.0,0.0
0.85,0.8549514484022701,0.0,0.0
0.85,0.8565873118163988,0.0,0.0
0.85,0.8799828940748178,0.0,0.0
0.85,0.8073071737056188,0.0,0.0
0.85,0.7967553069323043,0.0,0.0
0.85,0.8195252636567065,0.0,0.0
0.85,0.7637565690331717,0.0,0.0
0.85,0.8183078110979864,0.0,0.0
0.85,0.8195351184006655,0.0,0.0
0.85,0.8506494685721404,0.0,0.0
0.85,0.8604326174032078,0.0,0.0
0.85,0.8476583255306605,0.0,0.0
0.85,0.8099523920216439,0.0,0.0
0.85,0.8795351220836122,0.0,0.0
0.85,0.8413131442590162,0.0,0.0
0.85,0.8677093403822173,0.0,0.0
0.85,0.8962390334864716,0.0,0.0
0.85,0.7731549780823179,0.0,0.0
0.85,0.8287877665249967,0.0,0.0
0.85,0.9016296745934193,0.0,0.0
0.85,0.8451560685467904,0.0,0.0
0.85,0.8279694818758305,0.0,0.0
0.85,0.8600503165846883,0.0,0.0
0.85,0.767112131474216,0.0,0.0
0.85,0.8519242824831923,0.0,0.0
0.85,0.8406329004723272,0.0,0.0
0.85,0.8264085472334567,0.0,0.0
0.85,0.7823329439383218,0.0,0.0
0.85,0.8045957594583054,0.0,0.0
0.85,0.8447903388490524,0.0,0.0
0.85,0.820137805678063,0.0,0.0
0.85,0.8637810721386019,0.0,0.0
0.85,0.830497280657816,0.0,0.0
0.85,0.850143055823748,0.0,0.0
0.85,0.8309475900207105,0.0,0.0
0.85,0.8100843489440223,0.0,0.0
0.85,0.7716632799325585,0.0,0.0
0.85,0.845812043139465,0.0,0.0
0.85,0.8640437143561954,0.0,0.0
0.85,0.859155625520363,0.0,0.0
0.85,0.7863023769685258,0.0,0.0
0.85,0.7986901817179546,0.0,0.0
0.85,0.871834541762988,0.0,0.0
0.85,0.8895417080853096,0.0,0.0
0.85,0.830403585965967,0.0,0.0
0.85,0.8746823231208188,0.0,0.0
0.85,0.8010018209207896,0.0,0.0
0.85,0.8869546334090618,0.0,0.0
0.85,0.8188680902015564,0.0,0.0
0.85,0.8276671074719251,0.0,0.0
0.85,0.8857200760043239,0.0,0.0
0.85,0.8396014223475109,0.0,0.0
0.85,0.6890807449900734,0.0,0.0
0.85,0.8425047713458279,0.0,0.0
0.85,0.8914112920610897,0.0,0.0
0.85,0.8149218919592912,0.0,0.0
0.85,0.8461617055276249,0.0,0.0
0.85,0.8891532677889235,0.0,0.0
0.85,0.7247536363520113,0.0,0.0
0.85,0.8424564404693535,0.0,0.0
0.85,0.8507185957598341,0.0,0.0
0.85,0.8071452733839974,0.0,0.0
0.85,0.8376746051529345,0.0,0.0
0.85,0.8174150709953375,0.0,0.0
0.85,0.8675270516580303,0.0,0.0
0.85,0.8504417302991046,0.0,0.0
0.85,0.741247039091121,0.0,0.0
0.85,0.8958015023688741,0.0,0.0
0.85,0.8519141631514183,0.0,0.0
0.85,0.7918536398645911,0.0,0.0
0.85,0.8492377454708487,0.0,0.0
0.85,0.8926327359592207,0.0,0.0
0.85,0.828552202779045,0.0,0.0
0.85,0.8062220600231976,0.0,1.0
0.85,0.8529242118631143,0.0,0.0
0.85,0.8407949469675063,0.0,0.0
0.85,0.7590505769511816,0.0,0.0
0.85,0.887502123158713,0.0,0.0
0.85,0.8513601283451956,0.0,0.0
0.85,0.8932548300594477,0.0,0.0
0.85,0.8539694114511189,0.0,0.0
0.85,0.8249234890938747,0.0,0.0
0.85,0.7396074016487985,0.0,0.0
0.85,0.7983779299996598,0.0,0.0
0.85,0.8449263592810383,0.0,0.0
0.85,0.8318681830973695,0.0,0.0
0.85,0.8662406275788469,0.0,0.0
0.85,0.8124850419403872,0.0,0.0
0.85,0.8211865213019898,0.0,0.0
0.85,0.8383781532422242,0.0,0.0
0.85,0.8483839195125316,0.0,0.0
0.85,0.8151280764043718,0.0,0.0
0.85,0.8207278339976232,0.0,0.0
0.85,0.8743577018339096,0.0,0.0
0.85,0.836979478838889,0.0,1.0
0.85,0.7650655519852276,0.0,0.0
0.85,0.7743186442533747,0.0,0.0
0.85,0.8801195633237028,0.0,0.0
0.85,0.7714871058370241,0.0,0.0
0.85,0.8177570392542866,0.0,0.0
0.85,0.8802900300821898,0.0,0.0
0.85,0.8578440174846533,0.0,0.0
0.85,0.8154710751655527,0.0,0.0
0.85,0.816476454984943,0.0,0.0
0.85,0.8239152234867798,0.0,0.0
0.85,0.8855959197390728,0.0,0.0
0.85,0.8630710736202872,0.0,0.0
0.85,0.8938275286209392,0.0,0.0
0.85,0.867955740732629,0.0,0.0
0.85,0.8304740572287997,0.0,0.0
0.85,0.7288940381997888,0.0,0.0
0.85,0.8421069872512643,0.0,0.0
0.85,0.8588061440665317,0.0,0.0
0.85,0.8054860970360943,0.0,0.0
0.85,0.7875733461308366,0.0,0.0
0.85,0.7764490863591128,0.0,0.0
0.85,0.8726762103042189,0.0,0.0
0.85,0.7016230887970313,0.0,0.0
0.85,0.8590859254279277,0.0,0.0
0.85,0.8287060834829781,0.0,0.0
0.85,0.8423554473617964,0.0,0.0
0.85,0.8590795364664504,0.0,0.0
0.85,0.8810254062023849,0.0,0.0
0.85,0.8618758200923045,0.0,0.0
0.85,0.8616125711292304,0.0,0.0
0.85,0.7975078811208027,0.0,0.0
0.85,0.8338083820082262,0.0,0.0
0.85,0.8285758933566643,0.0,0.0
0.85,0.8217430687587904,0.0,0.0
0.85,0.8230691250904569,0.0,0.0
0.85,0.8548373352764659,0.0,0.0
0.85,0.8563761058667541,0.0,0.0
0.85,0.8663703097770783,0.0,0.0
0.85,0.840080894717352,0.0,0.0
0.85,0.8588588756886084,0.0,0.0
0.85,0.9073132806610866,0.0,0.0
0.85,0.7905471752952139,0.0,0.0
0.85,0.7937696570012331,0.0,0.0
0.85,0.8183384479999858,0.0,0.0
0.85,0.8533890137108794,0.0,0.0
0.85,0.8738178402768042,0.0,0.0
0.85,0.8132649438317567,0.0,0.0
0.85,0.8626803530395062,0.0,0.0
0.85,0.7655780933094767,0.0,1.0
0.85,0.7978659287252943,0.0,0.0
0.85,0.8587642637434365,0.0,0.0
0.85,0.8145358902616976,0.0,0.0
0.85,0.8165290817523196,0.0,0.0
0.85,0.8465821137571722,0.0,0.0
0.85,0.8428002796527433,0.0,1.0
0.85,0.8487847295334159,0.0,0.0
0.85,0.8379876349172111,0.0,0.0
0.85,0.8312891098879458,0.0,0.0
0.85,0.8454164139132695,0.0,0.0
0.85,0.8682481760951335,0.0,0.0
0.85,0.8352667090880128,0.0,0.0
0.85,0.8759956726946196,0.0,0.0
0.85,0.7460488036533434,0.0,0.0
0.85,0.8251360417396134,0.0,0.0
0.85,0.9023081157841318,0.0,0.0
0.85,0.8209344593621113,0.0,0.0
0.85,0.8537293230721077,0.0,0.0
0.85,0.8094242446791698,0.0,0.0
0.85,0.8798523899323106,0.0,0.0
0.85,0.8530656952120775,0.0,0.0
0.85,0.8378638979087301,0.0,0.0
0.85,0.8665088305910175,0.0,0.0
0.85,0.8146441615579355,0.0,0.0
0.85,0.8235701186419725,0.0,0.0
0.85,0.7917151345631397,0.0,0.0
0.85,0.7759933700592079,0.0,0.0
0.85,0.762436111084976,0.0,0.0
0.85,0.8488274148939331,0.0,0.0
0.85,0.7315043606024914,0.0,0.0
0.85,0.8391454769469182,0.0,0.0
0.85,0.85525587859003,0.0,1.0
0.85,0.7101327890431592,0.0,0.0
0.85,0.7957227966827805,0.0,0.0
0.85,0.8853180441079663,0.0,0.0
0.85,0.833242069122905,0.0,0.0
0.85,0.8624893040703193,0.0,0.0
0.85,0.8128793605960594,0.0,0.0
0.85,0.817943513371142,0.0,0.0
0.85,0.8128256211782717,0.0,0.0
0.85,0.8366139161811534,0.0,0.0
0.85,0.8205340201131647,0.0,0.0
0.85,0.8121880043105622,0.0,0.0
0.85,0.8081838748387306,0.0,0.0
0.85,0.8681823537765985,0.0,0.0
0.85,0.8795868195696163,0.0,0.0
0.85,0.8290821036854406,0.0,0.0
0.85,0.7521100100408448,0.0,0.0
0.85,0.8033555360438702,0.0,0.0
0.85,0.8930056358803528,0.0,0.0
0.85,0.8698235342042026,0.0,0.0
0.85,0.8221031959786782,0.0,0.0
0.85,0.8441104368589475,0.0,0.0
0.85,0.855474326669054,0.0,0.0
0.85,0.8079377070773631,0.0,0.0
0.85,0.8656930503658128,0.0,0.0
0.85,0.7827531335082492,0.0,0.0
0.85,0.8238671490214615,0.0,0.0
0.85,0.878971355275318,0.0,0.0
0.85,0.811232064337117,0.0,0.0
0.85,0.8527345201288584,0.0,0.0
0.85,0.808310618792143,0.0,0.0
0.85,0.8629940153365548,0.0,0.0
0.85,0.8561565346942216,0.0,0.0
0.85,0.8320376276263645,0.0,0.0
0.85,0.8794414205970023,0.0,0.0
0.85,0.817852490182047,0.0,0.0
0.85,0.7723612013497498,0.0,0.0
0.85,0.7874349080600216,0.0,0.0
0.85,0.8090540930410874,0.0,0.0
0.85,0.8411377935302822,0.0,0.0
0.85,0.8187841927429451,0.0,0.0
0.85,0.8247377799779195,0.0,0.0
0.85,0.8595770093557038,0.0,0.0
0.85,0.8449560269930005,0.0,0.0
0.85,0.8379005579285085,0.0,0.0
0.85,0.8277003736921384,0.0,0.0
0.85,0.811464144158913,0.0,0.0
0.85,0.8769927048811272,0.0,0.0
0.85,0.8354348630091671,0.0,0.0
0.85,0.8549858681288542,0.0,0.0
0.85,0.8645220225962216,0.0,0.0
0.85,0.8109889237120494,0.0,0.0
0.85,0.8974929326039126,0.0,0.0
0.85,0.861324337381671,0.0,0.0
0.85,0.7701783672137615,0.0,0.0
0.85,0.849007547511905,0.0,0.0
0.85,0.7819659997539015,0.0,0.0
0.85,0.8276558450416739,0.0,0.0
0.85,0.86908567307355,0.0,0.0
0.85,0.8798896887523755,0.0,0.0
0.85,0.840478969697631,0.0,0.0
0.85,0.8621390338915556,0.0,0.0
0.85,0.8015017057267584,0.0,0.0
0.85,0.7856349318533463,0.0,1.0
0.85,0.7262591312298452,0.0,0.0
0.85,0.7895412943841686,0.0,0.0
0.85,0.7621631397386155,0.0,0.0
0.85,0.9117493758157214,0.0,0.0
0.85,0.8568343953965035,0.0,0.0
0.85,0.7213155699375637,0.0,0.0
0.85,0.8489652588866661,0.0,0.0
0.85,0.8806840113511459,0.0,0.0
0.85,0.902086279967236,0.0,0.0
0.85,0.8836782988635639,0.0,0.0
0.85,0.8241915086061823,0.0,0.0
0.85,0.8387844103052956,0.0,0.0
0.85,0.8329190474772579,0.0,0.0
0.85,0.8847186302406284,0.0,0.0
0.85,0.8744885525171161,0.0,0.0
0.85,0.7953749995702741,0.0,0.0
0.85,0.7402266951308716,0.0,0.0
0.85,0.8708302142203697,0.0,0.0
0.85,0.8458273071715205,0.0,0.0
0.85,0.8377132350128998,0.0,0.0
0.85,0.8324711156485693,0.0,0.0
0.85,0.7636908672915605,0.0,0.0
0.85,0.8425747901844951,0.0,1.0
0.85,0.8425654207347046,0.0,0.0
0.85,0.8405362069711128,0.0,0.0
0.85,0.7387913067813505,0.0,0.0
0.85,0.8652753335579637,0.0,0.0
0.85,0.8220642287513613,0.0,0.0
0.85,0.8220981340934297,0.0,0.0
0.85,0.8424251427333797,0.0,0.0
0.85,0.8652246306100785,0.0,0.0
0.85,0.8213610840792235,0.0,0.0
0.85,0.8827685365780586,0.0,0.0
0.85,0.858467833266629,0.0,0.0
0.85,0.8498808469504384,0.0,0.0
0.85,0.8702951775293544,0.0,0.0
0.85,0.8120659902091021,0.0,0.0
0.85,0.8334468956528375,0.0,0.0
0.85,0.7897025499968633,0.0,0.0
0.85,0.8716637122336091,0.0,0.0
0.85,0.7852449417178495,0.0,0.0
0.85,0.8474738086704183,0.0,0.0
0.85,0.7928644898718311,0.0,0.0
0.85,0.8938491206002074,0.0,0.0
0.85,0.8281895194495756,0.0,0.0
0.85,0.8457652391762436,0.0,0.0
0.85,0.7861040429300562,0.0,0.0
0.85,0.8859480164203554,0.0,0.0
0.85,0.7944492227318724,0.0,0.0
0.85,0.8480463048924329,0.0,0.0
0.85,0.808121667529537,0.0,0.0
0.85,0.8442189487706611,0.0,0.0
0.85,0.8204199226189297,0.0,0.0
0.85,0.7803784306897612,0.0,0.0
0.85,0.8541542702888316,0.0,0.0
0.85,0.875955371916881,0.0,0.0
0.85,0.8195534350008837,0.0,0.0
0.85,0.8241618981070457,0.0,0.0
0.85,0.9154726766582254,0.0,0.0
0.85,0.8089239637860272,0.0,0.0
0.85,0.7449299708281782,0.0,0.0
0.85,0.8347133477068949,0.0,0.0
0.85,0.8363820126700288,0.0,0.0
0.85,0.8122589189236532,0.0,0.0
0.85,0.825459476980671,0.0,0.0
0.85,0.7886501994108155,0.0,0.0
0.85,0.7766000188326644,0.0,0.0
0.85,0.880296745930343,0.0,0.0
0.85,0.8409483630083745,0.0,0.0
0.85,0.8304387364358455,0.0,0.0
0.85,0.8474369160585509,0.0,0.0
0.85,0.8171617756867601,0.0,0.0
0.85,0.8798804998218612,0.0,0.0
0.85,0.8517599370413701,0.0,0.0
0.85,0.8719794661813258,0.0,0.0
0.85,0.8681165510507088,0.0,0.0
0.85,0.8442089768216369,0.0,0.0
0.85,0.8116317344122959,0.0,0.0
0.85,0.7990678542918409,0.0,0.0
0.85,0.8484874035515217,0.0,0.0
0.85,0.8649320631215306,0.0,0.0
0.85,0.7845722432691628,0.0,0.0
0.85,0.7886339429996632,0.0,1.0
0.85,0.8068699848417503,0.0,0.0
0.85,0.8205854368418252,0.0,0.0
0.85,0.833636192801667,0.0,0.0
0.85,0.898846834230355,0.0,0.0
0.85,0.8157110026461615,0.0,0.0
0.85,0.7684648279035216,0.0,0.0
0.85,0.8649443703308906,0.0,0.0
0.85,0.8031879275439218,0.0,0.0
0.85,0.7410545036078634,0.0,0.0
0.85,0.8290498859164387,0.0,0.0
0.85,0.8373783211801022,0.0,0.0
0.85,0.8293473856931056,0.0,0.0
0.85,0.8708636318578298,0.0,0.0
0.85,0.7815999623920628,0.0,0.0
0.85,0.854469858334071,0.0,0.0
0.85,0.8332372284547792,0.0,0.0
0.85,0.7769650473028634,0.0,0.0
0.85,0.8298222124906358,0.0,0.0
0.85,0.8189019163116861,0.0,0.0
0.85,0.8383684702004779,0.0,0.0
0.85,0.887960988615206,0.0,0.0
0.85,0.8218240964725143,0.0,0.0
0.85,0.8415474982454558,0.0,0.0
0.85,0.8432135166883381,0.0,0.0
0.85,0.8331748415672666,0.0,1.0
0.85,0.8819452428866307,0.0,0.0
0.85,0.8396996540435281,0.0,0.0
0.85,0.8530372597863601,0.0,1.0
0.85,0.7927461058294936,0.0,0.0
0.85,0.7989081971692007,0.0,0.0
0.85,0.8429669493860644,0.0,0.0
0.85,0.7981280030810254,0.0,0.0
0.85,0.9000821493964223,0.0,0.0
0.85,0.7843088653958136,0.0,0.0
0.85,0.7834718244804523,0.0,0.0
0.85,0.8974932869409115,0.0,0.0
0.85,0.7889582839761482,0.0,1.0
0.85,0.8663352407001073,0.0,0.0
0.85,0.89278243180937,0.0,0.0
0.85,0.7822048727587402,0.0,0.0
0.85,0.7844979036107155,0.0,0.0
0.85,0.8178818395330266,0.0,0.0
0.85,0.8564101480519839,0.0,0.0
0.85,0.7695430461520739,0.0,0.0
0.85,0.8036061315942635,0.0,0.0
0.85,0.815624879145876,0.0,0.0
0.85,0.847367804175442,0.0,0.0
0.85,0.8183740190725755,0.0,0.0
0.85,0.8889018170727395,0.0,0.0
0.85,0.8120297425343647,0.0,0.0
0.85,0.8922900967532226,0.0,0.0
0.85,0.8027607864276185,0.0,0.0
0.85,0.9085539538971558,0.0,0.0
0.85,0.735081062258692,0.0,0.0
0.85,0.8979198484824527,0.0,0.0
0.85,0.8702045836404021,0.0,1.0
0.85,0.7766110751068029,0.0,0.0
0.85,0.7820597932818487,0.0,0.0
0.85,0.8730382464308832,0.0,0.0
0.85,0.7597328956235421,0.0,0.0
0.85,0.7716334143929607,0.0,0.0
0.85,0.9036642522773356,0.0,0.0
0.85,0.8269024675890015,0.0,0.0
0.85,0.8749204252758596,0.0,0.0
0.85,0.7995737732843671,0.0,0.0
0.85,0.7893148197757148,0.0,0.0
0.85,0.8433675434272717,0.0,0.0
0.85,0.8746120721167965,0.0,0.0
0.85,0.8639918820251582,0.0,0.0
0.85,0.9048110308818288,0.0,0.0
0.85,0.7463995891454237,0.0,0.0
0.85,0.8531276622305797,0.0,0.0
0.85,0.8191153814090233,0.0,0.0
0.85,0.8230060346256464,0.0,0.0
0.85,0.8591148359136359,0.0,0.0
0.85,0.7737917046489459,0.0,0.0
0.85,0.749481270479415,0.0,0.0
0.85,0.7811439710608429,0.0,0.0
0.85,0.7548601654414966,0.0,0.0
0.85,0.7861022169741777,0.0,0.0
0.85,0.8751885430900666,0.0,0.0
0.85,0.8343174063859764,0.0,0.0
0.85,0.8325971771262868,0.0,0.0
0.85,0.7911348259228715,0.0,0.0
0.85,0.8356006761329183,0.0,0.0
0.85,0.8467069724205932,0.0,0.0
0.85,0.8497464558702421,0.0,0.0
0.85,0.8018088569718193,0.0,0.0
0.85,0.8099433153664231,0.0,0.0
0.85,0.7841308169553867,0.0,0.0
0.85,0.8279224935552761,0.0,0.0
0.85,0.8919647826529262,0.0,0.0
0.85,0.8677559516072941,0.0,0.0
0.85,0.8655094621892058,0.0,0.0
0.85,0.8207634040199832,0.0,0.0
0.85,0.87952278920629,0.0,0.0
0.85,0.7775388839004863,0.0,0.0
0.85,0.8150228738275677,0.0,0.0
0.85,0.6913130574037906,0.0,0.0
0.85,0.7795270197870394,0.0,1.0
0.85,0.8339624577813736,0.0,0.0
0.85,0.8043129764822198,0.0,0.0
0.85,0.7811409814570869,0.0,0.0
0.85,0.8643444038830917,0.0,0.0
0.85,0.8697763113386588,0.0,0.0
0.85,0.776904029655738,0.0,0.0
0.85,0.8483075404154856,0.0,0.0
0.85,0.8224366063398739,0.0,0.0
0.85,0.8243336137400922,0.0,0.0
0.85,0.8724071031029165,0.0,0.0
0.85,0.8312613566562596,0.0,0.0
0.85,0.8352105739820456,0.0,0.0
0.85,0.8501954647554009,0.0,0.0
0.85,0.7853834036975197,0.0,0.0
0.85,0.8199460387184206,0.0,0.0
0.85,0.7714263297924558,0.0,0.0
0.85,0.8622996309248174,0.0,0.0
0.85,0.8831470914111421,0.0,0.0
0.85,0.821400537170093,0.0,0.0
0.85,0.8374225268856361,0.0,0.0
0.85,0.8418894036941709,0.0,0.0
0.85,0.8601019126106534,0.0,0.0
0.85,0.7655050610536005,0.0,0.0
0.85,0.8405414442687522,0.0,0.0
0.85,0.8122388965248297,0.0,0.0
0.85,0.8433542327846516,0.0,0.0
0.85,0.8660447029856746,0.0,0.0
0.85,0.8100053045674084,0.0,0.0
0.85,0.8467669165342526,0.0,0.0
0.85,0.8576654547309676,0.0,0.0
0.85,0.8956209179038236,0.0,0.0
0.85,0.8258007080595228,0.0,0.0
0.85,0.7753066274101694,0.0,0.0
0.85,0.902805326945106,0.0,0.0
0.85,0.8757324315572317,0.0,0.0
0.85,0.8631933411116232,0.0,0.0
0.85,0.7622968120266304,0.0,0.0
0.85,0.8174141159790617,0.0,0.0
0.85,0.7963566747284822,0.0,0.0
0.85,0.7695849744380442,0.0,0.0
0.85,0.8411962819565411,0.0,0.0
0.85,0.8631031607328968,0.0,0.0
0.85,0.777428061572827,0.0,0.0
0.85,0.8171464508189437,0.0,0.0
0.85,0.7818059158441909,0.0,0.0
0.85,0.8100640302610451,0.0,0.0
0.85,0.8690376703198153,0.0,0.0
0.85,0.8307493102349777,0.0,0.0
0.85,0.8403369197887115,0.0,0.0
0.85,0.8349776543001437,0.0,0.0
0.85,0.8093450313896933,0.0,0.0
0.85,0.8152623909348855,0.0,0.0
0.85,0.8804442751540414,0.0,0.0
0.85,0.8168653014888021,0.0,0.0
0.85,0.8396986759531444,0.0,0.0
0.85,0.7632246385322486,0.0,0.0
0.85,0.8608759158424734,0.0,0.0
0.85,0.7967762606028144,0.0,1.0
0.85,0.813150256835766,0.0,0.0
0.85,0.8549752868821344,0.0,0.0
0.85,0.8366892374412344,0.0,0.0
0.85,0.8061390671123586,0.0,0.0
0.85,0.8484392220408675,0.0,1.0
0.85,0.7699380870317567,0.0,0.0
0.85,0.8784973737668833,0.0,0.0
0.85,0.849843513761265,0.0,0.0
0.85,0.8142140837762002,0.0,0.0
0.85,0.8404363263648269,0.0,0.0
0.85,0.8646310339158833,0.0,0.0
0.85,0.8311507522631437,0.0,0.0
0.85,0.8136558041066966,0.0,0.0
0.85,0.8669877203085196,0.0,0.0
0.85,0.8388045845021286,0.0,0.0
0.85,0.7970373982284007,0.0,0.0
0.85,0.8435924746477158,0.0,0.0
0.85,0.8475794635200006,0.0,0.0
0.85,0.8510938925608125,0.0,0.0
0.85,0.7635782694189797,0.0,0.0
0.85,0.8352438365053892,0.0,0.0
0.85,0.8286834588499387,0.0,0.0
0.85,0.7952297182254189,0.0,0.0
0.85,0.8677188794645251,0.0,0.0
0.85,0.7924100570287232,0.0,0.0
0.85,0.8020115467719452,0.0,0.0
0.85,0.8044414525449678,0.0,0.0
0.85,0.8169751473299092,0.0,0.0
0.85,0.8802690530952356,0.0,0.0
0.85,0.7566837059384891,0.0,0.0
0.85,0.8877374534689892,0.0,0.0
0.85,0.7933367179221262,0.0,0.0
0.85,0.8560085877904235,0.0,0.0
0.85,0.8705711320161484,0.0,0.0
0.85,0.8821778035220862,0.0,0.0
0.85,0.8868604790413063,0.0,0.0
0.85,0.8313237422475492,0.0,0.0
0.85,0.8758462050581064,0.0,0.0
0.85,0.8150913547669071,0.0,0.0
0.85,0.837605942276075,0.0,0.0
0.85,0.9049730509349284,0.0,0.0
0.85,0.8608078142373072,0.0,0.0
0.95,0.923636645538236,1.0,0.0
0.95,0.9278058597152242,0.0,0.0
0.95,0.9451986743779492,0.0,0.0
0.95,0.9486204124556298,0.0,0.0
0.95,0.8290803227334721,0.0,0.0
0.95,0.949007439846018,0.0,0.0
0.95,0.9244370684148911,0.0,0.0
0.95,0.9336391372658472,0.0,0.0
0.95,0.9591669491862508,0.0,0.0
0.95,0.9327295743046548,0.0,0.0
0.95,0.871285228359309,0.0,0.0
0.95,0.8943031021914325,0.0,0.0
0.95,0.9481558085068258,0.0,0.0
0.95,0.9237793083133182,0.0,0.0
0.95,0.873292034289858,0.0,0.0
0.95,0.948655279480719,0.0,0.0
0.95,0.9236391949046956,0.0,0.0
0.95,0.9179688186274576,0.0,0.0
0.95,0.962805404007798,0.0,0.0
0.95,0.9321406273166074,0.0,0.0
0.95,0.936171813730479,0.0,0.0
0.95,0.8793983191761855,0.0,0.0
0.95,0.9452025580099696,0.0,0.0
0.95,0.9026158048851216,0.0,0.0
0.95,0.866537279947919,0.0,0.0
0.95,0.8730738258071675,0.0,0.0
0.95,0.957691842138926,0.0,0.0
0.95,0.9090493809182384,0.0,0.0
0.95,0.912660953404993,0.0,0.0
0.95,0.9748281239673204,0.0,0.0
0.95,0.945640750294924,0.0,0.0
0.95,0.8960291042432139,0.0,0.0
0.95,0.9511417573750852,0.0,0.0
0.95,0.9459052830358884,0.0,0.0
0.95,0.9084878105986964,0.0,0.0
0.95,0.9304402860329486,0.0,0.0
0.95,0.9407728821774954,0.0,0.0
0.95,0.9256613406768632,0.0,0.0
0.95,0.9431429902864032,0.0,0.0
0.95,0.9297011121136284,0.0,0.0
0.95,0.9603642597233372,0.0,0.0
0.95,0.94805203741205,0.0,0.0
0.95,0.8305599339508473,0.0,0.0
0.95,0.9544911879400834,0.0,0.0
0.95,0.9339466315149576,0.0,0.0
0.95,0.9418045982933884,0.0,0.0
0.95,0.9075202662200004,0.0,0.0
0.95,0.909738473242144,0.0,0.0
0.95,0.9605924074053436,1.0,1.0
0.95,0.9207625865014188,0.0,0.0
0.95,0.939962739101958,0.0,0.0
0.95,0.9573749164033294,0.0,0.0
0.95,0.923045485827092,0.0,0.0
0.95,0.928304505146588,0.0,0.0
0.95,0.9181122078895392,0.0,0.0
0.95,0.9186967715237918,0.0,0.0
0.95,0.8370003188756606,0.0,0.0
0.95,0.9700055649164554,0.0,0.0
0.95,0.9333869505792928,0.0,0.0
0.95,0.9500860857735496,0.0,0.0
0.95,0.9475257092054072,0.0,0.0
0.95,0.9509612178077528,0.0,0.0
0.95,0.9530147312765158,0.0,0.0
0.95,0.902383485755812,0.0,0.0
0.95,0.9105740214181196,0.0,0.0
0.95,0.9069361064018556,0.0,0.0
0.95,0.9330625646699626,0.0,1.0
0.95,0.932448981428035,0.0,0.0
0.95,0.9022324378788,0.0,0.0
0.95,0.942572655475184,0.0,0.0
0.95,0.953484779039649,0.0,0.0
0.95,0.9554451786865806,0.0,0.0
0.95,0.9640460128105764,1.0,0.0
0.95,0.9509383634278178,0.0,0.0
0.95,0.9347455474888752,0.0,0.0
0.95,0.9481868261575076,0.0,0.0
0.95,0.9669648173755307,0.0,0.0
0.95,0.9537262982979544,0.0,1.0
0.95,0.936147493529838,0.0,0.0
0.95,0.9457591362902132,0.0,0.0
0.95,0.964125044862721,0.0,0.0
0.95,0.9097410266178938,0.0,0.0
0.95,0.9242355339666374,0.0,0.0
0.95,0.962512879777287,0.0,0.0
0.95,0.9152172964035444,0.0,0.0
0.95,0.9577593022847272,0.0,0.0
0.95,0.91169514042032,0.0,0.0
0.95,0.9704231214018084,0.0,0.0
0.95,0.8929273002658559,0.0,0.0
0.95,0.9037298454052024,0.0,0.0
0.95,0.9435459051617392,0.0,0.0
0.95,0.9164974075537632,0.0,0.0
0.95,0.9531484150945082,0.0,0.0
0.95,0.9199791620917565,0.0,0.0
0.95,0.9496871142885944,0.0,0.0
0.95,0.9255445211310568,0.0,0.0
0.95,0.9476918231332926,0.0,0.0
0.95,0.9020468735616024,0.0,0.0
0.95,0.942113555250682,0.0,0.0
0.95,0.9461689819196164,0.0,0.0
0.95,0.9530570986571408,0.0,0.0
0.95,0.9548778920689858,0.0,0.0
0.95,0.8715821177767744,0.0,0.0
0.95,0.9229030462893556,0.0,0.0
0.95,0.9162117452588608,1.0,1.0
0.95,0.9424785682373268,0.0,0.0
0.95,0.9082090462827052,0.0,0.0
0.95,0.9349652717853748,0.0,1.0
0.95,0.9217307730163736,0.0,0.0
0.95,0.889694799891949,0.0,0.0
0.95,0.9454099143803892,0.0,0.0
0.95,0.866316482818318,0.0,0.0
0.95,0.941157097057588,0.0,0.0
0.95,0.9307790279841736,0.0,0.0
0.95,0.9448213980155746,0.0,0.0
0.95,0.943781025022137,0.0,0.0
0.95,0.948336383110886,0.0,0.0
0.95,0.8846529647513494,0.0,0.0
0.95,0.9360970523154876,0.0,0.0
0.95,0.942830021607132,0.0,0.0
0.95,0.9581777606868616,0.0,0.0
0.95,0.962787789534749,0.0,0.0
0.95,0.9100842909274528,0.0,0.0
0.95,0.8635540132565475,0.0,0.0
0.95,0.9551653939203796,1.0,1.0
0.95,0.9292031519513698,0.0,0.0
0.95,0.9512136525694108,0.0,0.0
0.95,0.96141241103346,0.0,0.0
0.95,0.9593142944455316,0.0,0.0
0.95,0.9411814859572304,0.0,0.0
0.95,0.9434165190962696,0.0,0.0
0.95,0.9292455477864148,0.0,0.0
0.95,0.9423252439913344,0.0,0.0
0.95,0.9038782468112684,0.0,0.0
0.95,0.8921161022479095,0.0,0.0
0.95,0.9406597366437808,0.0,0.0
0.95,0.8378666138539539,0.0,0.0
0.95,0.9473507765121636,0.0,0.0
0.95,0.963758782112826,0.0,0.0
0.95,0.93056183633277,0.0,0.0
0.95,0.9563766558734694,0.0,0.0
0.95,0.9332817154608556,0.0,0.0
0.95,0.9432584204647574,0.0,0.0
0.95,0.9240708361265086,0.0,0.0
0.95,0.94120870102208,0.0,1.0
0.95,0.9182219149463796,0.0,0.0
0.95,0.8951650857979758,0.0,0.0
0.95,0.93788922616738,0.0,0.0
0.95,0.9567256294480708,0.0,0.0
0.95,0.9158901451300178,0.0,0.0
0.95,0.9103279087022692,0.0,0.0
0.95,0.915711337349608,0.0,0.0
0.95,0.923263832849568,0.0,0.0
0.95,0.9363401330155938,0.0,0.0
0.95,0.9323233533429196,0.0,0.0
0.95,0.9262545322386296,0.0,1.0
0.95,0.9315961394622326,0.0,0.0
0.95,0.8589836748227857,0.0,1.0
0.95,0.9258998664741728,0.0,0.0
0.95,0.8689780019887695,0.0,0.0
0.95,0.9388824289518244,0.0,0.0
0.95,0.93317599953506,0.0,0.0
0.95,0.94009013356612,0.0,0.0
0.95,0.8175628700927351,0.0,0.0
0.95,0.9580809049858948,0.0,0.0
0.95,0.9273802376869932,0.0,0.0
0.95,0.9281991610446672,0.0,0.0
0.95,0.8821685193458387,0.0,0.0
0.95,0.9477533735029064,0.0,0.0
0.95,0.9453050253588506,0.0,0.0
0.95,0.9515414437205688,0.0,0.0
0.95,0.9244189432884145,0.0,0.0
0.95,0.902902977770478,0.0,0.0
0.95,0.9600862622821456,0.0,0.0
0.95,0.9549268397077848,0.0,1.0
0.95,0.926469835643066,0.0,0.0
0.95,0.9367995097774314,0.0,0.0
0.95,0.9028904375976652,0.0,0.0
0.95,0.9163665576770575,0.0,0.0
0.95,0.9519580835716526,0.0,0.0
0.95,0.9425085937384368,0.0,0.0
0.95,0.9389279349904422,0.0,0.0
0.95,0.894867021414636,0.0,0.0
0.95,0.9533737201673934,0.0,0.0
0.95,0.8728773122221812,0.0,0.0
0.95,0.9531953722009076,0.0,0.0
0.95,0.9296692263932635,0.0,0.0
0.95,0.9573862596425274,0.0,0.0
0.95,0.954755338797072,0.0,0.0
0.95,0.9104128697935672,0.0,0.0
0.95,0.9308368613360436,0.0,0.0
0.95,0.974749468482733,1.0,1.0
0.95,0.9513132208076964,0.0,0.0
0.95,0.9359817437571604,0.0,0.0
0.95,0.9665018771530888,0.0,0.0
0.95,0.9303639298042786,0.0,0.0
0.95,0.9218000224818508,0.0,0.0
0.95,0.9398071338378604,0.0,0.0
0.95,0.9488137806029469,0.0,0.0
0.95,0.92231521184561,0.0,0.0
0.95,0.9247906070472884,0.0,0.0
0.95,0.9455753293671922,0.0,0.0
0.95,0.9102307957428653,0.0,0.0
0.95,0.9533376351159883,0.0,0.0
0.95,0.9288392511628496,0.0,0.0
0.95,0.8962007045627487,0.0,0.0
0.95,0.896473756761214,0.0,0.0
0.95,0.9140647906099096,0.0,0.0
0.95,0.958458186474742,0.0,0.0
0.95,0.9449546542090922,0.0,0.0
0.95,0.9426620826617612,0.0,0.0
0.95,0.9054366836251868,0.0,1.0
0.95,0.954080768130734,0.0,0.0
0.95,0.9770858134281728,0.0,0.0
0.95,0.942776603240262,0.0,0.0
0.95,0.9068525407130004,0.0,0.0
0.95,0.9552323879292888,0.0,0.0
0.95,0.9260974082282412,0.0,0.0
0.95,0.9718643007622548,0.0,0.0
0.95,0.9363537375250138,0.0,0.0
0.95,0.9521593655715096,1.0,1.0
0.95,0.9651463940500904,0.0,0.0
0.95,0.8826022224093639,0.0,0.0
0.95,0.9650204664253798,0.0,0.0
0.95,0.9316869701169808,0.0,0.0
0.95,0.9565934380472236,0.0,0.0
0.95,0.9408994921122096,0.0,0.0
0.95,0.9272977879714565,0.0,0.0
0.95,0.9438503493232682,0.0,0.0
0.95,0.9292134579991902,0.0,0.0
0.95,0.9017230538106136,0.0,0.0
0.95,0.9302239176679444,0.0,0.0
0.95,0.910198502734109,0.0,0.0
0.95,0.8767770248981391,0.0,0.0
0.95,0.8970718331328743,0.0,0.0
0.95,0.9426762754462568,0.0,0.0
0.95,0.9710894548840682,0.0,0.0
0.95,0.9194046853084656,0.0,0.0
0.95,0.9483295214508032,0.0,0.0
0.95,0.9730242775409608,0.0,0.0
0.95,0.8916713275322548,0.0,0.0
0.95,0.9129401540349886,0.0,0.0
0.95,0.8669581970730132,0.0,1.0
0.95,0.9096898642759907,0.0,0.0
0.95,0.9321291386429816,0.0,0.0
0.95,0.9190348300970592,0.0,0.0
0.95,0.8889789214268264,0.0,0.0
0.95,0.9303757227854008,0.0,0.0
0.95,0.9146566632418848,0.0,0.0
0.95,0.955343610360111,0.0,1.0
0.95,0.9109995883472476,0.0,0.0
0.95,0.9474736752977956,0.0,0.0
0.95,0.9287075150744578,1.0,1.0
0.95,0.9622122353293268,0.0,0.0
0.95,0.9551166685154696,0.0,0.0
0.95,0.95162137319276,0.0,0.0
0.95,0.8912806006638607,0.0,0.0
0.95,0.9355780630644072,0.0,0.0
0.95,0.9154943748852886,0.0,0.0
0.95,0.8914434253517944,0.0,0.0
0.95,0.9439499433034568,0.0,0.0
0.95,0.9716014799505172,0.0,0.0
0.95,0.9385632336116124,0.0,0.0
0.95,0.9215359569049538,0.0,0.0
0.95,0.8822840068063468,0.0,0.0
0.95,0.9756932572057594,0.0,0.0
0.95,0.961196782241014,0.0,0.0
0.95,0.9663456110496764,0.0,0.0
0.95,0.9490477776913522,0.0,0.0
0.95,0.903246604376101,0.0,0.0
0.95,0.9405336718906124,0.0,0.0
0.95,0.9026038047780492,0.0,0.0
0.95,0.9178628351383592,0.0,0.0
0.95,0.920804645819578,0.0,0.0
0.95,0.9394550596345644,0.0,0.0
0.95,0.955012865999057,0.0,0.0
0.95,0.9005437529002539,0.0,0.0
0.95,0.897198974295422,0.0,0.0
0.95,0.9423461257928852,0.0,0.0
0.95,0.8842956271170187,0.0,0.0
0.95,0.9485132190582696,0.0,0.0
0.95,0.9374742080259288,0.0,0.0
0.95,0.8925098553907421,0.0,0.0
0.95,0.9552122899203682,0.0,0.0
0.95,0.9186779401948364,0.0,0.0
0.95,0.9581340036729894,0.0,0.0
0.95,0.9280595353898854,0.0,0.0
0.95,0.9410042976104352,0.0,0.0
0.95,0.8925220260106936,0.0,0.0
0.95,0.9187040715587332,0.0,0.0
0.95,0.9341796536842188,0.0,0.0
0.95,0.9591808945917636,0.0,0.0
0.95,0.8737786491736251,0.0,0.0
0.95,0.9541939195954944,0.0,0.0
0.95,0.949275578803197,0.0,0.0
0.95,0.9208889057231752,0.0,0.0
0.95,0.9565561274473354,0.0,0.0
0.95,0.9559255781273046,0.0,0.0
0.95,0.9230771040318076,0.0,0.0
0.95,0.8848352273384251,0.0,0.0
0.95,0.9148932123935216,0.0,0.0
0.95,0.9319115674673992,0.0,0.0
0.95,0.9301804149835928,0.0,0.0
0.95,0.8771929481571523,0.0,0.0
0.95,0.9256586977096928,0.0,0.0
0.95,0.8893322837869128,0.0,0.0
0.95,0.972148469659774,0.0,0.0
0.95,0.9454156959784176,0.0,0.0
0.95,0.9392758369666906,0.0,0.0
0.95,0.8709169072719251,0.0,0.0
0.95,0.9563474497927436,0.0,0.0
0.95,0.922138224269672,0.0,0.0
0.95,0.8703195810851205,0.0,0.0
0.95,0.9042230448545316,0.0,0.0
0.95,0.9304343065082334,0.0,0.0
0.95,0.9576365392348748,0.0,0.0
0.95,0.9247259325554664,0.0,0.0
0.95,0.9094953903620804,0.0,0.0
0.95,0.9656343252696754,0.0,0.0
0.95,0.9104177354118522,0.0,0.0
0.95,0.9684951576296648,0.0,0.0
0.95,0.9300080448912708,0.0,0.0
0.95,0.905176654113404,0.0,0.0
0.95,0.8930669569214471,0.0,0.0
0.95,0.9025409798014972,0.0,0.0
0.95,0.9368843410369556,0.0,0.0
0.95,0.9468582091323652,0.0,1.0
0.95,0.9645978927988732,0.0,0.0
0.95,0.9407153137395884,0.0,0.0
0.95,0.9281014209853234,0.0,0.0
0.95,0.976554761116455,0.0,0.0
0.95,0.9012940799400074,0.0,0.0
0.95,0.9436885517353591,0.0,0.0
0.95,0.8529063365174365,0.0,0.0
0.95,0.9110477498590622,0.0,0.0
0.95,0.9255967740071672,0.0,0.0
0.95,0.9450752942370216,0.0,0.0
0.95,0.9477334308286643,0.0,0.0
0.95,0.972384320955926,0.0,0.0
0.95,0.9664946124293928,0.0,0.0
0.95,0.943779411553002,0.0,0.0
0.95,0.9267808045313456,0.0,0.0
0.95,0.95899442113898,0.0,0.0
0.95,0.9038748459604388,0.0,0.0
0.95,0.9101099378676558,0.0,0.0
0.95,0.8917781598926765,0.0,0.0
0.95,0.941642913386363,0.0,0.0
0.95,0.9082635121782202,0.0,0.0
0.95,0.9723425745091596,0.0,0.0
0.95,0.8831642036066228,0.0,0.0
0.95,0.8832454567896986,0.0,0.0
0.95,0.93210375377165,0.0,0.0
0.95,0.877321656551099,0.0,0.0
0.95,0.9164116251346884,0.0,0.0
0.95,0.9425666582829848,0.0,0.0
0.95,0.9472983988752276,0.0,0.0
0.95,0.9081430785975774,0.0,0.0
0.95,0.9159422204388976,0.0,0.0
0.95,0.8837980245375964,0.0,0.0
0.95,0.9381241983909184,0.0,0.0
0.95,0.941226438251214,0.0,0.0
0.95,0.914923323356894,0.0,0.0
0.95,0.8999105177381808,0.0,0.0
0.95,0.9367580318834854,0.0,0.0
0.95,0.9190581423732788,0.0,0.0
0.95,0.8993983331538247,0.0,0.0
0.95,0.9368377577481776,0.0,0.0
0.95,0.9062485809609796,0.0,0.0
0.95,0.9325130062129972,0.0,1.0
0.95,0.9317260868296462,0.0,0.0
0.95,0.9470905884541336,0.0,0.0
0.95,0.9284754344508808,1.0,1.0
0.95,0.9377556890310532,0.0,0.0
0.95,0.9293503908344484,0.0,0.0
0.95,0.9308598808940308,0.0,0.0
0.95,0.9330103526208624,0.0,0.0
0.95,0.9216824661569484,0.0,0.0
0.95,0.9566190272253168,0.0,0.0
0.95,0.9417420276732926,0.0,0.0
0.95,0.9402901739498872,0.0,0.0
0.95,0.977667757471642,0.0,0.0
0.95,0.9435363162098024,0.0,0.0
0.95,0.9177374819708998,0.0,0.0
0.95,0.9135829328026068,0.0,0.0
0.95,0.9587698386355662,0.0,0.0
0.95,0.9332441735036564,0.0,0.0
0.95,0.9159914319842812,0.0,0.0
0.95,0.909214699065762,0.0,0.0
0.95,0.9366661061977366,0.0,0.0
0.95,0.9630589753496912,0.0,0.0
0.95,0.9594281755248322,0.0,0.0
0.95,0.9345830478414354,0.0,0.0
0.95,0.9018723310016612,0.0,0.0
0.95,0.924668628208178,0.0,0.0
0.95,0.9306431719548022,0.0,0.0
0.95,0.9324784268863092,0.0,0.0
0.95,0.9396798213516124,0.0,0.0
0.95,0.9548729361236172,0.0,0.0
0.95,0.8968142391790982,0.0,0.0
0.95,0.8523814715433279,0.0,0.0
0.95,0.9556814679240878,0.0,0.0
0.95,0.9264426274163752,0.0,0.0
0.95,0.9403509759452724,0.0,0.0
0.95,0.8806105856978511,0.0,0.0
0.95,0.8739358849404731,0.0,1.0
0.95,0.8679869705786194,0.0,0.0
0.95,0.9545546410436988,1.0,0.0
0.95,0.9129519331139392,0.0,0.0
0.95,0.957134036662946,0.0,0.0
0.95,0.9163482941488738,0.0,0.0
0.95,0.9563147432920104,0.0,0.0
0.95,0.9235542480762652,0.0,0.0
0.95,0.9014315929551536,0.0,0.0
0.95,0.9395589738080652,0.0,0.0
0.95,0.9179588930940026,0.0,0.0
0.95,0.951564252091502,0.0,0.0
0.95,0.9562771817320574,0.0,0.0
0.95,0.9509007186836568,0.0,0.0
0.95,0.9485546058786825,0.0,0.0
0.95,0.9694373219975336,0.0,0.0
0.95,0.9372447937004312,0.0,0.0
0.95,0.9391728867917046,0.0,0.0
0.95,0.9087599945471004,0.0,0.0
0.95,0.9216396039331032,0.0,0.0
0.95,0.9706518363747398,0.0,0.0
0.95,0.9170436510223624,0.0,0.0
0.95,0.9242410074253644,0.0,0.0
0.95,0.9206765603318354,0.0,0.0
0.95,0.971554944851292,0.0,0.0
0.95,0.910692636330186,0.0,0.0
0.95,0.8684704918827983,0.0,0.0
0.95,0.9379604205984972,0.0,0.0
0.95,0.9647777616427066,0.0,0.0
0.95,0.9388707355945116,0.0,0.0
0.95,0.9172194975641028,0.0,0.0
0.95,0.9321430246750836,0.0,0.0
0.95,0.9716064835979974,0.0,0.0
0.95,0.9584675563759196,0.0,0.0
0.95,0.9050333124004104,0.0,0.0
0.95,0.9429716205792528,0.0,0.0
0.95,0.9167657224623196,0.0,0.0
0.95,0.9276716684592136,0.0,0.0
0.95,0.9173261914241388,0.0,0.0
0.95,0.8962343903387129,0.0,0.0
0.95,0.9310814635878352,0.0,0.0
0.95,0.948650180076238,0.0,0.0
0.95,0.9360757807400336,0.0,0.0
0.95,0.9199285566269558,0.0,0.0
0.95,0.9178745644251718,0.0,0.0
0.95,0.9057291593354856,0.0,0.0
0.95,0.913084351202932,0.0,0.0
0.95,0.9587428734268556,0.0,0.0
0.95,0.8953966987966572,0.0,0.0
0.95,0.970748235062719,0.0,0.0
0.95,0.9405322967403082,0.0,0.0
0.95,0.9553788110675876,0.0,0.0
0.95,0.9516398100949424,0.0,0.0
0.95,0.9038889936731676,0.0,0.0
0.95,0.956574430323453,0.0,0.0
0.95,0.9006349736684873,0.0,0.0
0.95,0.9431206677860944,0.0,0.0
0.95,0.9274092528695724,0.0,0.0
0.95,0.9338295929896732,0.0,0.0
0.95,0.9346492925000354,0.0,0.0
0.95,0.8781988913528728,0.0,0.0
0.95,0.9781028635737372,0.0,0.0
0.95,0.9182340559277586,0.0,0.0
0.95,0.9081192601127368,0.0,0.0
0.95,0.9108132677056444,0.0,0.0
0.95,0.9043831331974742,0.0,0.0
0.95,0.959272463440782,0.0,0.0
0.95,0.9354142083964864,0.0,0.0
0.95,0.9576495376485744,0.0,0.0
0.95,0.9361961668280188,0.0,0.0
0.95,0.9624570961919092,0.0,0.0
0.95,0.9458571393982076,0.0,0.0
0.95,0.959061719649286,0.0,0.0
0.95,0.8860852484699288,0.0,0.0
0.95,0.927782590278428,0.0,0.0
0.95,0.8350713256631447,0.0,0.0
0.95,0.9536463788581632,0.0,0.0
0.95,0.881648705279347,0.0,0.0
0.95,0.9452027953330282,0.0,0.0
0.95,0.967882953689946,0.0,0.0
0.95,0.9710781409807416,0.0,0.0
0.95,0.9351554486716268,0.0,0.0
0.95,0.8882972095318575,0.0,0.0
0.95,0.9202675781231188,0.0,0.0
0.95,0.8970007326851319,0.0,0.0
0.95,0.9039857327722344,0.0,0.0
0.95,0.9366983971066316,0.0,0.0
0.95,0.928204516903504,0.0,0.0
0.95,0.9189460651848466,0.0,0.0
0.95,0.9415720793280834,0.0,0.0
0.95,0.8988846168815792,0.0,0.0
0.95,0.9541165417241272,0.0,1.0
0.95,0.9465015190818336,0.0,0.0
0.95,0.90581002532248,0.0,0.0
0.95,0.8493733188027133,0.0,0.0
0.95,0.9509165003491048,0.0,0.0
0.95,0.9290744666900782,0.0,0.0
0.95,0.9103740492184064,0.0,1.0
0.95,0.9548706951577408,0.0,0.0
0.95,0.9297873854727512,0.0,0.0
0.95,0.927704962047722,0.0,0.0
0.95,0.8524630988733876,0.0,0.0
0.95,0.9089209249321044,0.0,0.0
0.95,0.9436205580542356,0.0,0.0
0.95,0.9347915353042472,0.0,0.0
0.95,0.916816744695878,0.0,0.0
0.95,0.9284473091337592,0.0,0.0
0.95,0.927443039869907,0.0,0.0
0.95,0.9093158541807884,0.0,0.0
0.95,0.9020992226405458,0.0,0.0
0.95,0.9130714191848364,0.0,0.0
0.95,0.9445529815915744,0.0,0.0
0.95,0.9399970309475923,0.0,0.0
0.95,0.9341604079362562,0.0,0.0
0.95,0.8458471618619606,0.0,0.0
0.95,0.9474280539606564,0.0,0.0
0.95,0.8966854194768048,0.0,0.0
0.95,0.8672098412450777,0.0,0.0
0.95,0.8910458390860354,0.0,0.0
0.95,0.9142762267570615,0.0,0.0
0.95,0.9512935085658092,0.0,0.0
0.95,0.8384293495417606,0.0,0.0
0.95,0.910061828332086,0.0,0.0
0.95,0.973786841930232,1.0,1.0
0.95,0.9224205445670792,0.0,0.0
0.95,0.9346336914451844,0.0,0.0
0.95,0.8746196383550159,0.0,0.0
0.95,0.9075954484555302,0.0,0.0
0.95,0.9334051636320856,0.0,0.0
0.95,0.8988018455802788,0.0,0.0
0.95,0.9543769368305784,0.0,0.0
0.95,0.9200517739190835,0.0,0.0
0.95,0.9652536607163624,0.0,0.0
0.95,0.9530336711264652,0.0,0.0
0.95,0.9238785566932204,0.0,0.0
0.95,0.9408465508510384,0.0,0.0
0.95,0.9409349594215536,0.0,0.0
0.95,0.918099101288458,0.0,0.0
0.95,0.9509504480697568,0.0,0.0
0.95,0.923863400423385,0.0,0.0
0.95,0.9261629112853568,0.0,0.0
0.95,0.9455645001208668,0.0,0.0
0.95,0.8540926393219274,0.0,0.0
0.95,0.9236017063248638,0.0,0.0
0.95,0.9364322248274444,0.0,0.0
0.95,0.9443199109773286,0.0,0.0
0.95,0.9093593970445374,0.0,0.0
0.95,0.9161899490546356,0.0,0.0
0.95,0.8871276131623214,0.0,0.0
0.95,0.9529492926820436,0.0,0.0
0.95,0.93022039680268,0.0,0.0
0.95,0.930479076461198,0.0,0.0
0.95,0.9484827008921762,0.0,0.0
0.95,0.9217911273646188,0.0,0.0
0.95,0.9477596094510504,0.0,0.0
0.95,0.9130137059595924,0.0,0.0
0.95,0.967371650979262,1.0,1.0
0.95,0.9710927931423406,0.0,0.0
0.95,0.950154321277782,0.0,0.0
0.95,0.9510687431583594,0.0,0.0
0.95,0.9042410645321096,0.0,0.0
0.95,0.9176561063043298,0.0,0.0
0.95,0.9521548032200852,0.0,0.0
0.95,0.9351287620047484,0.0,0.0
0.95,0.923535477772315,0.0,0.0
0.95,0.8482444647494753,0.0,0.0
0.95,0.9207722028995514,0.0,0.0
0.95,0.9365891304893962,0.0,0.0
0.95,0.9413132031790836,0.0,0.0
0.95,0.9754138834186376,0.0,0.0
0.95,0.8821343336962856,0.0,0.0
0.95,0.929393813842534,0.0,0.0
0.95,0.9313130320773578,0.0,1.0
0.95,0.8981691703080015,0.0,0.0
0.95,0.9138683473003514,0.0,0.0
0.95,0.9337635092443552,0.0,0.0
0.95,0.9457729003374477,0.0,0.0
0.95,0.936079959249362,0.0,0.0
0.95,0.9019644248913548,0.0,0.0
0.95,0.9381861495246786,0.0,0.0
0.95,0.9036050618270624,0.0,0.0
0.95,0.9292000971855372,0.0,0.0
0.95,0.96724260355201,0.0,0.0
0.95,0.8956235498524148,0.0,0.0
0.95,0.9611494755650788,0.0,0.0
0.95,0.940235338794546,0.0,0.0
0.95,0.8889050288451368,0.0,0.0
0.95,0.9376179371080128,0.0,0.0
0.95,0.9463005103128874,0.0,0.0
0.95,0.9346242289852148,0.0,0.0
0.95,0.952227702402319,0.0,0.0
0.95,0.9414398913570808,0.0,0.0
0.95,0.956579043039502,0.0,0.0
0.95,0.9284719119418408,0.0,0.0
0.95,0.9191752119536502,0.0,0.0
0.95,0.9259981070957296,0.0,0.0
0.95,0.9421742240761656,0.0,0.0
0.95,0.9296451202481478,0.0,0.0
0.95,0.9429043450224324,0.0,0.0
0.95,0.946113985967917,0.0,0.0
0.95,0.8591806894837567,0.0,0.0
0.95,0.939783986490939,0.0,0.0
0.95,0.9255792936561456,0.0,0.0
0.95,0.9383318830362034,0.0,0.0
0.95,0.9481023563958626,0.0,0.0
0.95,0.9444647445811374,0.0,0.0
0.95,0.9107293636281276,0.0,0.0
0.95,0.9590207406576572,0.0,0.0
0.95,0.9428004739869216,0.0,0.0
0.95,0.9275735402318044,0.0,0.0
0.95,0.9120125027238514,0.0,0.0
0.95,0.9522049671106252,0.0,0.0
0.95,0.8979519535576422,0.0,0.0
0.95,0.9273240492185344,0.0,0.0
0.95,0.9299608652005368,0.0,0.0
0.95,0.9452429283263536,0.0,0.0
0.95,0.9240779319396608,0.0,0.0
0.95,0.9198358777318688,0.0,0.0
0.95,0.9429523073915382,0.0,0.0
0.95,0.9391417148790996,0.0,0.0
0.95,0.948815759587213,0.0,0.0
0.95,0.9447332176912386,0.0,0.0
0.95,0.912440654146352,0.0,0.0
0.95,0.939024299992546,0.0,0.0
0.95,0.9264494548090602,0.0,0.0
0.95,0.95118214035666,0.0,0.0
0.95,0.8985655196523713,0.0,0.0
0.95,0.9252066131532988,0.0,0.0
0.95,0.9087493218640365,0.0,0.0
0.95,0.9188832254139948,0.0,0.0
0.95,0.9195595295331804,0.0,0.0
0.95,0.8855882833491401,0.0,0.0
0.95,0.9452966553417986,0.0,0.0
0.95,0.9285741621719148,0.0,0.0
0.95,0.9141138053739758,0.0,0.0
0.95,0.8855823551568077,0.0,0.0
0.95,0.9581766791019496,0.0,0.0
0.95,0.9424821817385332,0.0,0.0
0.95,0.9472003499274402,0.0,0.0
0.95,0.961454809796595,0.0,0.0
0.95,0.940802984793344,0.0,0.0
0.95,0.905571268783432,0.0,0.0
0.95,0.9671464109543308,0.0,0.0
0.95,0.9549464156221712,0.0,0.0
0.95,0.9498631795453576,0.0,0.0
0.95,0.8977164555409552,0.0,0.0
0.95,0.9515589160053384,0.0,0.0
0.95,0.9637540725477224,0.0,0.0
0.95,0.8616575395071189,0.0,0.0
0.95,0.8830926081133987,0.0,0.0
0.95,0.9640868469612662,0.0,0.0
0.95,0.9716540335372684,0.0,0.0
0.95,0.9481706058777382,0.0,0.0
0.95,0.9597005668290516,0.0,0.0
0.95,0.951754808141516,0.0,0.0
0.95,0.8950340738623896,0.0,0.0
0.95,0.860798689805437,0.0,0.0
0.95,0.7788543160186007,0.0,0.0
0.95,0.9073660135330872,0.0,0.0
0.95,0.9241636243514963,0.0,0.0
0.95,0.932986762864506,0.0,0.0
0.95,0.9349534537475058,0.0,0.0
0.95,0.8783810475327953,0.0,0.0
0.95,0.9126636498946084,0.0,0.0
0.95,0.9216961079030191,0.0,0.0
0.95,0.8880745697329226,0.0,0.0
0.95,0.9296754393502288,0.0,0.0
0.95,0.9340649654908196,0.0,0.0
0.95,0.945835416478886,0.0,0.0
0.95,0.9732746140333924,0.0,0.0
0.95,0.9406185116074166,0.0,0.0
0.95,0.9467062769608022,0.0,0.0
0.95,0.95347909141977,0.0,0.0
0.95,0.9394454167196532,0.0,0.0
0.95,0.9525754926206892,0.0,0.0
0.95,0.9339166962294728,0.0,0.0
0.95,0.9316346649900566,0.0,0.0
0.95,0.9447155880349184,0.0,0.0
0.95,0.9141210505522916,0.0,0.0
0.95,0.8957947486633578,0.0,0.0
0.95,0.8814741868891557,0.0,0.0
0.95,0.9491617379524796,0.0,0.0
0.95,0.971057923157357,0.0,0.0
0.95,0.9287796428647151,0.0,0.0
0.95,0.9321375650817704,0.0,0.0
0.95,0.9421602227642044,0.0,0.0
0.95,0.9642752746006602,0.0,0.0
0.95,0.9543002155792248,0.0,0.0
0.95,0.8873982768727304,0.0,0.0
0.95,0.9397299220708902,0.0,0.0
0.95,0.934666234049052,0.0,0.0
0.95,0.9202213268026485,0.0,0.0
0.95,0.9458778111728724,0.0,0.0
0.95,0.9302908706630711,0.0,0.0
0.95,0.937422103149064,0.0,0.0
0.95,0.90325423172832,0.0,0.0
0.95,0.9361904522487112,0.0,0.0
0.95,0.9586697690256432,0.0,0.0
0.95,0.9201561710177868,0.0,0.0
0.95,0.9620189087191277,0.0,0.0
0.95,0.943436198969388,0.0,0.0
0.95,0.9092954114517272,0.0,0.0
0.95,0.919297844043008,0.0,0.0
0.95,0.9295703070488586,0.0,0.0
0.95,0.9096098993749376,0.0,0.0
0.95,0.936527354141333,0.0,1.0
0.95,0.9784320057117531,0.0,0.0
0.95,0.9462800009397084,0.0,0.0
0.95,0.8771607679981617,0.0,0.0
0.95,0.9537573578655876,0.0,0.0
0.95,0.921353648145144,0.0,0.0
0.95,0.933618621145365,0.0,0.0
0.95,0.950470342449573,0.0,0.0
0.95,0.9608839202831286,0.0,0.0
0.95,0.9358250584612215,0.0,0.0
0.95,0.9335566569276328,0.0,0.0
0.95,0.940393434173254,0.0,0.0
0.95,0.8892532828239118,0.0,0.0
0.95,0.9011320582219324,0.0,0.0
0.95,0.9335798633886404,0.0,0.0
0.95,0.922803551942653,0.0,0.0
0.95,0.8744720506054416,0.0,0.0
0.95,0.9738177649881976,0.0,0.0
0.95,0.937440735011122,0.0,0.0
0.95,0.9359701917529818,0.0,0.0
0.95,0.943192378349088,0.0,0.0
0.95,0.9136524472908032,0.0,0.0
0.95,0.9402453805674776,0.0,0.0
0.95,0.905360619196944,0.0,0.0
0.95,0.8803509476315896,0.0,0.0
0.95,0.945320436264146,0.0,0.0
0.95,0.9300693255609712,0.0,0.0
0.95,0.9196176544042594,0.0,0.0
0.95,0.9151701658215708,0.0,0.0
0.95,0.95058499317687,0.0,0.0
0.95,0.9385402360808828,0.0,0.0
0.95,0.9715979920537404,0.0,0.0
0.95,0.9542433630268204,0.0,0.0
0.95,0.903251748626992,0.0,0.0
0.95,0.9611427979993248,0.0,0.0
0.95,0.9148899029880804,0.0,0.0
0.95,0.9689487525216028,0.0,0.0
0.95,0.9529835291436822,0.0,0.0
0.95,0.95737203335612,0.0,0.0
0.95,0.9576985452011376,0.0,1.0
0.95,0.8697629292739869,0.0,0.0
0.95,0.8807725032770822,0.0,0.0
0.95,0.95541327995454,0.0,0.0
0.95,0.9365081645499764,0.0,0.0
0.95,0.9470793841254104,0.0,0.0
0.95,0.904710866279965,0.0,0.0
0.95,0.9497054505291712,0.0,0.0
0.95,0.9234389844397484,0.0,0.0
0.95,0.960696394380325,0.0,0.0
0.95,0.9245315168617536,0.0,0.0
0.95,0.9447782826610892,0.0,0.0
0.95,0.9443413683077586,0.0,0.0
0.95,0.8778802171231105,0.0,0.0
0.95,0.9116581966004182,0.0,0.0
0.95,0.9571679371221712,0.0,0.0
0.95,0.912705253973207,0.0,0.0
0.95,0.940055872714256,0.0,0.0
0.95,0.8863555413788913,0.0,0.0
0.95,0.9186006851531644,0.0,0.0
0.95,0.9389167900169052,0.0,0.0
0.95,0.9275503040426216,0.0,0.0
0.95,0.9665654598109276,0.0,0.0
0.95,0.9363524656173032,0.0,0.0
0.95,0.9294073888493336,0.0,0.0
0.95,0.9491667875665902,0.0,0.0
0.95,0.9436853729848672,0.0,0.0
0.95,0.9350555444903714,0.0,0.0
0.95,0.9639846695973352,0.0,0.0
0.95,0.9555111494509888,0.0,0.0
0.95,0.9329219949078524,0.0,0.0
0.95,0.941226896884958,0.0,0.0
0.95,0.9162860343217928,0.0,0.0
0.95,0.9636883422832898,0.0,0.0
0.95,0.8966885846648609,0.0,0.0
0.95,0.9493831113256128,0.0,0.0
0.95,0.9096211368013184,0.0,0.0
0.95,0.9222926063151174,0.0,0.0
0.95,0.949265789047023,0.0,0.0
0.95,0.9349459462494653,0.0,0.0
0.95,0.9087602038899673,0.0,0.0
0.95,0.9280601372085088,0.0,0.0
0.95,0.9643193318144369,0.0,0.0
0.95,0.9452337765730876,0.0,0.0
0.95,0.9395098101037364,0.0,0.0
0.95,0.9275465592092136,0.0,0.0
0.95,0.9440852608078868,0.0,0.0
0.95,0.9531220352223082,0.0,0.0
0.95,0.9103910616560738,0.0,0.0
0.95,0.8989303100504658,0.0,0.0
0.95,0.9699271767461756,0.0,0.0
0.95,0.957066371872876,0.0,0.0
0.95,0.91406526109994,0.0,0.0
0.95,0.8993921245029757,0.0,0.0
0.95,0.942535129170298,0.0,0.0
0.95,0.9392360887256144,0.0,0.0
0.95,0.9287269100140724,0.0,0.0
0.95,0.9110126806911134,0.0,0.0
0.95,0.9665378855314612,0.0,0.0
0.95,0.9580366302047312,0.0,0.0
0.95,0.9481304247716216,0.0,0.0
0.95,0.9077422760187128,0.0,0.0
0.95,0.907324325632913,0.0,0.0
0.95,0.955195001156149,0.0,0.0
0.95,0.9629778264599336,0.0,0.0
0.95,0.9193638402965196,0.0,0.0
0.95,0.9393895984849304,0.0,0.0
0.95,0.9405523654227124,0.0,0.0
0.95,0.9355582333154504,0.0,0.0
0.95,0.9368389385078352,0.0,1.0
0.95,0.9149900103784,0.0,0.0
0.95,0.9709353269541904,0.0,0.0
0.95,0.9066714605752872,0.0,0.0
0.95,0.943200235584835,0.0,0.0
0.95,0.9129228989863444,0.0,0.0
0.95,0.9089910932395392,0.0,0.0
0.95,0.9338120838436328,0.0,0.0
0.95,0.9273144372069708,0.0,0.0
0.95,0.9458540186377674,0.0,0.0
0.95,0.9441762291824536,0.0,0.0
0.95,0.96077377314447,0.0,0.0
0.95,0.9613600329552888,0.0,0.0
0.95,0.9496772658943629,0.0,0.0
0.95,0.9447524099810238,0.0,0.0
0.95,0.9194748384339804,0.0,0.0
0.95,0.9114155434358856,0.0,0.0
0.95,0.937175094926639,0.0,0.0
0.95,0.9291074944803516,0.0,0.0
0.95,0.9302374426747796,0.0,0.0
0.95,0.8215534896810502,0.0,0.0
0.95,0.895429391059413,0.0,0.0
0.95,0.958055792102708,0.0,1.0
0.95,0.8946442215513845,0.0,0.0
0.95,0.9601010301052956,0.0,0.0
0.95,0.908530873301368,0.0,0.0
0.95,0.895070643892358,0.0,0.0
0.95,0.9246813737278682,0.0,0.0
0.95,0.9505790006905586,0.0,0.0
0.95,0.9700393966783668,0.0,0.0
0.95,0.8905097065022345,0.0,0.0
0.95,0.9111202079555358,0.0,0.0
0.95,0.9275851287473084,0.0,0.0
0.95,0.85943736074403,0.0,0.0
0.95,0.9341345985606316,0.0,0.0
0.95,0.8917857735776392,0.0,1.0
0.95,0.9694569518238502,0.0,0.0
0.95,0.942351624918089,0.0,0.0
0.95,0.9421640660075906,0.0,0.0
0.95,0.8876657535821705,0.0,0.0
0.95,0.9343294934670382,0.0,0.0
0.95,0.9390886550103348,0.0,0.0
0.95,0.9593124056824514,0.0,0.0
0.95,0.853972601341275,0.0,0.0
0.95,0.9025586949260338,0.0,0.0
0.95,0.97102169956159,0.0,0.0
0.95,0.9606322676972778,0.0,0.0
0.95,0.9352874070052096,0.0,0.0
0.95,0.9512727867984022,0.0,0.0
0.95,0.8929809671491427,0.0,0.0
0.95,0.9112485971419698,0.0,0.0
0.95,0.9298837324732414,0.0,1.0
0.95,0.9732173244075548,0.0,0.0
0.95,0.9418140965427624,0.0,0.0
0.95,0.9517800927225836,0.0,0.0
0.95,0.968441994846344,0.0,0.0
0.95,0.9504856586060576,0.0,0.0
0.95,0.9149740061286497,0.0,0.0
0.95,0.9438708197829924,0.0,0.0
0.95,0.930964474934274,0.0,0.0
0.95,0.939460681020614,0.0,0.0
0.95,0.9276020172169258,0.0,0.0
0.95,0.9376076202671766,0.0,0.0
0.95,0.961502208142821,0.0,0.0
0.95,0.9172029490262982,0.0,0.0
0.95,0.9509433201896792,0.0,0.0
0.95,0.9175871708147252,0.0,0.0
0.95,0.900642060547198,0.0,0.0
0.95,0.9149867297235056,0.0,0.0
0.95,0.9511951030184664,0.0,0.0
0.95,0.9730919410308,0.0,0.0
0.95,0.9601193323347008,0.0,0.0
0.95,0.86278754121261,0.0,0.0
0.95,0.963074829690128,0.0,0.0
0.95,0.9478180923050804,0.0,0.0
0.95,0.9757251383194784,0.0,0.0
0.95,0.9353530495802032,0.0,0.0
0.95,0.9557598771957676,0.0,0.0
0.95,0.9595866140390032,0.0,0.0
0.95,0.9527754533116484,0.0,0.0
0.95,0.9180048840820152,0.0,0.0
0.95,0.9024938494123288,0.0,0.0
0.95,0.9563635259933544,0.0,0.0
0.95,0.9292844291427966,1.0,1.0
0.95,0.9511709540811768,0.0,0.0
0.95,0.9268333097288892,0.0,0.0
0.95,0.9291014351647884,0.0,0.0
0.95,0.9119700870215056,0.0,0.0
0.95,0.9008151421950148,0.0,0.0
0.95,0.9246258459179856,0.0,0.0
0.95,0.8726644951200543,0.0,0.0
0.95,0.945542192554608,0.0,0.0
0.95,0.9462470603574228,0.0,0.0
0.95,0.966352994439259,0.0,0.0
0.95,0.9562707166604943,0.0,0.0
0.95,0.9150637910104868,0.0,0.0
0.95,0.9670223844477178,0.0,0.0
0.95,0.9532341383984336,0.0,0.0
0.95,0.9187249335156836,0.0,0.0
0.95,0.9155484274181483,0.0,0.0
0.95,0.895840843584437,0.0,0.0
0.95,0.9432909861315126,0.0,0.0
0.95,0.9312596576382212,0.0,0.0
0.95,0.8959186925933201,0.0,0.0
0.95,0.9271945075080996,0.0,0.0
0.95,0.8836998971124859,0.0,0.0
0.95,0.9703452766989772,0.0,0.0
0.95,0.9159492480106234,0.0,0.0
0.95,0.9168075075686674,0.0,0.0
0.95,0.9684909787946692,0.0,0.0
0.95,0.8932764117033565,0.0,0.0
0.95,0.9286519681820776,0.0,0.0
0.95,0.9372634658835504,0.0,0.0
0.95,0.908049286284549,0.0,0.0
0.95,0.8814566958968164,0.0,0.0
0.95,0.976611829484953,0.0,0.0
0.95,0.9152152241680716,0.0,0.0
0.95,0.8933234370809325,0.0,0.0
0.95,0.9475360942279198,0.0,0.0
0.95,0.960079571917958,0.0,0.0
0.95,0.897466643250665,0.0,0.0
0.95,0.9007983340544702,0.0,0.0
0.95,0.9289222792183764,0.0,0.0
0.95,0.9380125906149532,0.0,0.0
0.95,0.9379188888295916,0.0,0.0
0.95,0.9251749935576248,0.0,0.0
0.95,0.8835240884408454,0.0,0.0
0.95,0.9399505699395276,0.0,0.0
0.95,0.9278744659253076,0.0,0.0
0.95,0.9509116085558652,0.0,0.0
0.95,0.9535511375068172,0.0,0.0
0.95,0.9238637783276162,0.0,0.0
0.95,0.8944951380706426,0.0,0.0
0.95,0.8894742402456419,0.0,0.0
0.95,0.9200160256399176,0.0,0.0
0.95,0.8963922619187681,0.0,0.0
0.95,0.9616007177617006,0.0,0.0
0.95,0.9568508092826216,0.0,0.0
0.95,0.8743339394265645,0.0,0.0
0.95,0.9278425741199818,0.0,0.0
0.95,0.9130623280544106,0.0,0.0
0.95,0.9082568052851566,0.0,1.0
0.95,0.9582654833597828,0.0,0.0
0.95,0.9559779708219124,0.0,0.0
0.95,0.934039116340312,0.0,0.0
0.95,0.9378975481003116,0.0,0.0
0.95,0.8901759480841516,0.0,0.0
0.95,0.9405811254213426,0.0,0.0
0.95,0.9121033352549794,0.0,0.0
0.95,0.9154497947705716,0.0,0.0
0.95,0.9590347281202736,0.0,0.0
0.95,0.8906460826334374,0.0,0.0
0.95,0.9382990230965668,1.0,1.0
0.95,0.9052245060854012,0.0,0.0
0.95,0.951754345160286,0.0,0.0
0.95,0.8353284380105416,0.0,0.0
0.95,0.9099771735524812,0.0,0.0
0.95,0.9549071983698388,0.0,0.0
0.95,0.9215206500071536,0.0,0.0
0.95,0.9193131809876663,0.0,0.0
0.95,0.8929014098760495,0.0,0.0
0.95,0.9216549466325424,0.0,0.0
0.95,0.9322252510674276,0.0,0.0
0.95,0.8921280692969065,0.0,0.0
0.95,0.8977631612432684,0.0,0.0
0.95,0.9571191591659616,0.0,0.0
0.95,0.9398954100617646,0.0,0.0
0.95,0.928619800526985,0.0,0.0
0.95,0.9362487900423287,0.0,0.0
0.95,0.9484103436404988,0.0,0.0
0.95,0.9133897419868232,0.0,0.0
0.95,0.9419659548445152,0.0,0.0
0.95,0.9568973523426576,0.0,0.0
0.95,0.9307544028445502,0.0,0.0
0.95,0.8951862862011358,0.0,0.0
0.95,0.9061385900722202,0.0,0.0
0.95,0.9554987451421484,0.0,0.0
0.95,0.9676379969869324,0.0,0.0
0.95,0.9527923345520988,0.0,0.0
0.95,0.9215013096248236,0.0,0.0
0.95,0.9096631093388806,0.0,0.0
0.95,0.8889758365894967,0.0,0.0
0.95,0.940959007488471,0.0,0.0
0.98,0.9689478425530345,0.0,0.0
0.98,0.985114772445249,0.0,0.0
0.98,0.972125427911009,0.0,0.0
0.98,0.9289396154633998,0.0,0.0
0.98,0.9482689574279964,0.0,0.0
0.98,0.986931525307513,0.0,0.0
0.98,0.9770782218330356,0.0,0.0
0.98,0.974365892623302,0.0,0.0
0.98,0.9517105757202892,0.0,0.0
0.98,0.958244228050973,0.0,0.0
0.98,0.9463266520876964,0.0,0.0
0.98,0.9528766397486288,0.0,0.0
0.98,0.9856521760651962,1.0,0.0
0.98,0.9505713804307968,0.0,0.0
0.98,0.9329913060770366,0.0,0.0
0.98,0.8921380767089496,0.0,0.0
0.98,0.9695072453671728,0.0,0.0
0.98,0.9484730192863796,0.0,0.0
0.98,0.9896681958665114,0.0,1.0
0.98,0.9737110052208628,0.0,0.0
0.98,0.9004971865389921,0.0,0.0
0.98,0.9689301567314736,0.0,0.0
0.98,0.974464678519124,0.0,0.0
0.98,0.9531583701502973,0.0,0.0
0.98,0.959394686146074,0.0,0.0
0.98,0.9888153765542046,0.0,0.0
0.98,0.923154092816775,0.0,0.0
0.98,0.9387654834103988,0.0,0.0
0.98,0.9668764065765372,1.0,1.0
0.98,0.9472252561454432,0.0,0.0
0.98,0.9639766610527758,0.0,0.0
0.98,0.9517598249071691,0.0,0.0
0.98,0.9324592466579033,0.0,0.0
0.98,0.9680968232118444,0.0,0.0
0.98,0.9623880755301736,0.0,0.0
0.98,0.9673390535185212,0.0,0.0
0.98,0.9645138106227572,0.0,0.0
0.98,0.9710011021015924,0.0,0.0
0.98,0.9629277462627556,0.0,0.0
0.98,0.915531142382942,0.0,0.0
0.98,0.9686508158951436,0.0,0.0
0.98,0.9763372266256936,0.0,0.0
0.98,0.9469413622100502,0.0,0.0
0.98,0.9483329538311174,0.0,0.0
0.98,0.9261267728117502,0.0,0.0
0.98,0.9841995873580576,0.0,0.0
0.98,0.935413890601733,0.0,0.0
0.98,0.9758264533618684,0.0,0.0
0.98,0.9692942062893146,0.0,0.0
0.98,0.932201690011725,0.0,0.0
0.98,0.956732486059991,0.0,0.0
0.98,0.959279545009225,0.0,0.0
0.98,0.9652134999730648,0.0,0.0
0.98,0.937902915882044,0.0,0.0
0.98,0.919688686877011,0.0,0.0
0.98,0.9680013949914053,0.0,0.0
0.98,0.9349910788973832,0.0,0.0
0.98,0.9407126858370686,0.0,0.0
0.98,0.9646842485194528,0.0,0.0
0.98,0.9310455489791089,0.0,0.0
0.98,0.9776263004959824,0.0,0.0
0.98,0.9662866420283238,0.0,0.0
0.98,0.9279119088886952,0.0,0.0
0.98,0.9641287689468826,0.0,0.0
0.98,0.9688203659085796,0.0,0.0
0.98,0.9679591112360376,0.0,0.0
0.98,0.9744910570631852,0.0,0.0
0.98,0.9371027422818288,0.0,0.0
0.98,0.9512760363810406,0.0,0.0
0.98,0.9498987768289688,0.0,1.0
0.98,0.957435679660167,0.0,0.0
0.98,0.9779109241377986,0.0,0.0
0.98,0.9643409852011507,0.0,0.0
0.98,0.9439881295386796,0.0,0.0
0.98,0.987541881052552,0.0,0.0
0.98,0.9572466381685284,0.0,0.0
0.98,0.9728944885473766,0.0,0.0
0.98,0.9545152853532176,0.0,0.0
0.98,0.8700840676519519,0.0,0.0
0.98,0.9386017620885208,0.0,0.0
0.98,0.9697760838706332,0.0,0.0
0.98,0.9544483272635932,0.0,0.0
0.98,0.8922757247676125,0.0,0.0
0.98,0.9548904786669165,0.0,0.0
0.98,0.9378611305309124,0.0,0.0
0.98,0.9863265272085984,0.0,0.0
0.98,0.9243262996198788,0.0,0.0
0.98,0.9448243194620252,0.0,0.0
0.98,0.8719946168442874,0.0,0.0
0.98,0.9508289956378164,0.0,0.0
0.98,0.9824554726792812,0.0,0.0
0.98,0.9451597355038852,1.0,0.0
0.98,0.8957198469486664,0.0,0.0
0.98,0.9134375677984558,0.0,0.0
0.98,0.9191190148662636,0.0,0.0
0.98,0.8494528878750527,0.0,0.0
0.98,0.954558343454448,0.0,0.0
0.98,0.957497091908298,0.0,0.0
0.98,0.958254420346898,1.0,1.0
0.98,0.959046332947598,0.0,0.0
0.98,0.9378142764698278,0.0,0.0
0.98,0.9741037548223316,0.0,0.0
0.98,0.9040740574640428,0.0,0.0
0.98,0.9204743576123572,0.0,0.0
0.98,0.9634626772239347,0.0,0.0
0.98,0.9765357207471548,0.0,0.0
0.98,0.969166870870716,0.0,0.0
0.98,0.969601684053828,0.0,0.0
0.98,0.9788940320717904,0.0,0.0
0.98,0.9829417143912632,0.0,0.0
0.98,0.9752829359326862,0.0,0.0
0.98,0.9657798517001736,0.0,0.0
0.98,0.9496175763619128,0.0,0.0
0.98,0.9624898991897592,0.0,0.0
0.98,0.9714608333161366,0.0,0.0
0.98,0.9578237566560596,0.0,0.0
0.98,0.9625652985810732,0.0,0.0
0.98,0.970797362277695,0.0,0.0
0.98,0.9444213682095371,0.0,0.0
0.98,0.9605245271383268,0.0,0.0
0.98,0.8903782430119147,0.0,0.0
0.98,0.9751729881919357,0.0,0.0
0.98,0.9546254930995384,0.0,0.0
0.98,0.9105553486143972,0.0,0.0
0.98,0.9860789803085648,0.0,0.0
0.98,0.9833495278690784,0.0,0.0
0.98,0.9727294200572496,0.0,0.0
0.98,0.947535326797412,0.0,0.0
0.98,0.9545393193859268,0.0,0.0
0.98,0.9269282913195072,0.0,0.0
0.98,0.9735486407772324,0.0,0.0
0.98,0.978318684094452,0.0,0.0
0.98,0.9441139861207232,0.0,0.0
0.98,0.9780362836524272,0.0,0.0
0.98,0.9312435030263086,0.0,0.0
0.98,0.9589724361877924,0.0,0.0
0.98,0.9583370159017304,0.0,0.0
0.98,0.9129484432089972,0.0,1.0
0.98,0.9447889187426782,0.0,0.0
0.98,0.9579209510471132,0.0,0.0
0.98,0.977599564418467,0.0,0.0
0.98,0.9694793352172432,0.0,0.0
0.98,0.981126235398916,0.0,0.0
0.98,0.951715790679175,0.0,0.0
0.98,0.9536813174695046,0.0,0.0
0.98,0.921384315197482,0.0,0.0
0.98,0.9886446081415176,0.0,0.0
0.98,0.9654210202319472,0.0,0.0
0.98,0.9875784664539996,0.0,0.0
0.98,0.9785152481813796,0.0,0.0
0.98,0.960768340576341,0.0,0.0
0.98,0.9819536471392856,0.0,0.0
0.98,0.9047773968306082,0.0,0.0
0.98,0.9671445134859749,0.0,0.0
0.98,0.9695577417279448,0.0,0.0
0.98,0.9501499657687116,0.0,0.0
0.98,0.8447460832803552,0.0,0.0
0.98,0.9224825850800472,0.0,0.0
0.98,0.9118138255755902,0.0,0.0
0.98,0.9780227160891,0.0,0.0
0.98,0.953913847142356,0.0,0.0
0.98,0.9612880283365822,0.0,0.0
0.98,0.9491680561331504,0.0,0.0
0.98,0.8678983437541141,0.0,0.0
0.98,0.9761051438335562,0.0,0.0
0.98,0.9341346623957832,0.0,0.0
0.98,0.9252010317023388,0.0,0.0
0.98,0.9175108541317452,0.0,0.0
0.98,0.958381099360818,0.0,0.0
0.98,0.969059429599462,0.0,0.0
0.98,0.979831296341565,0.0,0.0
0.98,0.9860455680222884,0.0,0.0
0.98,0.9755996521132742,0.0,0.0
0.98,0.9839816157780822,0.0,0.0
0.98,0.9248656424968752,0.0,0.0
0.98,0.954269328340992,0.0,0.0
0.98,0.960672535912707,0.0,0.0
0.98,0.9458385770596076,0.0,0.0
0.98,0.9950252339074755,0.0,0.0
0.98,0.94725541308408,0.0,0.0
0.98,0.9759779436852464,0.0,0.0
0.98,0.9767466746893282,0.0,0.0
0.98,0.9851639715814386,0.0,0.0
0.98,0.966276799862602,0.0,0.0
0.98,0.9715649722575066,0.0,0.0
0.98,0.9023489480051324,0.0,0.0
0.98,0.9869000180327744,0.0,0.0
0.98,0.9106175210505314,0.0,0.0
0.98,0.9664938635949112,0.0,0.0
0.98,0.9712686663017728,0.0,0.0
0.98,0.9580846476039582,1.0,1.0
0.98,0.9837132623489656,0.0,0.0
0.98,0.9170770181813682,0.0,0.0
0.98,0.946594378301148,0.0,0.0
0.98,0.981187635215372,0.0,0.0
0.98,0.9786796279829924,0.0,0.0
0.98,0.9689780552379368,0.0,0.0
0.98,0.9486398180342028,0.0,0.0
0.98,0.9290873916331754,0.0,0.0
0.98,0.9749513151771187,0.0,0.0
0.98,0.9496922927155552,0.0,0.0
0.98,0.972754881431186,0.0,1.0
0.98,0.964704520276446,0.0,0.0
0.98,0.962686901387168,0.0,0.0
0.98,0.975336346999406,0.0,0.0
0.98,0.9573895058239632,0.0,0.0
0.98,0.9576326342589532,0.0,0.0
0.98,0.9500845348954904,0.0,0.0
0.98,0.9217227471534314,0.0,0.0
0.98,0.9465119791955968,0.0,0.0
0.98,0.9517660505015144,0.0,0.0
0.98,0.9754792106526852,0.0,0.0
0.98,0.9514198850785476,0.0,0.0
0.98,0.919288723171382,0.0,0.0
0.98,0.949966284785132,0.0,0.0
0.98,0.9352217568419656,0.0,0.0
0.98,0.951217658346286,0.0,0.0
0.98,0.9616890548262564,0.0,0.0
0.98,0.939440578964189,0.0,0.0
0.98,0.9439608854055034,0.0,0.0
0.98,0.9713329016685096,0.0,0.0
0.98,0.9035322649848638,0.0,0.0
0.98,0.9806555024384992,0.0,0.0
0.98,0.9550298730953698,0.0,0.0
0.98,0.9600641545797902,0.0,0.0
0.98,0.95266303379156,0.0,0.0
0.98,0.8966484485424703,0.0,0.0
0.98,0.9403130249396452,0.0,0.0
0.98,0.985530324900671,0.0,0.0
0.98,0.9822861231733772,1.0,1.0
0.98,0.9603579127995966,0.0,0.0
0.98,0.9344234036112656,0.0,0.0
0.98,0.9811088911943951,0.0,0.0
0.98,0.9592973572484036,0.0,0.0
0.98,0.98179004796471,0.0,0.0
0.98,0.966660785523712,0.0,0.0
0.98,0.9685677820001164,0.0,0.0
0.98,0.9659022765386074,0.0,0.0
0.98,0.9712976187040508,1.0,1.0
0.98,0.9830944038567012,0.0,0.0
0.98,0.9688250324088488,0.0,0.0
0.98,0.9322972791828816,0.0,0.0
0.98,0.9519458802461288,0.0,0.0
0.98,0.935697377739776,0.0,0.0
0.98,0.9736221608825282,0.0,0.0
0.98,0.9207456115923236,0.0,0.0
0.98,0.9555388555399952,0.0,1.0
0.98,0.9429807835425896,0.0,0.0
0.98,0.9296766843464006,0.0,0.0
0.98,0.9754379770485332,0.0,0.0
0.98,0.9594988266158676,0.0,0.0
0.98,0.9677336145416092,0.0,0.0
0.98,0.9533806356564204,0.0,0.0
0.98,0.9773237597475058,0.0,0.0
0.98,0.9680670910835618,0.0,0.0
0.98,0.9658771808454566,0.0,0.0
0.98,0.955448995027076,0.0,0.0
0.98,0.9598097240504848,0.0,0.0
0.98,0.9819562456524492,0.0,0.0
0.98,0.9800563260652824,0.0,0.0
0.98,0.9471768505814124,0.0,0.0
0.98,0.9085720725396552,0.0,0.0
0.98,0.9841595833832956,0.0,0.0
0.98,0.9115478288744958,0.0,0.0
0.98,0.9511878950513972,0.0,0.0
0.98,0.916671262505494,0.0,0.0
0.98,0.9291215565157978,0.0,0.0
0.98,0.9530053664850922,0.0,0.0
0.98,0.9636156667692336,0.0,0.0
0.98,0.9550695440080406,0.0,0.0
0.98,0.9780489610553502,0.0,0.0
0.98,0.9530938704774868,0.0,0.0
0.98,0.9726769749546128,0.0,0.0
0.98,0.9440938074908928,0.0,0.0
0.98,0.9808818603623204,0.0,0.0
0.98,0.981640345297747,0.0,0.0
0.98,0.9460529293349216,0.0,0.0
0.98,0.9732641547226304,1.0,1.0
0.98,0.981300884615533,0.0,0.0
0.98,0.9529097004740712,0.0,0.0
0.98,0.9740575589554707,0.0,0.0
0.98,0.9913266164169074,0.0,0.0
0.98,0.9352791207833456,0.0,0.0
0.98,0.980415346046502,0.0,0.0
0.98,0.9119099521634688,0.0,0.0
0.98,0.9577938844447996,0.0,0.0
0.98,0.9780393688581202,1.0,1.0
0.98,0.9263953555836124,0.0,0.0
0.98,0.9379319600030414,0.0,0.0
0.98,0.9797276699573674,0.0,0.0
0.98,0.9860232125817592,0.0,1.0
0.98,0.935221832013194,0.0,0.0
0.98,0.963328666066138,0.0,0.0
0.98,0.9493757474658974,0.0,0.0
0.98,0.872229122580533,0.0,0.0
0.98,0.9403599246282398,0.0,0.0
0.98,0.9586743909531544,0.0,0.0
0.98,0.9656145940753512,0.0,0.0
0.98,0.9592641106880482,0.0,0.0
0.98,0.9645830981069894,0.0,0.0
0.98,0.9705708808889149,1.0,1.0
0.98,0.9582694646041744,0.0,0.0
0.98,0.9463351292194464,0.0,0.0
0.98,0.980253531863646,0.0,0.0
0.98,0.9060223631427736,0.0,0.0
0.98,0.9640984372058268,0.0,0.0
0.98,0.959037117771108,0.0,0.0
0.98,0.9577435432546376,0.0,0.0
0.98,0.9463877423770508,0.0,0.0
0.98,0.9348148830756252,0.0,0.0
0.98,0.9777786777375176,0.0,0.0
0.98,0.9820119884572892,0.0,0.0
0.98,0.9805004771574918,0.0,0.0
0.98,0.9617134428963384,0.0,0.0
0.98,0.9469016717121768,0.0,0.0
0.98,0.9526264685683152,0.0,0.0
0.98,0.86388287150033,0.0,0.0
0.98,0.966970382877036,0.0,0.0
0.98,0.948812494766364,0.0,0.0
0.98,0.9727550605304514,0.0,0.0
0.98,0.982728775773496,0.0,0.0
0.98,0.9405987175121502,0.0,0.0
0.98,0.9650488053375608,0.0,0.0
0.98,0.9757389076119098,0.0,0.0
0.98,0.956959649945103,0.0,0.0
0.98,0.9286361142587144,0.0,0.0
0.98,0.9679162935358188,0.0,0.0
0.98,0.9842806523280307,0.0,0.0
0.98,0.9813268881346542,0.0,0.0
0.98,0.9304262901646866,0.0,0.0
0.98,0.966225714858408,0.0,0.0
0.98,0.9698872012096892,0.0,0.0
0.98,0.9485248015872104,0.0,0.0
0.98,0.9733754858097085,0.0,0.0
0.98,0.9415608455494204,0.0,0.0
0.98,0.9670258948308376,0.0,0.0
0.98,0.981630238207116,0.0,0.0
0.98,0.9748718215905928,0.0,0.0
0.98,0.9403929054046072,0.0,0.0
0.98,0.9704671503142406,0.0,0.0
0.98,0.930368802314717,0.0,0.0
0.98,0.9664740481416266,0.0,0.0
0.98,0.9609935654610792,0.0,0.0
0.98,0.9583299536165488,0.0,0.0
0.98,0.9853259470421766,0.0,0.0
0.98,0.947367273641124,0.0,0.0
0.98,0.9361333261279192,0.0,0.0
0.98,0.9144400830860026,0.0,0.0
0.98,0.9427393681767816,0.0,0.0
0.98,0.93205911488291,0.0,0.0
0.98,0.9752942640006902,0.0,0.0
0.98,0.8926279579607866,0.0,0.0
0.98,0.9616558121217011,0.0,0.0
0.98,0.9638614354656668,0.0,0.0
0.98,0.94377940482979,0.0,0.0
0.98,0.9611785921289372,0.0,0.0
0.98,0.9802928702134512,0.0,0.0
0.98,0.9791763578439678,0.0,0.0
0.98,0.9596482981423692,0.0,0.0
0.98,0.960748938925297,0.0,1.0
0.98,0.978812025300461,0.0,0.0
0.98,0.9664327021438444,0.0,0.0
0.98,0.9572961712510591,0.0,0.0
0.98,0.927766421243335,0.0,0.0
0.98,0.9752459689065872,0.0,0.0
0.98,0.9739189084446862,0.0,0.0
0.98,0.9476017283473251,0.0,0.0
0.98,0.949609343524656,0.0,0.0
0.98,0.90760562389231,0.0,0.0
0.98,0.9616408304656738,0.0,0.0
0.98,0.962513954605707,0.0,0.0
0.98,0.9250885576699642,0.0,0.0
0.98,0.92655432966423,0.0,0.0
0.98,0.9161649647467958,0.0,0.0
0.98,0.9482651932080796,0.0,0.0
0.98,0.9600434118842684,0.0,0.0
0.98,0.9586578768438658,0.0,0.0
0.98,0.9741746333893364,0.0,0.0
0.98,0.943702053927958,0.0,0.0
0.98,0.9212638217195048,0.0,0.0
0.98,0.9754699931770252,0.0,0.0
0.98,0.9743199469322036,0.0,0.0
0.98,0.9732388953105222,0.0,0.0
0.98,0.9719962068681266,0.0,0.0
0.98,0.969760586978536,0.0,0.0
0.98,0.9590045877753464,0.0,0.0
0.98,0.944057671042864,0.0,0.0
0.98,0.9868401548104055,0.0,0.0
0.98,0.9632420029416152,0.0,0.0
0.98,0.9670051988542332,0.0,0.0
0.98,0.9593579283408588,0.0,0.0
0.98,0.9784972613179936,0.0,0.0
0.98,0.9844438747137364,0.0,0.0
0.98,0.9683450122750816,0.0,0.0
0.98,0.9754514364459044,0.0,0.0
0.98,0.9505167210414872,0.0,0.0
0.98,0.9031964237421082,0.0,0.0
0.98,0.9818309738850328,0.0,1.0
0.98,0.9340523344850822,0.0,0.0
0.98,0.9642720519534028,0.0,0.0
0.98,0.9458880178203086,0.0,0.0
0.98,0.9858813402918613,0.0,1.0
0.98,0.9748444043012888,0.0,0.0
0.98,0.9610043918116564,0.0,0.0
0.98,0.9619126778251876,0.0,0.0
0.98,0.9573635406832725,0.0,0.0
0.98,0.9527700505826768,0.0,0.0
0.98,0.9753644553306692,0.0,0.0
0.98,0.9441062017488278,0.0,0.0
0.98,0.9442844827844984,0.0,0.0
0.98,0.9235506614978038,0.0,0.0
0.98,0.983509132765276,0.0,0.0
0.98,0.9387484655305814,0.0,0.0
0.98,0.9413009551171432,0.0,0.0
0.98,0.9506992401809876,0.0,0.0
0.98,0.9443904529457404,0.0,0.0
0.98,0.9723067350757836,0.0,0.0
0.98,0.969652861281112,0.0,0.0
0.98,0.98103037615724,0.0,0.0
0.98,0.9755564364519004,0.0,0.0
0.98,0.9646275752290188,0.0,0.0
0.98,0.9372740602407096,0.0,0.0
0.98,0.9794102904504296,0.0,0.0
0.98,0.9106338559552336,0.0,0.0
0.98,0.9491368492336456,0.0,0.0
0.98,0.9374954843135784,0.0,0.0
0.98,0.9907995742396088,0.0,0.0
0.98,0.9759254170095446,1.0,1.0
0.98,0.9194799357546156,0.0,0.0
0.98,0.963109750563194,0.0,0.0
0.98,0.9805586528082708,0.0,0.0
0.98,0.8779119016938453,0.0,0.0
0.98,0.919589055630043,0.0,0.0
0.98,0.9565755427395148,0.0,0.0
0.98,0.959979154464143,0.0,0.0
0.98,0.9304140330149088,0.0,0.0
0.98,0.9459381592204228,0.0,1.0
0.98,0.97758882103818,0.0,0.0
0.98,0.9896978300267404,0.0,1.0
0.98,0.9717672135202194,0.0,0.0
0.98,0.9785791152668358,0.0,0.0
0.98,0.97920960616939,0.0,0.0
0.98,0.9731738632183288,0.0,0.0
0.98,0.9587596046126836,0.0,0.0
0.98,0.9417468786386464,0.0,0.0
0.98,0.9695527895681264,0.0,0.0
0.98,0.986912232291524,0.0,0.0
0.98,0.9223390526311772,0.0,0.0
0.98,0.9792236795442046,1.0,1.0
0.98,0.9447801029878798,0.0,0.0
0.98,0.9845397185386928,0.0,0.0
0.98,0.976956526524402,0.0,0.0
0.98,0.9559995489054968,0.0,0.0
0.98,0.9528839011523674,0.0,0.0
0.98,0.9819726604327552,0.0,0.0
0.98,0.9404364437737712,0.0,0.0
0.98,0.9532837208954936,0.0,0.0
0.98,0.9576204337612912,1.0,1.0
0.98,0.9895750380528636,0.0,0.0
0.98,0.9695241148968144,0.0,0.0
0.98,0.9647071227828344,0.0,0.0
0.98,0.979041358306504,0.0,0.0
0.98,0.9443247093323048,0.0,0.0
0.98,0.9418173458340896,0.0,0.0
0.98,0.9575896302484728,0.0,0.0
0.98,0.968271245332322,0.0,0.0
0.98,0.9714638085427852,0.0,0.0
0.98,0.9619065701220788,0.0,0.0
0.98,0.96756242870971,0.0,0.0
0.98,0.9885465853824922,0.0,0.0
0.98,0.9134673608016854,0.0,0.0
0.98,0.9762020768542904,0.0,0.0
0.98,0.96232482904906,0.0,0.0
0.98,0.9236772837638396,0.0,0.0
0.98,0.9422763768068692,0.0,0.0
0.98,0.9695856791478762,0.0,0.0
0.98,0.9776649609066218,0.0,0.0
0.98,0.9366204280528548,0.0,0.0
0.98,0.9665624752527886,0.0,0.0
0.98,0.9558643382446572,0.0,0.0
0.98,0.9696637153912816,0.0,0.0
0.98,0.932158747014754,0.0,0.0
0.98,0.9368435559046236,0.0,0.0
0.98,0.8909773678736346,0.0,0.0
0.98,0.9541582529447816,0.0,0.0
0.98,0.974379246675444,0.0,0.0
0.98,0.9654692456927986,0.0,0.0
0.98,0.9347818759257266,0.0,0.0
0.98,0.9739427350331576,0.0,0.0
0.98,0.91196811764523,0.0,0.0
0.98,0.9189062017216516,0.0,0.0
0.98,0.9773293345215108,0.0,0.0
0.98,0.9718779493062704,0.0,0.0
0.98,0.949041888178121,0.0,0.0
0.98,0.952491142155258,0.0,0.0
0.98,0.9829460008315002,1.0,1.0
0.98,0.954856230200852,0.0,0.0
0.98,0.9637873274193892,0.0,0.0
0.98,0.9434650551423246,0.0,0.0
0.98,0.9848713835511066,0.0,0.0
0.98,0.9597122908567142,0.0,0.0
0.98,0.9391787267205696,0.0,0.0
0.98,0.9640097721554882,0.0,0.0
0.98,0.9747246576789196,0.0,0.0
0.98,0.9397333663853318,0.0,0.0
0.98,0.916986189480042,0.0,0.0
0.98,0.9210797865319,0.0,0.0
0.98,0.969485338930135,0.0,0.0
0.98,0.9327204532429422,0.0,0.0
0.98,0.940388822497853,0.0,0.0
0.98,0.913637752341479,0.0,0.0
0.98,0.9822422157326428,0.0,0.0
0.98,0.9376475548940344,0.0,0.0
0.98,0.9278049551684682,0.0,0.0
0.98,0.9283859785203544,0.0,1.0
0.98,0.9519636179622516,0.0,0.0
0.98,0.8486700246124427,0.0,0.0
0.98,0.922944364726872,0.0,0.0
0.98,0.9836589050709186,0.0,0.0
0.98,0.9649808735645268,0.0,0.0
0.98,0.9781866909244196,0.0,0.0
0.98,0.9629154380510392,0.0,0.0
0.98,0.9872344925183736,0.0,0.0
0.98,0.9551288997251236,0.0,0.0
0.98,0.9812039061768918,0.0,0.0
0.98,0.9679166133142316,0.0,0.0
0.98,0.9756993348184146,0.0,0.0
0.98,0.9218020727312046,0.0,0.0
0.98,0.9750843452869512,0.0,0.0
0.98,0.969245222299381,0.0,0.0
0.98,0.981951971558098,0.0,0.0
0.98,0.9786413070879216,0.0,0.0
0.98,0.9816751703173184,0.0,0.0
0.98,0.9466629299528068,0.0,0.0
0.98,0.9724434824204546,0.0,0.0
0.98,0.9821113652778408,0.0,0.0
0.98,0.9677071135017364,0.0,0.0
0.98,0.9793072266654492,0.0,0.0
0.98,0.9478321887412564,0.0,0.0
0.98,0.9873195200369308,0.0,1.0
0.98,0.9785278597598882,0.0,0.0
0.98,0.966030465182366,0.0,0.0
0.98,0.9158886637525764,0.0,0.0
0.98,0.9552329778951244,0.0,0.0
0.98,0.9749867940308424,0.0,0.0
0.98,0.9769641814169848,1.0,1.0
0.98,0.909227359819151,0.0,0.0
0.98,0.9671775103470472,0.0,0.0
0.98,0.9883770286149806,0.0,0.0
0.98,0.9681317709961088,1.0,1.0
0.98,0.9828067123040446,0.0,0.0
0.98,0.9547731267831312,0.0,0.0
0.98,0.9426163572941012,0.0,0.0
0.98,0.9811119839183926,0.0,0.0
0.98,0.971718932422892,0.0,0.0
0.98,0.9707626420104222,0.0,0.0
0.98,0.8499596114392706,0.0,0.0
0.98,0.9762426794597482,0.0,0.0
0.98,0.9556291383645724,0.0,0.0
0.98,0.972369672512382,0.0,0.0
0.98,0.9642357270817354,0.0,0.0
0.98,0.9640107722804612,0.0,0.0
0.98,0.9706641523028352,0.0,0.0
0.98,0.9598923712096388,0.0,0.0
0.98,0.9680378333252728,0.0,0.0
0.98,0.9579474183667792,0.0,0.0
0.98,0.9795269572918138,1.0,0.0
0.98,0.9461901151072852,0.0,0.0
0.98,0.9830797968428806,0.0,0.0
0.98,0.9708081028510268,1.0,1.0
0.98,0.9515360581049396,0.0,0.0
0.98,0.924883777547816,0.0,0.0
0.98,0.9567335372429592,0.0,0.0
0.98,0.9386118140538589,0.0,0.0
0.98,0.9764588563810028,0.0,0.0
0.98,0.9731873964919264,0.0,0.0
0.98,0.9180621919070968,0.0,0.0
0.98,0.985736672791545,0.0,0.0
0.98,0.9776270592110252,0.0,0.0
0.98,0.9507108479014884,0.0,0.0
0.98,0.943658632773026,0.0,0.0
0.98,0.9800349774158096,0.0,1.0
0.98,0.9102862597777543,0.0,0.0
0.98,0.8924206753560924,0.0,0.0
0.98,0.9618255357723906,0.0,0.0
0.98,0.8987901260369667,0.0,0.0
0.98,0.981103078258074,0.0,0.0
0.98,0.9199443706802088,0.0,0.0
0.98,0.975901129741079,0.0,0.0
0.98,0.9304756304909192,0.0,0.0
0.98,0.9788684414412688,0.0,0.0
0.98,0.9172123489553644,0.0,0.0
0.98,0.9703817723758582,0.0,0.0
0.98,0.9448470729309256,0.0,0.0
0.98,0.9483775024521588,0.0,0.0
0.98,0.9639915037102256,0.0,0.0
0.98,0.9215882069093017,0.0,0.0
0.98,0.9687619374405404,0.0,0.0
0.98,0.9471317802552058,0.0,0.0
0.98,0.9607689824436466,0.0,1.0
0.98,0.9867694353958874,0.0,0.0
0.98,0.965875474221936,0.0,0.0
0.98,0.9840927508546522,1.0,1.0
0.98,0.9772448978325832,0.0,0.0
0.98,0.9693188688394866,0.0,0.0
0.98,0.9496135861657448,0.0,0.0
0.98,0.9760090091038212,0.0,0.0
0.98,0.9318928833219357,0.0,0.0
0.98,0.985920093058344,0.0,0.0
0.98,0.9800821906989626,0.0,0.0
0.98,0.9737995326067016,0.0,0.0
0.98,0.9867698216691884,0.0,0.0
0.98,0.9426299338192542,0.0,0.0
0.98,0.968831805175022,0.0,0.0
0.98,0.9813400854634788,1.0,1.0
0.98,0.8970963517378417,0.0,0.0
0.98,0.957837357573014,0.0,0.0
0.98,0.9821845843403836,0.0,0.0
0.98,0.9492148533939662,0.0,0.0
0.98,0.9468750301525852,0.0,0.0
0.98,0.9580518337195048,1.0,1.0
0.98,0.9243960749988008,0.0,0.0
0.98,0.9677815105811316,0.0,0.0
0.98,0.9479487913759324,0.0,0.0
0.98,0.9407534676114512,0.0,0.0
0.98,0.9555502270056334,0.0,0.0
0.98,0.9335500007031732,0.0,0.0
0.98,0.9609522163192568,0.0,0.0
0.98,0.9723749773759828,0.0,0.0
0.98,0.9708140834854896,0.0,0.0
0.98,0.9140473045141282,0.0,0.0
0.98,0.9299704213447986,0.0,0.0
0.98,0.9672385307956424,0.0,0.0
0.98,0.973011123900172,0.0,0.0
0.98,0.8717222598441614,0.0,0.0
0.98,0.9309232421892284,0.0,0.0
0.98,0.955110203636544,0.0,0.0
0.98,0.9398711538701908,0.0,0.0
0.98,0.932459646927913,0.0,0.0
0.98,0.9764805019179422,0.0,0.0
0.98,0.9897586701992604,0.0,0.0
0.98,0.9531504464677368,0.0,0.0
0.98,0.9610737127005362,0.0,0.0
0.98,0.9788586535646996,0.0,0.0
0.98,0.9674752897527056,0.0,0.0
0.98,0.8663633712479015,0.0,0.0
0.98,0.933599399784654,0.0,1.0
0.98,0.9400889836510664,0.0,0.0
0.98,0.8706515571501425,0.0,0.0
0.98,0.977082627174358,0.0,0.0
0.98,0.9577422099472712,0.0,0.0
0.98,0.9509765150041962,0.0,0.0
0.98,0.9867173768469182,1.0,1.0
0.98,0.9497353781527756,0.0,0.0
0.98,0.96485091774783,0.0,0.0
0.98,0.9741508748975044,0.0,0.0
0.98,0.9817102781922338,0.0,0.0
0.98,0.9695430974808134,0.0,0.0
0.98,0.8876488915684337,0.0,0.0
0.98,0.965092522232468,0.0,0.0
0.98,0.9793553551376456,0.0,0.0
0.98,0.9341892865927064,0.0,0.0
0.98,0.9841194214650594,1.0,1.0
0.98,0.9537863375767566,0.0,0.0
0.98,0.9735639952213844,0.0,0.0
0.98,0.9574724589686334,0.0,0.0
0.98,0.9811655280409096,0.0,1.0
0.98,0.9312184943516328,0.0,0.0
0.98,0.9292288712914344,0.0,0.0
0.98,0.9325231494059724,0.0,0.0
0.98,0.957337015677604,0.0,0.0
0.98,0.9567848231743972,0.0,0.0
0.98,0.9683004215271352,0.0,0.0
0.98,0.9674375426212632,0.0,0.0
0.98,0.8843153107053281,0.0,0.0
0.98,0.9773808724947548,0.0,0.0
0.98,0.9597712284800792,0.0,0.0
0.98,0.9783345993594108,0.0,1.0
0.98,0.9765788609274848,0.0,0.0
0.98,0.9729279050390496,0.0,0.0
0.98,0.964756592159825,0.0,0.0
0.98,0.9169876247853238,0.0,0.0
0.98,0.9677342296108934,0.0,0.0
0.98,0.9229679004722546,0.0,0.0
0.98,0.968700780638634,0.0,1.0
0.98,0.9802620048694644,0.0,0.0
0.98,0.972921169148498,0.0,0.0
0.98,0.987617202846906,0.0,0.0
0.98,0.9707203018951788,0.0,0.0
0.98,0.956021374964942,0.0,0.0
0.98,0.9509144959708408,0.0,0.0
0.98,0.9301470968945756,0.0,0.0
0.98,0.9101016295039648,0.0,0.0
0.98,0.939870551668764,0.0,0.0
0.98,0.936716968449936,0.0,0.0
0.98,0.949141978451116,0.0,0.0
0.98,0.9693387677616266,0.0,0.0
0.98,0.8892731431592946,0.0,0.0
0.98,0.9772556091358844,0.0,1.0
0.98,0.9677627504660316,0.0,0.0
0.98,0.8940949201530589,0.0,0.0
0.98,0.9623881047226328,0.0,0.0
0.98,0.9377256958553992,0.0,0.0
0.98,0.9476153436291086,0.0,0.0
0.98,0.9249336925648288,0.0,0.0
0.98,0.9393649331157894,0.0,0.0
0.98,0.974605890512012,0.0,0.0
0.98,0.9221332719193438,0.0,0.0
0.98,0.9618855282365282,0.0,0.0
0.98,0.9163860608013306,0.0,0.0
0.98,0.971272612668375,0.0,0.0
0.98,0.9716820700240508,0.0,0.0
0.98,0.967780137829834,0.0,0.0
0.98,0.9511918986549142,0.0,0.0
0.98,0.9734074876348152,0.0,0.0
0.98,0.974457331999579,0.0,0.0
0.98,0.9848062932257744,0.0,0.0
0.98,0.9341479833998978,0.0,0.0
0.98,0.987822022554376,0.0,0.0
0.98,0.9785305961421646,0.0,0.0
0.98,0.9324903706168862,0.0,0.0
0.98,0.9744893141426332,0.0,0.0
0.98,0.9269151961246356,0.0,0.0
0.98,0.9857958597979036,0.0,0.0
0.98,0.9585443932845163,0.0,0.0
0.98,0.9205121035213524,0.0,0.0
0.98,0.968875170529208,0.0,0.0
0.98,0.9617117565383566,0.0,0.0
0.98,0.9175711246707116,0.0,0.0
0.98,0.978468698516798,0.0,0.0
0.98,0.9731313722762508,0.0,1.0
0.98,0.980994312853408,0.0,0.0
0.98,0.9221771045957116,0.0,0.0
0.98,0.9503894540217488,0.0,0.0
0.98,0.9814146680305946,0.0,0.0
0.98,0.9410674236257566,0.0,0.0
0.98,0.9876949392400222,0.0,0.0
0.98,0.9423061804977992,0.0,0.0
0.98,0.9883712149525254,1.0,1.0
0.98,0.97521243718107,0.0,0.0
0.98,0.9844637852621132,0.0,0.0
0.98,0.8965906247400779,0.0,0.0
0.98,0.925074831484788,0.0,0.0
0.98,0.9650609173429684,0.0,0.0
0.98,0.9704498952234946,0.0,0.0
0.98,0.9659884539476714,1.0,1.0
0.98,0.9625326363642532,0.0,0.0
0.98,0.9635210382962472,1.0,0.0
0.98,0.9399488173464547,0.0,1.0
0.98,0.9699395926461566,0.0,0.0
0.98,0.9592829551455722,1.0,1.0
0.98,0.943785636055797,0.0,0.0
0.98,0.9568132727534808,0.0,0.0
0.98,0.984259446142249,0.0,0.0
0.98,0.9631848711093904,0.0,0.0
0.98,0.961013669026018,1.0,0.0
0.98,0.9372100543112136,0.0,0.0
0.98,0.9383931475505206,0.0,0.0
0.98,0.9923642408095484,0.0,0.0
0.98,0.9698350952261784,0.0,0.0
0.98,0.9610889169819392,0.0,0.0
0.98,0.9778775223205176,0.0,0.0
0.98,0.961141594293742,0.0,0.0
0.98,0.9371099343582218,0.0,0.0
0.98,0.9557645417215306,0.0,0.0
0.98,0.9431013805970774,0.0,0.0
0.98,0.9161609198587636,0.0,0.0
0.98,0.957290861637654,0.0,0.0
0.98,0.9541491807744028,0.0,0.0
0.98,0.9442378155683824,0.0,0.0
0.98,0.9578090661967528,0.0,0.0
0.98,0.9421379044252368,0.0,0.0
0.98,0.9497611670148166,0.0,0.0
0.98,0.9775550505365388,0.0,0.0
0.98,0.9468494561226148,0.0,0.0
0.98,0.9811494911753949,0.0,0.0
0.98,0.9742083791703722,0.0,0.0
0.98,0.9731034287963362,0.0,0.0
0.98,0.9330833892460187,0.0,0.0
0.98,0.9366724625867152,0.0,0.0
0.98,0.9600235181016364,0.0,0.0
0.98,0.9728086678829632,0.0,0.0
0.98,0.9806233018789328,0.0,0.0
0.98,0.9773283707889554,0.0,0.0
0.98,0.9572418460331232,0.0,0.0
0.98,0.9651162961406318,0.0,0.0
0.98,0.9310271642339556,0.0,0.0
0.98,0.9834966640265348,0.0,0.0
0.98,0.949740281042851,0.0,0.0
0.98,0.9505275456841163,0.0,0.0
0.98,0.9550292405343476,0.0,0.0
0.98,0.9677019022686784,0.0,0.0
0.98,0.962145621388109,0.0,0.0
0.98,0.9826027341494206,1.0,0.0
0.98,0.9227131372670674,0.0,0.0
0.98,0.9567694675440438,0.0,0.0
0.98,0.9627388231162184,0.0,0.0
0.98,0.9589677422552826,0.0,1.0
0.98,0.9106773658118178,0.0,0.0
0.98,0.9740453154464188,0.0,0.0
0.98,0.9616575657871236,0.0,0.0
0.98,0.9343537441855252,0.0,0.0
0.98,0.9275881459507548,0.0,0.0
0.98,0.9678016497721256,0.0,0.0
0.98,0.9465006372444916,0.0,0.0
0.98,0.98094491380916,0.0,0.0
0.98,0.95787390136387,0.0,0.0
0.98,0.9853087572432104,0.0,0.0
0.98,0.9758500360468986,0.0,0.0
0.98,0.9672158789226556,0.0,0.0
0.98,0.9704973350528836,0.0,0.0
0.98,0.96762251897758,0.0,0.0
0.98,0.9789641438771898,0.0,0.0
0.98,0.981274813256362,0.0,0.0
0.98,0.98188990233642,0.0,0.0
0.98,0.912155619366992,0.0,0.0
0.98,0.933768576343464,0.0,0.0
0.98,0.9416813735604777,0.0,0.0
0.98,0.926085772820682,0.0,0.0
0.98,0.9537169093024171,0.0,0.0
0.98,0.9685415275686684,0.0,0.0
0.98,0.9751387741805324,0.0,0.0
0.98,0.9694302779949984,0.0,0.0
0.98,0.9785339954019248,0.0,0.0
0.98,0.9555817717969612,0.0,0.0
0.98,0.9678253566131728,1.0,1.0
0.98,0.9657823661191588,0.0,0.0
0.98,0.96756795551248,0.0,0.0
0.98,0.9417084255728676,0.0,0.0
0.98,0.9755451977078708,0.0,0.0
0.98,0.9843568550166076,0.0,0.0
0.98,0.9317346657982136,0.0,0.0
0.98,0.9486266352179458,0.0,0.0
0.98,0.982411269515544,0.0,0.0
0.98,0.939515735011474,0.0,0.0
0.98,0.9324883321788412,0.0,0.0
0.98,0.9814513971076324,0.0,0.0
0.98,0.9786057281059796,0.0,0.0
0.98,0.9186011821250084,0.0,0.0
0.98,0.9669295084673404,0.0,0.0
0.98,0.9777235725693828,0.0,0.0
0.98,0.9545551334017492,0.0,0.0
0.98,0.9398995642379948,0.0,0.0
0.98,0.9541557727500948,0.0,0.0
0.98,0.9771385083912348,0.0,0.0
0.98,0.9736748288837136,0.0,0.0
0.98,0.9764534761688318,0.0,0.0
0.98,0.9333199577656812,0.0,0.0
0.98,0.953620813468302,0.0,0.0
0.98,0.9324089568761148,0.0,0.0
0.98,0.9694180719811464,0.0,0.0
0.98,0.9753553075405228,0.0,0.0
0.98,0.9671879641410408,0.0,0.0
0.98,0.9747171535814436,0.0,0.0
0.98,0.9346715010728396,0.0,0.0
0.98,0.9865728332428244,0.0,0.0
0.98,0.9449373583851014,0.0,0.0
0.98,0.9766436364922682,0.0,0.0
0.98,0.9464824759120664,0.0,0.0
0.98,0.9640687087888132,0.0,0.0
0.98,0.8958824773351787,0.0,0.0
0.98,0.9542578010068202,0.0,0.0
0.98,0.9473677711738938,0.0,0.0
0.98,0.9669614769553284,0.0,0.0
0.98,0.9757664168327292,0.0,0.0
0.98,0.9746949025112912,0.0,1.0
0.98,0.949297182720506,0.0,0.0
0.98,0.9500690383331576,0.0,0.0
0.98,0.8731167413925874,0.0,0.0
0.98,0.9842218397368696,0.0,0.0
0.98,0.9172608987496728,0.0,0.0
0.98,0.9805184017883558,0.0,0.0
0.98,0.953334896925226,0.0,0.0
0.98,0.963133382041636,0.0,0.0
0.98,0.9604347121781652,0.0,0.0
0.98,0.9547837658935258,0.0,0.0
0.98,0.9463252402384742,0.0,1.0
0.98,0.9660999894844796,0.0,0.0
0.98,0.98250547931262,0.0,0.0
0.98,0.930969719412681,0.0,0.0
0.98,0.9588531094513872,0.0,0.0
0.98,0.9535720202124862,0.0,0.0
0.98,0.9906282112932172,1.0,1.0
0.98,0.9638401738183732,0.0,0.0
0.98,0.9442878333947994,0.0,0.0
0.98,0.9690528768400666,0.0,0.0
0.98,0.9596927312856506,0.0,0.0
0.98,0.9467143013278402,0.0,0.0
0.98,0.9202368305924612,0.0,0.0
0.98,0.9833893168534776,0.0,0.0
0.98,0.978841358282481,0.0,0.0
0.98,0.9745910285033456,0.0,0.0
0.98,0.9404644345767308,0.0,0.0
0.98,0.9422069934463788,0.0,0.0
0.98,0.9776994197438954,0.0,0.0
0.98,0.9727567841016542,0.0,0.0
0.98,0.973267533547923,0.0,0.0
0.98,0.9740434129707826,0.0,0.0
0.98,0.9870987410945228,0.0,0.0
0.98,0.9722989434026698,0.0,0.0
0.98,0.8772036546294203,0.0,0.0
0.98,0.9608063707930548,0.0,0.0
0.98,0.9292288535698244,0.0,0.0
0.98,0.9762192871023644,0.0,0.0
0.98,0.9586313812370224,0.0,0.0
0.98,0.9556491505762128,0.0,0.0
0.98,0.983572775888483,0.0,0.0
0.98,0.9636147465850458,0.0,0.0
0.98,0.9518560550247344,0.0,0.0
0.98,0.9628717941705592,0.0,0.0
0.98,0.9113295036742388,0.0,0.0
0.98,0.9370909904475814,0.0,0.0
0.98,0.9848719359073272,0.0,0.0
0.98,0.9356473449063218,0.0,0.0
0.98,0.961412012002618,0.0,0.0
0.98,0.9818986016868492,0.0,0.0
0.98,0.976038100483517,0.0,0.0
0.98,0.9751672795610408,0.0,0.0
0.98,0.9754429797006936,0.0,0.0
0.98,0.9482954133436688,0.0,0.0
0.98,0.962213624079351,0.0,0.0
0.98,0.958371911623332,0.0,0.0
0.98,0.9745699378047574,0.0,0.0
0.98,0.93410136280479,0.0,0.0
0.98,0.9647785865783036,0.0,0.0
0.98,0.949985387503914,0.0,0.0
0.98,0.9637226171924672,0.0,0.0
0.98,0.9709187697526928,0.0,0.0
0.98,0.9754211480721576,0.0,0.0
0.98,0.9365922596316464,0.0,0.0
0.98,0.9149784712496362,0.0,0.0
0.98,0.9880003609399576,1.0,1.0
0.98,0.975398966751821,0.0,0.0
0.98,0.9564188946445006,0.0,0.0
0.98,0.9607598899142727,0.0,0.0
0.98,0.9496812627936104,0.0,0.0
0.98,0.9764297809778372,0.0,0.0
0.98,0.93591520976085,0.0,0.0
0.98,0.9628095608061212,0.0,0.0
0.98,0.9588704207931694,0.0,1.0
0.98,0.9808339196662674,0.0,0.0
0.98,0.9689062594241088,0.0,0.0
0.98,0.9575006716948404,0.0,0.0
0.98,0.9323321609884704,0.0,0.0
0.98,0.9813479610384132,0.0,1.0
0.98,0.9679930475810452,0.0,0.0
0.98,0.8447129561106191,0.0,0.0
0.98,0.9667685658193708,0.0,0.0
0.98,0.9514818632453244,0.0,0.0
0.98,0.8929157681092172,0.0,0.0
0.98,0.973049465417451,0.0,0.0
0.98,0.9617257848940328,0.0,0.0
0.98,0.9488325609894888,0.0,0.0
0.98,0.9321216191583096,0.0,0.0
0.98,0.8880868498919292,0.0,0.0
0.98,0.958984881002088,0.0,0.0
0.98,0.9383206844026578,0.0,0.0
0.98,0.9177877951138428,0.0,0.0
0.98,0.983939247812759,0.0,0.0
0.98,0.9755469053162678,0.0,1.0
0.98,0.9171955281268404,0.0,0.0
0.98,0.952460022581218,0.0,0.0
0.98,0.9227529421730514,0.0,0.0
0.98,0.9704833467987078,0.0,0.0
0.98,0.9521619680745717,0.0,0.0
0.98,0.9883215329399238,0.0,0.0
0.98,0.9624027175771064,0.0,0.0
0.98,0.954393136495856,0.0,0.0
0.98,0.9454933558127072,0.0,0.0
0.98,0.9479934184403466,0.0,0.0
0.98,0.939239588662062,0.0,0.0
0.98,0.9384275179041544,0.0,0.0
0.98,0.9435160935556428,0.0,1.0
0.98,0.9682565230100832,0.0,0.0
0.98,0.9729665588771256,0.0,0.0
0.98,0.972236258238894,0.0,0.0
0.98,0.9617789098146212,0.0,0.0
0.98,0.9746348663307448,0.0,0.0
0.98,0.9578252146318516,0.0,0.0
0.98,0.9442911484412504,0.0,0.0
0.98,0.9657705563913916,0.0,0.0
0.98,0.9709804596609092,0.0,0.0
0.98,0.9264210604151903,0.0,0.0
0.98,0.9653736401739412,0.0,0.0
0.98,0.9611498150470416,0.0,0.0
0.98,0.9642546158696472,0.0,0.0
0.98,0.9676472132555328,0.0,0.0
0.98,0.9088286312460904,0.0,0.0
0.98,0.9677016864635968,0.0,0.0
0.98,0.9895805480660388,0.0,0.0
0.98,0.95535071586726,0.0,0.0
0.98,0.963015723210352,0.0,0.0
0.98,0.9630145240149192,0.0,0.0
0.98,0.9679580674275384,0.0,0.0
0.98,0.9172769100670634,0.0,0.0
0.98,0.9515771354880468,0.0,0.0
0.98,0.978031779178926,0.0,0.0
0.98,0.9724195345069812,0.0,0.0
0.98,0.9851155709493088,0.0,0.0
0.98,0.9364790659137968,0.0,0.0
0.995,0.9593136370074036,0.0,0.0
0.995,0.9644323850041674,0.0,0.0
0.995,0.981037218093598,0.0,0.0
0.995,0.9813951065011308,1.0,0.0
0.995,0.9889585224800124,0.0,0.0
0.995,0.9895008491636116,0.0,0.0
0.995,0.9584968649544972,0.0,0.0
0.995,0.9768968990340402,0.0,0.0
0.995,0.978247722475315,0.0,0.0
0.995,0.9645772523202512,0.0,0.0
0.995,0.9768297585913076,0.0,0.0
0.995,0.9916069510675132,0.0,1.0
0.995,0.981883168813178,0.0,0.0
0.995,0.9419830842111976,0.0,0.0
0.995,0.9644277268669692,0.0,0.0
0.995,0.9646582426701452,0.0,0.0
0.995,0.9756340628978968,0.0,0.0
0.995,0.9779205840746104,0.0,0.0
0.995,0.9886949180991288,0.0,0.0
0.995,0.974141738779153,0.0,0.0
0.995,0.9816945693716864,0.0,0.0
0.995,0.9814582153367852,0.0,0.0
0.995,0.9520632735219682,0.0,0.0
0.995,0.9575628529656182,0.0,0.0
0.995,0.9709684689471536,0.0,0.0
0.995,0.9737036036783764,0.0,0.0
0.995,0.9644473018458082,0.0,0.0
0.995,0.9287259010834008,0.0,0.0
0.995,0.9474559806878208,0.0,0.0
0.995,0.9765164955021236,0.0,0.0
0.995,0.9795387905387926,0.0,0.0
0.995,0.9763612906031388,0.0,0.0
0.995,0.977759411738529,0.0,0.0
0.995,0.9444501418737444,0.0,0.0
0.995,0.9867004643665708,0.0,0.0
0.995,0.9923276031360126,0.0,0.0
0.995,0.8800648190583185,0.0,0.0
0.995,0.9658453763233812,0.0,0.0
0.995,0.960351310452786,0.0,0.0
0.995,0.9762696267201668,0.0,0.0
0.995,0.9901210434063538,0.0,0.0
0.995,0.9806120564014318,0.0,0.0
0.995,0.97181118175086,0.0,0.0
0.995,0.9590496230326024,0.0,0.0
0.995,0.9877851307136748,0.0,0.0
0.995,0.9907421091355982,0.0,0.0
0.995,0.972965793031738,0.0,0.0
0.995,0.9866962218596772,0.0,0.0
0.995,0.972770028216512,0.0,0.0
0.995,0.962876091911554,0.0,0.0
0.995,0.979059040386596,0.0,0.0
0.995,0.9844751509812316,0.0,0.0
0.995,0.9663513417924292,0.0,0.0
0.995,0.945530459670721,0.0,0.0
0.995,0.993264088014702,0.0,0.0
0.995,0.967740727896919,0.0,0.0
0.995,0.9622466993918486,0.0,0.0
0.995,0.9851571174990748,0.0,0.0
0.995,0.9756340693722128,0.0,0.0
0.995,0.9652932001864128,0.0,0.0
0.995,0.9798056778251606,0.0,0.0
0.995,0.9797610230886082,0.0,0.0
0.995,0.9764894558404392,0.0,0.0
0.995,0.9858548057603648,0.0,0.0
0.995,0.9342126317025988,0.0,0.0
0.995,0.9757976888708596,0.0,0.0
0.995,0.978672108025415,0.0,0.0
0.995,0.9481298838008424,0.0,0.0
0.995,0.9519159098942056,0.0,0.0
0.995,0.967372341384144,0.0,0.0
0.995,0.9711590849823134,0.0,0.0
0.995,0.9817967129036396,0.0,0.0
0.995,0.98435213999546,1.0,1.0
0.995,0.9490163083593688,0.0,0.0
0.995,0.9739003971210296,0.0,0.0
0.995,0.9711661992928154,0.0,0.0
0.995,0.9661861544796744,0.0,0.0
0.995,0.9828861234091484,0.0,0.0
0.995,0.9748162049232448,0.0,0.0
0.995,0.9741686447253024,0.0,0.0
0.995,0.9644205703099528,0.0,0.0
0.995,0.981970231308865,0.0,0.0
0.995,0.9744972908631396,0.0,0.0
0.995,0.9848870986904634,0.0,0.0
0.995,0.9561600864549484,0.0,0.0
0.995,0.9721413378271386,0.0,0.0
0.995,0.9798324570053122,0.0,0.0
0.995,0.9754208388740564,0.0,0.0
0.995,0.980289214485693,0.0,0.0
0.995,0.9715818236896444,0.0,0.0
0.995,0.9668972925348616,0.0,0.0
0.995,0.9772951306976,0.0,0.0
0.995,0.9399186571478628,0.0,0.0
0.995,0.9178009369882972,0.0,0.0
0.995,0.9920799869304328,1.0,1.0
0.995,0.924933937348938,0.0,0.0
0.995,0.9599580766174524,0.0,1.0
0.995,0.9629953690234384,0.0,0.0
0.995,0.9834620191575976,0.0,0.0
0.995,0.9695015604621648,0.0,0.0
0.995,0.9730685687360878,0.0,0.0
0.995,0.9676683116550744,0.0,0.0
0.995,0.9667657850708948,0.0,0.0
0.995,0.9907353264249352,0.0,0.0
0.995,0.9760423431327644,0.0,0.0
0.995,0.975052786274758,0.0,0.0
0.995,0.9810927771799888,0.0,0.0
0.995,0.9957324782299688,1.0,1.0
0.995,0.9882071616912452,0.0,0.0
0.995,0.9319230555218624,0.0,0.0
0.995,0.971934012700815,0.0,0.0
0.995,0.9853749502358384,0.0,0.0
0.995,0.9483540073625938,0.0,0.0
0.995,0.9807641441575048,0.0,0.0
0.995,0.9215106284592972,0.0,0.0
0.995,0.9893190635546502,0.0,1.0
0.995,0.9862844574963172,0.0,0.0
0.995,0.9806704818203806,0.0,0.0
0.995,0.989585926932646,0.0,0.0
0.995,0.9805733200293764,0.0,0.0
0.995,0.9612215575595296,0.0,0.0
0.995,0.9563022759821606,0.0,0.0
0.995,0.975846108297667,0.0,0.0
0.995,0.994604938958402,0.0,1.0
0.995,0.941416804052694,0.0,0.0
0.995,0.9827172413488452,0.0,0.0
0.995,0.9931920073219326,0.0,0.0
0.995,0.9649832368842828,0.0,0.0
0.995,0.974349355808342,0.0,0.0
0.995,0.9820248827414538,0.0,1.0
0.995,0.977072266072405,0.0,0.0
0.995,0.9845976879415184,0.0,0.0
0.995,0.9865177843105708,0.0,0.0
0.995,0.9782362740885636,0.0,0.0
0.995,0.93023040753732,0.0,0.0
0.995,0.9748828502944588,0.0,0.0
0.995,0.9857603605806496,0.0,0.0
0.995,0.9706343887535998,0.0,0.0
0.995,0.9805350166892376,0.0,1.0
0.995,0.9375109150593768,0.0,0.0
0.995,0.9845664514397664,0.0,0.0
0.995,0.9702511241198428,0.0,0.0
0.995,0.9776234713344892,0.0,0.0
0.995,0.970742201586493,0.0,0.0
0.995,0.9761126756711028,0.0,1.0
0.995,0.9797990292295756,0.0,0.0
0.995,0.9842217144042742,0.0,0.0
0.995,0.9763347249027952,1.0,1.0
0.995,0.9304768925047427,0.0,0.0
0.995,0.9820161992853512,0.0,0.0
0.995,0.967042733039554,0.0,0.0
0.995,0.9697106721664986,0.0,0.0
0.995,0.968429909140658,0.0,0.0
0.995,0.9745235240984064,0.0,0.0
0.995,0.9829696113679772,0.0,0.0
0.995,0.955972292471553,0.0,1.0
0.995,0.98767990873689,0.0,0.0
0.995,0.978334298480708,0.0,0.0
0.995,0.8533317310997692,0.0,0.0
0.995,0.9597110715473396,0.0,0.0
0.995,0.9383413882177676,0.0,0.0
0.995,0.9756795473741852,0.0,0.0
0.995,0.9619118248695274,0.0,0.0
0.995,0.989101086259588,0.0,0.0
0.995,0.9658863382913844,0.0,0.0
0.995,0.964211700497983,0.0,0.0
0.995,0.976515728723648,0.0,0.0
0.995,0.9734405427938916,0.0,0.0
0.995,0.985859264001232,0.0,0.0
0.995,0.9924029126522368,0.0,0.0
0.995,0.9618534405470696,0.0,0.0
0.995,0.9806297935217144,0.0,0.0
0.995,0.9462966543403256,0.0,0.0
0.995,0.988678211772416,0.0,0.0
0.995,0.9794451636352552,0.0,0.0
0.995,0.8911609418052605,0.0,0.0
0.995,0.9806194342582388,1.0,1.0
0.995,0.9621927693637586,0.0,0.0
0.995,0.9855400768247832,0.0,0.0
0.995,0.9807453310973994,0.0,0.0
0.995,0.8894119380262058,0.0,0.0
0.995,0.94699450199229,0.0,0.0
0.995,0.9557380442396336,0.0,0.0
0.995,0.9713878958724252,0.0,0.0
0.995,0.9739446494517628,0.0,0.0
0.995,0.9727830708164322,1.0,0.0
0.995,0.9767584381983124,0.0,0.0
0.995,0.9669655190074103,0.0,0.0
0.995,0.9626215809126748,0.0,0.0
0.995,0.9707479156077924,0.0,0.0
0.995,0.9511546833871286,0.0,0.0
0.995,0.9183276571937242,0.0,0.0
0.995,0.9742067225720866,0.0,0.0
0.995,0.99465960320165,0.0,0.0
0.995,0.9744959549417496,0.0,0.0
0.995,0.9897318385810132,0.0,0.0
0.995,0.9766413506568988,0.0,0.0
0.995,0.964412928087881,0.0,0.0
0.995,0.9906636455440352,0.0,0.0
0.995,0.9707868404770684,0.0,0.0
0.995,0.9091291255293916,0.0,0.0
0.995,0.9803045079164964,0.0,1.0
0.995,0.9936619088605598,1.0,1.0
0.995,0.9148066556100072,0.0,0.0
0.995,0.968194323258508,0.0,0.0
0.995,0.9689338209598884,0.0,0.0
0.995,0.981112628153432,0.0,0.0
0.995,0.949496657540051,0.0,0.0
0.995,0.9354146227614862,0.0,0.0
0.995,0.9672799595805556,0.0,0.0
0.995,0.9943414468515768,0.0,0.0
0.995,0.9589990910150984,0.0,0.0
0.995,0.9816551000833188,0.0,0.0
0.995,0.9730017600646942,0.0,0.0
0.995,0.9559248791202132,0.0,0.0
0.995,0.958118250732953,0.0,0.0
0.995,0.980451876199946,0.0,0.0
0.995,0.9480217477087504,0.0,0.0
0.995,0.9910217241003226,0.0,0.0
0.995,0.984733595009734,0.0,0.0
0.995,0.9769056050417886,0.0,0.0
0.995,0.9723406144449264,0.0,0.0
0.995,0.9886855961679716,0.0,0.0
0.995,0.9824622713585855,1.0,1.0
0.995,0.9260387227519452,0.0,0.0
0.995,0.9875347268182147,0.0,0.0
0.995,0.9639419461772704,0.0,0.0
0.995,0.9861126341272016,0.0,1.0
0.995,0.9174159256657488,0.0,0.0
0.995,0.9763573787250264,0.0,1.0
0.995,0.9890513298927486,0.0,0.0
0.995,0.9929762776111416,0.0,0.0
0.995,0.985956575624152,0.0,0.0
0.995,0.9608880540455734,0.0,0.0
0.995,0.9826904573823644,0.0,0.0
0.995,0.9882562822197924,0.0,1.0
0.995,0.996387611997018,0.0,0.0
0.995,0.9929323269263844,0.0,1.0
0.995,0.9890964553383697,0.0,0.0
0.995,0.9720506781082424,0.0,0.0
0.995,0.98835150780945,1.0,1.0
0.995,0.9541550208389464,0.0,0.0
0.995,0.9832764026366548,1.0,0.0
0.995,0.9839144148769122,0.0,1.0
0.995,0.9821494437058768,0.0,0.0
0.995,0.9760007476881212,0.0,0.0
0.995,0.9673485198760758,0.0,0.0
0.995,0.9892773396172496,0.0,0.0
0.995,0.9301785610289428,0.0,0.0
0.995,0.9912826912140322,0.0,0.0
0.995,0.9688434329899062,0.0,0.0
0.995,0.9838592068707837,0.0,0.0
0.995,0.9295599341463542,0.0,0.0
0.995,0.9156360063455428,0.0,0.0
0.995,0.9442569814122054,0.0,0.0
0.995,0.9728839192635425,0.0,0.0
0.995,0.9827243296117342,0.0,0.0
0.995,0.9786119843098848,0.0,0.0
0.995,0.9837169622318004,0.0,0.0
0.995,0.9786988909194952,0.0,0.0
0.995,0.9387810711707222,0.0,0.0
0.995,0.994129770010326,0.0,0.0
0.995,0.9667079204303598,0.0,0.0
0.995,0.9626931163499838,0.0,0.0
0.995,0.9838995636283098,0.0,0.0
0.995,0.9653905577129412,0.0,0.0
0.995,0.9138515147864708,0.0,0.0
0.995,0.966321452220605,0.0,0.0
0.995,0.99249849721128,0.0,1.0
0.995,0.9573697455749276,0.0,0.0
0.995,0.9724237682783272,0.0,0.0
0.995,0.9853539159571972,0.0,0.0
0.995,0.9853351596569376,0.0,0.0
0.995,0.932407124383598,0.0,0.0
0.995,0.9563623022878156,0.0,0.0
0.995,0.9632163128217814,0.0,0.0
0.995,0.9609353248746076,0.0,0.0
0.995,0.9834972676702995,0.0,0.0
0.995,0.9693269498441696,0.0,0.0
0.995,0.9464466289671376,0.0,0.0
0.995,0.94629956948847,0.0,0.0
0.995,0.9678872969106408,0.0,0.0
0.995,0.9832382744238872,0.0,0.0
0.995,0.9953942061087352,0.0,0.0
0.995,0.9892793468761732,0.0,0.0
0.995,0.9916484087714909,0.0,0.0
0.995,0.9735995015455596,0.0,0.0
0.995,0.9936569819111416,0.0,0.0
0.995,0.9811242054191824,0.0,1.0
0.995,0.9397456384822436,0.0,0.0
0.995,0.9882329923921334,0.0,0.0
0.995,0.9615731304951924,0.0,0.0
0.995,0.9871758600007242,0.0,0.0
0.995,0.9839654149010854,0.0,0.0
0.995,0.9605885600947056,0.0,0.0
0.995,0.932112693110934,0.0,0.0
0.995,0.9458274493669372,0.0,0.0
0.995,0.9876232206307496,0.0,1.0
0.995,0.9839184775757444,0.0,0.0
0.995,0.974196797143368,0.0,0.0
0.995,0.9874645270465724,0.0,0.0
0.995,0.9826888224396716,0.0,0.0
0.995,0.986427839017907,0.0,0.0
0.995,0.9736482569111716,0.0,0.0
0.995,0.9635158294722598,0.0,0.0
0.995,0.9550547565342384,0.0,0.0
0.995,0.9328626098688008,0.0,0.0
0.995,0.9426456333657774,0.0,0.0
0.995,0.9913607393172568,0.0,0.0
0.995,0.9906697416035072,0.0,0.0
0.995,0.992377184374642,0.0,0.0
0.995,0.9700110154945016,0.0,1.0
0.995,0.9858687315880263,0.0,0.0
0.995,0.9643786602483586,0.0,0.0
0.995,0.9902589408641111,0.0,1.0
0.995,0.9798846839101688,0.0,0.0
0.995,0.9780599307463508,0.0,0.0
0.995,0.9398594229727318,0.0,0.0
0.995,0.972766620736012,1.0,1.0
0.995,0.991929338863198,0.0,0.0
0.995,0.979906977747376,0.0,0.0
0.995,0.9503853759424488,0.0,0.0
0.995,0.9605485307049852,0.0,0.0
0.995,0.9312866426363922,0.0,0.0
0.995,0.9579838786946212,0.0,1.0
0.995,0.9738744762796798,0.0,0.0
0.995,0.9810437523298344,0.0,0.0
0.995,0.9682149645542864,0.0,0.0
0.995,0.9796897983641848,0.0,0.0
0.995,0.9612471261978048,0.0,0.0
0.995,0.9719727614366654,0.0,0.0
0.995,0.9906983446183408,0.0,0.0
0.995,0.9560469551854784,0.0,0.0
0.995,0.9716888726107132,0.0,1.0
0.995,0.9433302912459848,0.0,0.0
0.995,0.9857556611177032,0.0,0.0
0.995,0.9893928927963002,0.0,0.0
0.995,0.9721694663857864,0.0,0.0
0.995,0.9945508923137087,0.0,1.0
0.995,0.9505666425311654,0.0,0.0
0.995,0.9902798407475584,0.0,0.0
0.995,0.9803087455744252,0.0,0.0
0.995,0.9335975526080892,0.0,0.0
0.995,0.9497570628257253,0.0,0.0
0.995,0.9791802046213006,0.0,0.0
0.995,0.989922675874492,1.0,1.0
0.995,0.9692831220023644,0.0,0.0
0.995,0.9823858382955832,0.0,0.0
0.995,0.973815051564162,0.0,0.0
0.995,0.9689982644057534,0.0,0.0
0.995,0.9490095051595944,0.0,0.0
0.995,0.9740294908670596,0.0,0.0
0.995,0.9816837993521474,0.0,0.0
0.995,0.9859184159031514,0.0,0.0
0.995,0.9601546062226884,0.0,0.0
0.995,0.9763135140203174,0.0,0.0
0.995,0.9457150444176554,0.0,1.0
0.995,0.9828698197369502,0.0,0.0
0.995,0.9827018655909124,0.0,0.0
0.995,0.9521443714702535,0.0,0.0
0.995,0.9778317688851776,0.0,0.0
0.995,0.9412146610448816,0.0,0.0
0.995,0.9939123007880968,1.0,1.0
0.995,0.9708830427795474,0.0,1.0
0.995,0.9729784917349844,0.0,0.0
0.995,0.9798875242685912,0.0,0.0
0.995,0.9831929244849964,1.0,0.0
0.995,0.9721862823875927,0.0,0.0
0.995,0.9747950395392452,0.0,0.0
0.995,0.9874334965271468,0.0,1.0
0.995,0.9831319592864648,0.0,0.0
0.995,0.9769089910038996,0.0,0.0
0.995,0.9944369831918468,1.0,1.0
0.995,0.980007274265616,0.0,0.0
0.995,0.864107745561134,0.0,0.0
0.995,0.897454019304874,0.0,0.0
0.995,0.9819356081235446,0.0,0.0
0.995,0.9832710740552436,0.0,0.0
0.995,0.9767109842980016,0.0,0.0
0.995,0.9769452448231534,0.0,0.0
0.995,0.9949380170673292,1.0,1.0
0.995,0.979798398490986,0.0,0.0
0.995,0.9577841330444472,0.0,0.0
0.995,0.9745402476491404,0.0,0.0
0.995,0.9674438390232408,0.0,0.0
0.995,0.9842157726925116,0.0,0.0
0.995,0.969328301642802,0.0,0.0
0.995,0.9594218644996696,0.0,0.0
0.995,0.9755552030309956,0.0,0.0
0.995,0.9256920745233956,0.0,0.0
0.995,0.9838168430567114,0.0,0.0
0.995,0.981360993329235,0.0,0.0
0.995,0.974804423666515,0.0,0.0
0.995,0.9644888724880823,0.0,0.0
0.995,0.9720824919178148,0.0,0.0
0.995,0.989899801525302,0.0,1.0
0.995,0.9753517476724388,0.0,0.0
0.995,0.9907030727004642,0.0,0.0
0.995,0.9868929379073568,0.0,0.0
0.995,0.9853639836513818,0.0,0.0
0.995,0.9746098670262942,0.0,0.0
0.995,0.9879798258773844,1.0,0.0
0.995,0.9868868264923262,0.0,0.0
0.995,0.9807645673372716,0.0,0.0
0.995,0.9201384096934612,0.0,0.0
0.995,0.9891036425157254,0.0,1.0
0.995,0.923410563460966,0.0,0.0
0.995,0.9892142218022826,0.0,0.0
0.995,0.9707323249076358,0.0,0.0
0.995,0.989698325368748,0.0,0.0
0.995,0.9493032249099242,0.0,0.0
0.995,0.9633656426464532,0.0,0.0
0.995,0.9629256831379172,0.0,0.0
0.995,0.9645101285986356,0.0,0.0
0.995,0.9923129250874272,0.0,0.0
0.995,0.9716391214254702,0.0,0.0
0.995,0.9548960344979184,0.0,0.0
0.995,0.9553269589564132,0.0,0.0
0.995,0.9683504487428622,0.0,0.0
0.995,0.9798272537256826,0.0,0.0
0.995,0.9633624193807468,1.0,1.0
0.995,0.9637997081999944,0.0,0.0
0.995,0.9729049966536648,0.0,0.0
0.995,0.958165095108476,0.0,0.0
0.995,0.9763547137614264,0.0,0.0
0.995,0.972062629800888,0.0,0.0
0.995,0.990927984988506,0.0,1.0
0.995,0.949406825176816,0.0,0.0
0.995,0.983948648178784,0.0,0.0
0.995,0.983621533065774,0.0,0.0
0.995,0.9794649187972072,0.0,0.0
0.995,0.9539657918829544,0.0,0.0
0.995,0.9382151794120828,0.0,0.0
0.995,0.9663880363167016,0.0,0.0
0.995,0.9692862376851088,0.0,0.0
0.995,0.9822996053049912,0.0,0.0
0.995,0.992720700069882,0.0,0.0
0.995,0.9929357926290376,1.0,1.0
0.995,0.9942095335206858,0.0,0.0
0.995,0.9399760009223872,0.0,0.0
0.995,0.9058015760195908,0.0,0.0
0.995,0.9889371458245544,0.0,0.0
0.995,0.9856685133202978,1.0,1.0
0.995,0.9831039490447296,0.0,0.0
0.995,0.9579209702629988,0.0,0.0
0.995,0.982223837896334,0.0,0.0
0.995,0.9922064220896838,1.0,1.0
0.995,0.959644092560234,0.0,0.0
0.995,0.9954925087293262,1.0,1.0
0.995,0.9749758049150964,0.0,0.0
0.995,0.991175475737636,0.0,0.0
0.995,0.9843103098634192,0.0,0.0
0.995,0.9822977614778052,0.0,0.0
0.995,0.9908005924350232,0.0,1.0
0.995,0.9500649465628505,0.0,0.0
0.995,0.9821646443288587,0.0,0.0
0.995,0.9900540540362038,0.0,0.0
0.995,0.9620383768749046,0.0,0.0
0.995,0.9345614137147225,0.0,0.0
0.995,0.9900721835704608,0.0,0.0
0.995,0.976098328864533,0.0,0.0
0.995,0.9646699289927504,0.0,0.0
0.995,0.9666744669584268,0.0,0.0
0.995,0.9904446552721068,0.0,0.0
0.995,0.9914838962442196,0.0,0.0
0.995,0.9845964483517416,0.0,0.0
0.995,0.962182388063138,0.0,1.0
0.995,0.9785224952265708,0.0,0.0
0.995,0.9720951454528056,0.0,0.0
0.995,0.9583850585640494,0.0,0.0
0.995,0.994091781579544,0.0,0.0
0.995,0.9763722455331476,0.0,0.0
0.995,0.9245209666061702,0.0,0.0
0.995,0.9491669360862656,0.0,0.0
0.995,0.989839265369014,0.0,0.0
0.995,0.9817092410624292,0.0,0.0
0.995,0.9167602778842132,0.0,0.0
0.995,0.9915500948861568,0.0,0.0
0.995,0.9750694139047212,0.0,0.0
0.995,0.9845269801872388,0.0,1.0
0.995,0.9526939779823635,0.0,0.0
0.995,0.9576791703456788,0.0,0.0
0.995,0.943422970579498,0.0,0.0
0.995,0.995097939872056,0.0,0.0
0.995,0.9868372823619924,0.0,0.0
0.995,0.948388597775066,0.0,0.0
0.995,0.9677426922727372,0.0,0.0
0.995,0.9686852249905378,0.0,0.0
0.995,0.9761838628816356,0.0,0.0
0.995,0.978036139664363,0.0,1.0
0.995,0.9842648324174376,0.0,0.0
0.995,0.939313914358002,0.0,0.0
0.995,0.946454823100548,0.0,0.0
0.995,0.9377400736722832,0.0,0.0
0.995,0.948952467735186,0.0,0.0
0.995,0.9185808329144396,0.0,0.0
0.995,0.976220497883078,0.0,0.0
0.995,0.9516518236195424,0.0,0.0
0.995,0.9755087633846382,0.0,0.0
0.995,0.9613853371037764,0.0,0.0
0.995,0.9629147762311164,0.0,0.0
0.995,0.980273945659032,0.0,0.0
0.995,0.987192327420508,0.0,1.0
0.995,0.9775287380413084,0.0,0.0
0.995,0.9629419885022532,1.0,1.0
0.995,0.9576719002000624,0.0,0.0
0.995,0.9856374644039522,0.0,0.0
0.995,0.9909554844159664,0.0,0.0
0.995,0.9324217548296158,0.0,0.0
0.995,0.9948050848747432,0.0,0.0
0.995,0.9756556142739754,0.0,0.0
0.995,0.9903743485705112,0.0,0.0
0.995,0.968878295841598,0.0,0.0
0.995,0.9762031486192968,0.0,0.0
0.995,0.987660444983645,0.0,0.0
0.995,0.9886798467996468,0.0,1.0
0.995,0.9857376450768806,0.0,0.0
0.995,0.9845007642060726,0.0,0.0
0.995,0.9464466882076472,0.0,0.0
0.995,0.9580223066919348,0.0,0.0
0.995,0.9920602953606472,0.0,0.0
0.995,0.9928579560430704,1.0,1.0
0.995,0.9510761230494555,0.0,0.0
0.995,0.9760351554306916,0.0,0.0
0.995,0.981943666224113,1.0,1.0
0.995,0.9813595667228486,0.0,0.0
0.995,0.959837093159457,0.0,0.0
0.995,0.946842445759817,0.0,0.0
0.995,0.9770175616314116,0.0,0.0
0.995,0.9559964983848944,0.0,0.0
0.995,0.9632675316702998,0.0,0.0
0.995,0.9645573471996514,0.0,0.0
0.995,0.9437719750525034,0.0,1.0
0.995,0.9754930811139804,0.0,0.0
0.995,0.9788976163723364,0.0,0.0
0.995,0.9671329954351384,0.0,0.0
0.995,0.9906909389744388,0.0,0.0
0.995,0.9470744931034648,0.0,0.0
0.995,0.9864583672164912,0.0,0.0
0.995,0.9769328069493244,0.0,0.0
0.995,0.97642153889474,0.0,0.0
0.995,0.9676949930957636,0.0,0.0
0.995,0.9743364136155348,0.0,0.0
0.995,0.9751567258533356,0.0,0.0
0.995,0.974438102548042,0.0,0.0
0.995,0.9672366800490354,0.0,0.0
0.995,0.992209555709196,0.0,0.0
0.995,0.985833956421498,0.0,0.0
0.995,0.947797801309607,0.0,0.0
0.995,0.971413348290454,0.0,0.0
0.995,0.9843562048696932,0.0,0.0
0.995,0.9820498929321002,0.0,0.0
0.995,0.9852749553334456,0.0,0.0
0.995,0.9663044538831416,0.0,0.0
0.995,0.98094123376904,0.0,0.0
0.995,0.9548400031310372,0.0,0.0
0.995,0.9785728326462712,0.0,0.0
0.995,0.9860675249677048,0.0,0.0
0.995,0.960054392090828,0.0,0.0
0.995,0.9447731415743728,0.0,0.0
0.995,0.9028817203674462,0.0,0.0
0.995,0.978676490838532,0.0,0.0
0.995,0.96820299430278,0.0,0.0
0.995,0.9809608695845728,0.0,0.0
0.995,0.9663085625865308,0.0,0.0
0.995,0.9645240855763936,0.0,0.0
0.995,0.984419195060348,0.0,0.0
0.995,0.9926136363547304,0.0,0.0
0.995,0.9827710853445288,0.0,0.0
0.995,0.9799032694643156,0.0,1.0
0.995,0.9945783718902168,0.0,1.0
0.995,0.9828652517220752,0.0,0.0
0.995,0.9853968716609548,0.0,0.0
0.995,0.9836506299554958,0.0,0.0
0.995,0.9482480775136516,0.0,0.0
0.995,0.9915858989203552,0.0,1.0
0.995,0.9570982317581797,0.0,0.0
0.995,0.9826944336011436,0.0,0.0
0.995,0.9866654392205642,0.0,0.0
0.995,0.9817716881094056,0.0,0.0
0.995,0.9687708772235576,0.0,0.0
0.995,0.9661041526184668,0.0,0.0
0.995,0.9276020039309942,0.0,0.0
0.995,0.9953038766651868,0.0,0.0
0.995,0.9873340014351868,0.0,0.0
0.995,0.9434711398393888,0.0,0.0
0.995,0.9861437720263208,0.0,0.0
0.995,0.9706229378371616,0.0,0.0
0.995,0.991093875069983,0.0,0.0
0.995,0.9652027632464976,0.0,0.0
0.995,0.968606849751158,0.0,0.0
0.995,0.9786849119101658,0.0,0.0
0.995,0.9903091755801992,0.0,0.0
0.995,0.9947089669228768,0.0,0.0
0.995,0.9816273340592724,0.0,0.0
0.995,0.9859028586674116,0.0,0.0
0.995,0.9655179269258308,0.0,0.0
0.995,0.9585052779936616,0.0,0.0
0.995,0.9885930368032056,0.0,0.0
0.995,0.940233066757849,0.0,0.0
0.995,0.9889011307394092,0.0,0.0
0.995,0.9899190124193648,1.0,1.0
0.995,0.971807909973636,0.0,0.0
0.995,0.9705772708488924,0.0,0.0
0.995,0.9742109115030384,0.0,0.0
0.995,0.9796115238993692,0.0,0.0
0.995,0.9795762139866888,0.0,0.0
0.995,0.9921990813501216,0.0,1.0
0.995,0.944384478320368,0.0,0.0
0.995,0.9619257699241962,0.0,0.0
0.995,0.9902330041448324,0.0,0.0
0.995,0.9405012478556058,0.0,0.0
0.995,0.9862775243223488,0.0,1.0
0.995,0.9596056862778276,0.0,0.0
0.995,0.9448936138144788,0.0,0.0
0.995,0.9672607379119518,0.0,0.0
0.995,0.9745654044059144,0.0,0.0
0.995,0.9873387448265324,0.0,1.0
0.995,0.9663928308097344,0.0,0.0
0.995,0.9340660191776272,0.0,0.0
0.995,0.9672408032862376,0.0,0.0
0.995,0.932592176753791,0.0,0.0
0.995,0.9832475701494162,0.0,0.0
0.995,0.959387941228206,0.0,0.0
0.995,0.979984340323008,0.0,0.0
0.995,0.964367490301266,0.0,0.0
0.995,0.9803038796504268,0.0,0.0
0.995,0.9736923519267284,0.0,0.0
0.995,0.9886363712814084,0.0,0.0
0.995,0.9834521954008588,0.0,0.0
0.995,0.9894748404927494,0.0,1.0
0.995,0.9933281635602054,1.0,1.0
0.995,0.9550121954331487,0.0,0.0
0.995,0.9268057086795728,0.0,0.0
0.995,0.9869983764088818,0.0,0.0
0.995,0.9316239654228092,0.0,0.0
0.995,0.9758347313158278,0.0,0.0
0.995,0.9865411172420668,0.0,0.0
0.995,0.988873899233755,0.0,0.0
0.995,0.96892241964331,0.0,0.0
0.995,0.9763152380015324,0.0,0.0
0.995,0.9448910728030244,0.0,0.0
0.995,0.9870109882219724,1.0,1.0
0.995,0.9914695686079584,0.0,0.0
0.995,0.9647341516000646,0.0,0.0
0.995,0.9926661505961264,1.0,0.0
0.995,0.9838114231802898,0.0,0.0
0.995,0.9488869382702112,0.0,0.0
0.995,0.9492321550179847,0.0,0.0
0.995,0.9803301827510414,0.0,0.0
0.995,0.9691818611953356,0.0,0.0
0.995,0.9652029781928224,0.0,0.0
0.995,0.982392398011922,0.0,0.0
0.995,0.9564530827876828,0.0,0.0
0.995,0.9855257938796174,0.0,0.0
0.995,0.9898275111941556,0.0,0.0
0.995,0.9933610918528348,0.0,0.0
0.995,0.9563802376928168,0.0,0.0
0.995,0.9791099054628905,0.0,1.0
0.995,0.9909236678702504,0.0,0.0
0.995,0.9172422426693684,0.0,0.0
0.995,0.9841315153896488,0.0,0.0
0.995,0.9678917960417336,0.0,0.0
0.995,0.9253760136753216,0.0,0.0
0.995,0.9487949812590508,0.0,0.0
0.995,0.9781141890697737,0.0,0.0
0.995,0.9760682764028198,0.0,0.0
0.995,0.965611200396237,0.0,0.0
0.995,0.9912949145927008,0.0,0.0
0.995,0.9629460081291392,0.0,0.0
0.995,0.9914289757379536,0.0,1.0
0.995,0.9865212088869516,0.0,0.0
0.995,0.9865645833692164,0.0,0.0
0.995,0.960195137689965,0.0,0.0
0.995,0.9850074562940448,0.0,0.0
0.995,0.9516949478643388,0.0,0.0
0.995,0.9764935909315212,0.0,0.0
0.995,0.9776394784866658,0.0,0.0
0.995,0.9412072904231692,0.0,0.0
0.995,0.95206112567166,0.0,0.0
0.995,0.9701324218356344,0.0,0.0
0.995,0.9713198265119188,0.0,0.0
0.995,0.96689918024733,0.0,0.0
0.995,0.9526135697031416,0.0,0.0
0.995,0.9708416311479052,0.0,0.0
0.995,0.9545241969334576,0.0,0.0
0.995,0.9881764504559774,0.0,0.0
0.995,0.9857141609867875,0.0,0.0
0.995,0.9440624400168096,0.0,0.0
0.995,0.9758229449221903,0.0,0.0
0.995,0.980441225736054,0.0,0.0
0.995,0.988707098660918,0.0,0.0
0.995,0.9730010507412152,0.0,0.0
0.995,0.9773302773451212,0.0,0.0
0.995,0.9908969802461464,0.0,0.0
0.995,0.9440189007821992,0.0,0.0
0.995,0.9433200187766068,0.0,0.0
0.995,0.9799468657395556,0.0,0.0
0.995,0.9344452592528576,0.0,1.0
0.995,0.9560028721314116,0.0,1.0
0.995,0.9644641760378628,0.0,0.0
0.995,0.9641684362189568,0.0,0.0
0.995,0.9954022559068278,0.0,0.0
0.995,0.9908572555954888,0.0,0.0
0.995,0.9707459987369812,0.0,0.0
0.995,0.9595402465703508,0.0,0.0
0.995,0.9536331584197644,0.0,0.0
0.995,0.955824154204318,0.0,0.0
0.995,0.9734423048314874,0.0,0.0
0.995,0.967614466573353,0.0,0.0
0.995,0.9477064902821826,0.0,0.0
0.995,0.973064372616852,0.0,0.0
0.995,0.9849233642196834,0.0,0.0
0.995,0.964637743752705,0.0,0.0
0.995,0.9717098368167169,0.0,0.0
0.995,0.9628217870049068,0.0,0.0
0.995,0.988878992238011,0.0,1.0
0.995,0.9639198382495586,0.0,0.0
0.995,0.9335684306289334,0.0,0.0
0.995,0.993444507064095,0.0,0.0
0.995,0.9552720421421907,0.0,0.0
0.995,0.9529287924910126,0.0,0.0
0.995,0.9577375155013594,0.0,0.0
0.995,0.9524897078171232,0.0,0.0
0.995,0.9848880017528912,0.0,0.0
0.995,0.9881608240067165,0.0,1.0
0.995,0.985707439969007,0.0,0.0
0.995,0.9756441320671202,0.0,0.0
0.995,0.983351359296856,0.0,0.0
0.995,0.9882031340265238,0.0,0.0
0.995,0.9710954255873084,0.0,0.0
0.995,0.9886103863399917,0.0,0.0
0.995,0.9837747541492396,0.0,1.0
0.995,0.92218173168952,0.0,0.0
0.995,0.9699115148047546,0.0,1.0
0.995,0.9695655732923296,0.0,0.0
0.995,0.993556136764968,0.0,0.0
0.995,0.9602577708993488,0.0,0.0
0.995,0.9430796123662668,0.0,0.0
0.995,0.980673636842978,0.0,0.0
0.995,0.9394758268335998,0.0,0.0
0.995,0.9486688986402034,0.0,0.0
0.995,0.9583920124958444,0.0,0.0
0.995,0.9712302953015822,0.0,0.0
0.995,0.9671938306760356,0.0,0.0
0.995,0.9830211892301528,0.0,0.0
0.995,0.9723162821307662,0.0,0.0
0.995,0.9162702442807428,0.0,0.0
0.995,0.9785664859165368,0.0,0.0
0.995,0.9868988023630434,0.0,0.0
0.995,0.9839734327356748,0.0,0.0
0.995,0.9878953500044256,0.0,0.0
0.995,0.9824210647292256,0.0,0.0
0.995,0.95393091974447,0.0,0.0
0.995,0.9835578524461752,0.0,0.0
0.995,0.996275430565359,0.0,0.0
0.995,0.9540438156585296,0.0,0.0
0.995,0.9864230984541336,0.0,0.0
0.995,0.977196862262586,0.0,0.0
0.995,0.9357599945025636,0.0,0.0
0.995,0.9475463423996512,0.0,0.0
0.995,0.9669421601300108,0.0,0.0
0.995,0.994809756841356,0.0,0.0
0.995,0.9882968918953946,0.0,0.0
0.995,0.9766454737523568,0.0,0.0
0.995,0.9844866115444566,0.0,0.0
0.995,0.970908356757752,0.0,0.0
0.995,0.972833901362096,0.0,0.0
0.995,0.9715445120275368,0.0,0.0
0.995,0.9913821431042558,0.0,0.0
0.995,0.992467619920954,0.0,0.0
0.995,0.9745755821254384,0.0,0.0
0.995,0.9878005956537572,0.0,0.0
0.995,0.9649774348443084,0.0,0.0
0.995,0.9840113309280948,0.0,0.0
0.995,0.963009058356822,0.0,0.0
0.995,0.9860772667010216,0.0,0.0
0.995,0.9757420028500324,0.0,0.0
0.995,0.949225357429804,0.0,0.0
0.995,0.97748488740114,0.0,0.0
0.995,0.991154830373274,1.0,1.0
0.995,0.9401428740914656,0.0,0.0
0.995,0.9564802774863416,0.0,0.0
0.995,0.9849134912305312,0.0,0.0
0.995,0.9894730107637246,0.0,0.0
0.995,0.9784186824051913,0.0,0.0
0.995,0.9430680263235302,0.0,0.0
0.995,0.9613984722322468,0.0,0.0
0.995,0.9797681328501996,0.0,0.0
0.995,0.9491438593947368,0.0,0.0
0.995,0.9567641797990571,0.0,0.0
0.995,0.9635817833098292,0.0,0.0
0.995,0.9867208669286482,0.0,0.0
0.995,0.9869948616484676,0.0,0.0
0.995,0.963402212717583,1.0,1.0
0.995,0.9502656520383548,0.0,0.0
0.995,0.9886374288798768,0.0,0.0
0.995,0.9580051163155828,0.0,0.0
0.995,0.9643255093938388,0.0,0.0
0.995,0.9876058671169704,0.0,0.0
0.995,0.9518821771118108,0.0,0.0
0.995,0.9839266612852572,0.0,0.0
0.995,0.9834752106344592,0.0,0.0
0.995,0.9880904665050294,0.0,0.0
0.995,0.9500993101271316,0.0,0.0
0.995,0.9943749089436033,0.0,0.0
0.995,0.976993847573462,0.0,0.0
0.995,0.9619309725231678,0.0,0.0
0.995,0.9685791934494749,0.0,0.0
0.995,0.9817381804487504,0.0,0.0
0.995,0.9576977686412969,0.0,0.0
0.995,0.9364995312974876,0.0,0.0
0.995,0.9305650832800992,0.0,0.0
0.995,0.9680884731281488,0.0,1.0
0.995,0.9833303467927828,0.0,1.0
0.995,0.9772838229824607,0.0,0.0
0.995,0.9631886930629726,0.0,0.0
0.995,0.9837818649892496,0.0,0.0
0.995,0.9840336681272588,0.0,0.0
0.995,0.9843447422847794,0.0,0.0
0.995,0.9872742681593945,0.0,0.0
0.995,0.9783234120665611,0.0,0.0
0.995,0.960388826262122,0.0,0.0
0.995,0.9707361045020778,0.0,0.0
0.995,0.985479467446452,0.0,0.0
0.995,0.9695766550071192,0.0,0.0
0.995,0.9835998300826748,0.0,0.0
0.995,0.9738165235271664,0.0,0.0
0.995,0.9802594390475898,0.0,0.0
0.995,0.902477278320458,0.0,0.0
0.995,0.9331979753287244,0.0,0.0
0.995,0.9762114226378316,0.0,0.0
0.995,0.986468435374683,0.0,0.0
0.995,0.984169409191718,0.0,0.0
0.995,0.9902153302361344,0.0,0.0
0.995,0.952121043846774,0.0,0.0
0.995,0.9272285704424508,0.0,0.0
0.995,0.9705313672420188,1.0,0.0
0.995,0.9449710390947872,0.0,0.0
0.995,0.9395405951034128,0.0,0.0
0.995,0.9601426039220616,0.0,0.0
0.995,0.9672818018888822,0.0,0.0
0.995,0.98907184763918,0.0,0.0
0.995,0.9824664348552216,0.0,0.0
0.995,0.9859862773225734,0.0,0.0
0.995,0.9868670257056448,0.0,0.0
0.995,0.9403851795128728,1.0,0.0
0.995,0.9660592251488908,0.0,0.0
0.995,0.9331667088553794,0.0,0.0
0.995,0.9937123032323424,0.0,0.0
0.995,0.9880605064449745,0.0,0.0
0.995,0.9836814596660504,0.0,0.0
0.995,0.9748134594607276,0.0,0.0
0.995,0.9577866735422872,0.0,0.0
0.995,0.9030434645878688,0.0,0.0
0.995,0.9670304010206472,0.0,0.0
0.995,0.95184465366846,0.0,0.0
0.995,0.9836563762066964,0.0,0.0
0.995,0.9879796757742236,0.0,0.0
0.995,0.966150319159312,0.0,0.0
0.995,0.977420954378463,0.0,0.0
0.995,0.9661419900786614,0.0,0.0
0.995,0.9834415907682904,0.0,0.0
0.995,0.988156271934138,0.0,0.0
0.995,0.9683080323754863,0.0,0.0
0.995,0.9775672340129412,0.0,0.0
0.995,0.9445932810373804,0.0,0.0
0.995,0.9590156830447578,0.0,0.0
0.995,0.9096374728422142,0.0,0.0
0.995,0.9860891066536568,0.0,0.0
0.995,0.9206603337817808,0.0,0.0
0.995,0.969613953526477,0.0,0.0
0.995,0.9531992140181186,0.0,0.0
0.995,0.956011855747825,0.0,0.0
0.995,0.9571321411311068,0.0,0.0
0.995,0.9726137677755556,0.0,0.0
0.995,0.9833896129263372,0.0,0.0
0.995,0.8937064841782912,1.0,0.0
0.995,0.9578293043426944,0.0,0.0
0.995,0.983660310444381,0.0,0.0
0.995,0.9893271839076472,0.0,0.0
0.995,0.9615338926716056,0.0,0.0
0.995,0.9841188911339366,0.0,0.0
0.995,0.984706520024984,0.0,0.0
0.995,0.9957782679331376,1.0,1.0
0.995,0.9854467829625648,0.0,0.0
0.995,0.986621233674268,0.0,0.0
0.995,0.9932477080780374,0.0,0.0
0.995,0.966835607301103,1.0,0.0
0.995,0.9524603257443592,0.0,0.0
0.995,0.9309248675310292,0.0,0.0
0.995,0.9902413051410468,0.0,0.0
0.995,0.980531440354545,0.0,0.0
0.995,0.9934466332453572,0.0,0.0
0.995,0.9848703981611638,1.0,0.0
0.995,0.9465903273253964,0.0,0.0
0.995,0.9621314432693222,0.0,0.0
0.995,0.9851362016668852,0.0,0.0
0.995,0.9429272564967334,0.0,0.0
0.995,0.9617984035423812,0.0,0.0
0.995,0.9842587316432458,0.0,0.0
0.995,0.972881121618868,0.0,0.0
0.995,0.9547972034940416,0.0,0.0
0.995,0.9309351994057158,0.0,0.0
0.995,0.9925182484547233,0.0,0.0
0.995,0.9217648555904576,0.0,0.0
0.995,0.9735593698295576,0.0,0.0
0.995,0.9837127914406608,0.0,0.0
0.995,0.9823804173533351,0.0,1.0
0.995,0.9911428335196456,0.0,0.0
0.995,0.9607174124119048,0.0,0.0
0.995,0.996148573624476,1.0,1.0
0.995,0.9616498920521424,0.0,0.0
0.995,0.9899399404777854,0.0,0.0
0.995,0.9526684552436848,0.0,0.0
0.995,0.9852953757162832,0.0,0.0
0.995,0.9781313638739684,0.0,0.0
0.995,0.9794536890745088,0.0,0.0
0.995,0.9821154636435856,0.0,0.0
0.995,0.9692647000069704,0.0,0.0
0.995,0.9636210202555104,0.0,0.0
0.995,0.9819453306015928,0.0,0.0
0.995,0.9836072000304424,0.0,0.0
0.995,0.9624064741573924,0.0,0.0
0.995,0.9798437872279796,0.0,0.0
0.995,0.9861311905440154,0.0,0.0
0.995,0.9764525679598433,0.0,0.0
0.995,0.9906145124108792,0.0,0.0
0.995,0.9557394656403831,0.0,0.0
0.995,0.9647972898634098,0.0,0.0
0.995,0.9765109328946812,0.0,0.0
0.995,0.9761386697036044,0.0,0.0
0.995,0.977448880064784,0.0,0.0
0.995,0.969677508678321,0.0,0.0
0.995,0.9554656945784362,0.0,0.0
0.995,0.9387659145067748,0.0,0.0
0.995,0.993973990880924,0.0,0.0
0.995,0.969141630238084,0.0,0.0
0.995,0.95833221901554,0.0,0.0
0.995,0.9655611648597302,0.0,1.0
0.995,0.996048015822075,0.0,0.0
0.995,0.9787329431922576,0.0,0.0
0.995,0.94633024938077,0.0,0.0
0.995,0.9330466119451932,0.0,0.0
0.995,0.9939628413169738,1.0,1.0
0.995,0.9444505464943812,0.0,0.0
0.995,0.9844696758714692,0.0,0.0
0.995,0.9574893713942936,0.0,0.0
0.995,0.9793911012163152,0.0,0.0
0.995,0.9942733305510196,0.0,0.0
0.995,0.9799914751261974,0.0,0.0
0.995,0.9704016908666286,0.0,0.0
0.995,0.961883649801218,0.0,0.0
0.995,0.9461650871185858,0.0,0.0
0.995,0.9442274589919636,0.0,0.0
0.995,0.975279928916856,0.0,0.0
0.995,0.991304385083724,0.0,0.0
0.995,0.973000672115972,0.0,0.0
0.995,0.985381203985678,0.0,1.0
0.995,0.978536800249188,0.0,0.0
0.995,0.9773870153526054,0.0,0.0
0.995,0.9739102020383738,0.0,0.0
0.995,0.9962654939685848,0.0,1.0
0.995,0.9893916463336812,0.0,0.0
0.995,0.9736218360517074,0.0,0.0
0.995,0.9812694919414008,0.0,0.0
0.995,0.9444984034048112,0.0,0.0
0.995,0.982119688793358,0.0,0.0
0.995,0.9703943314406962,0.0,0.0
0.995,0.983478308706993,0.0,0.0
0.995,0.978179065526056,0.0,0.0
0.995,0.991506038864901,0.0,0.0
0.995,0.9516899876394908,0.0,0.0
0.995,0.9808730625574426,0.0,0.0
0.995,0.9897877256201694,0.0,0.0
0.995,0.9698834917416246,0.0,0.0
0.995,0.9385697347436852,0.0,0.0
0.995,0.951819069885382,0.0,0.0
0.995,0.9664819789532256,0.0,0.0
0.995,0.9493168455471808,0.0,0.0
0.995,0.9604694300441377,0.0,0.0
0.995,0.9545903316759108,0.0,0.0
0.995,0.8714865906250141,0.0,0.0
0.995,0.9926736352035708,0.0,0.0
0.995,0.8875796249134494,0.0,1.0
0.995,0.9839439045276798,0.0,0.0
0.995,0.9700172830114304,0.0,0.0
0.995,0.9542586898208923,0.0,0.0
0.995,0.9574240835397192,0.0,0.0
0.995,0.9537168364091894,0.0,0.0
0.995,0.9853231682618478,0.0,0.0
0.995,0.9245414097412336,0.0,0.0
0.995,0.986226026529702,0.0,0.0
0.995,0.9544324882822132,0.0,0.0
0.995,0.9801245022718,0.0,0.0
0.995,0.8745106269202243,0.0,0.0
0.995,0.978934028017458,0.0,0.0
0.995,0.9737000686091308,0.0,0.0
0.995,0.9944907024424728,0.0,0.0
0.995,0.955638938348036,0.0,0.0
1.0,0.9935221786589128,0.0,0.0
1.0,0.9820404883969552,0.0,0.0
1.0,0.9817513556392328,0.0,0.0
1.0,0.990204224552356,0.0,0.0
1.0,0.9894603403096592,0.0,0.0
1.0,0.9705110601511984,0.0,0.0
1.0,0.9452037826372574,0.0,0.0
1.0,0.984681433642217,0.0,0.0
1.0,0.990647623729352,1.0,1.0
1.0,0.9894940364556574,0.0,0.0
1.0,0.9818187737106564,0.0,0.0
1.0,0.9652950018295284,1.0,0.0
1.0,0.994221049105429,0.0,0.0
1.0,0.9910654353163704,0.0,1.0
1.0,0.9787046959589636,0.0,0.0
1.0,0.9740496818475676,0.0,0.0
1.0,0.9872955028790316,0.0,0.0
1.0,0.9965199490196944,1.0,1.0
1.0,0.9621207622506436,0.0,0.0
1.0,0.9687453095585364,0.0,0.0
1.0,0.9847293313634552,0.0,0.0
1.0,0.9670531149993818,1.0,0.0
1.0,0.9722687632024712,0.0,0.0
1.0,0.9873655310737256,0.0,0.0
1.0,0.9515368358434813,0.0,0.0
1.0,0.9363444851405276,0.0,0.0
1.0,0.9744618025052448,0.0,0.0
1.0,0.994421145178638,0.0,0.0
1.0,0.9778594534666945,0.0,0.0
1.0,0.9601915084565952,0.0,0.0
1.0,0.947659102947071,0.0,0.0
1.0,0.9854106371591936,0.0,0.0
1.0,0.950478023080355,0.0,0.0
1.0,0.975511264750714,0.0,0.0
1.0,0.988758894687113,0.0,0.0
1.0,0.9628479219727476,0.0,0.0
1.0,0.9715459782938172,0.0,0.0
1.0,0.9195859631953368,0.0,0.0
1.0,0.9636673370076032,0.0,0.0
1.0,0.9879107274790624,0.0,0.0
1.0,0.9691914097591308,0.0,0.0
1.0,0.9812785093232856,0.0,0.0
1.0,0.9853772459776058,0.0,0.0
1.0,0.9851944203058852,0.0,0.0
1.0,0.9710706793932076,0.0,0.0
1.0,0.9832425167948712,0.0,0.0
1.0,0.9639094935062508,0.0,0.0
1.0,0.9945768830753712,0.0,1.0
1.0,0.9729668594466634,0.0,0.0
1.0,0.984551783242526,0.0,0.0
1.0,0.9442214760769384,0.0,0.0
1.0,0.9224796899405489,0.0,0.0
1.0,0.9865219872323756,0.0,0.0
1.0,0.9588883099281592,0.0,0.0
1.0,0.9821366847098086,0.0,0.0
1.0,0.94244506456436,0.0,0.0
1.0,0.975583505629891,0.0,0.0
1.0,0.9837967452914428,0.0,0.0
1.0,0.9748721845748248,1.0,1.0
1.0,0.9898986825014584,0.0,0.0
1.0,0.9897580813512988,0.0,1.0
1.0,0.9591390005244808,0.0,0.0
1.0,0.9577241605250608,0.0,0.0
1.0,0.9701122074734784,0.0,0.0
1.0,0.9867351914334196,0.0,0.0
1.0,0.9663483324961066,0.0,0.0
1.0,0.985118566591224,0.0,0.0
1.0,0.9807097572971984,0.0,0.0
1.0,0.97783869552138,0.0,0.0
1.0,0.9312803182602534,0.0,0.0
1.0,0.9884566107487512,1.0,1.0
1.0,0.9903638238671753,0.0,0.0
1.0,0.965219806708348,0.0,0.0
1.0,0.9929737502184168,0.0,1.0
1.0,0.99669934543324,0.0,0.0
1.0,0.9596763620225658,0.0,0.0
1.0,0.9250210413156668,0.0,0.0
1.0,0.9910585535287528,0.0,0.0
1.0,0.984628492836924,0.0,1.0
1.0,0.992662185114598,0.0,0.0
1.0,0.9641917885092176,0.0,0.0
1.0,0.9914145084766176,0.0,0.0
1.0,0.9751124495046308,0.0,0.0
1.0,0.9875626163827824,0.0,0.0
1.0,0.9769640814144226,0.0,0.0
1.0,0.9640160619409224,0.0,0.0
1.0,0.9621273527191192,0.0,0.0
1.0,0.945005302112483,0.0,0.0
1.0,0.9805753261919272,0.0,0.0
1.0,0.9646270217020898,0.0,0.0
1.0,0.9388306040777528,0.0,0.0
1.0,0.9933157101803558,0.0,0.0
1.0,0.9933407966482428,0.0,0.0
1.0,0.9641805486015382,0.0,0.0
1.0,0.9698528954211724,0.0,0.0
1.0,0.9923458317098672,0.0,0.0
1.0,0.9689052361332288,0.0,0.0
1.0,0.9240914609043386,0.0,0.0
1.0,0.9288333864441622,0.0,0.0
1.0,0.9952276223729342,0.0,0.0
1.0,0.9902100859786012,0.0,1.0
1.0,0.9952700114325888,0.0,0.0
1.0,0.9870679418208164,0.0,0.0
1.0,0.9424091280957796,0.0,0.0
1.0,0.960265795679095,0.0,0.0
1.0,0.9821045363290412,0.0,0.0
1.0,0.984271767911044,0.0,0.0
1.0,0.9707280634346008,0.0,0.0
1.0,0.955442667146676,0.0,0.0
1.0,0.9869068356299392,0.0,0.0
1.0,0.9577356062005844,0.0,0.0
1.0,0.9838943401109022,0.0,0.0
1.0,0.9896248159375496,0.0,0.0
1.0,0.979237886841824,0.0,0.0
1.0,0.9658660651224348,0.0,1.0
1.0,0.9537398812858392,0.0,0.0
1.0,0.9904761289904356,0.0,0.0
1.0,0.9922353569773265,0.0,0.0
1.0,0.9762583084829478,0.0,0.0
1.0,0.9640203612283932,0.0,0.0
1.0,0.976559717738607,0.0,0.0
1.0,0.9719684736517856,0.0,0.0
1.0,0.9870873461417036,0.0,0.0
1.0,0.9776887422769373,0.0,0.0
1.0,0.9603302370717818,0.0,0.0
1.0,0.9736848155714402,0.0,0.0
1.0,0.9791295319420767,0.0,0.0
1.0,0.988662986925054,0.0,0.0
1.0,0.994017935814824,0.0,0.0
1.0,0.9794043652393968,0.0,0.0
1.0,0.9660836594532416,0.0,0.0
1.0,0.961398978530012,0.0,0.0
1.0,0.9617949320235684,0.0,0.0
1.0,0.9881786947949298,0.0,0.0
1.0,0.9917182782376712,0.0,1.0
1.0,0.8822748911498858,0.0,0.0
1.0,0.9721979594313804,0.0,0.0
1.0,0.9673517206283376,0.0,0.0
1.0,0.9933306726077116,0.0,0.0
1.0,0.9855932965403582,0.0,0.0
1.0,0.9689294057205924,0.0,0.0
1.0,0.9913304403064864,0.0,0.0
1.0,0.987848571453346,0.0,0.0
1.0,0.9970684614766896,0.0,0.0
1.0,0.9836600207838244,0.0,0.0
1.0,0.963114820807288,0.0,0.0
1.0,0.9852203894351044,0.0,0.0
1.0,0.9929785924977168,0.0,0.0
1.0,0.9925947142962755,0.0,0.0
1.0,0.9950410375312504,0.0,0.0
1.0,0.9605826493250148,0.0,0.0
1.0,0.9255514697370086,0.0,0.0
1.0,0.9732264118601796,0.0,0.0
1.0,0.9685331905135086,0.0,0.0
1.0,0.9905155396688732,0.0,0.0
1.0,0.965678483282168,0.0,0.0
1.0,0.9605292437367066,0.0,0.0
1.0,0.9946734275100656,0.0,0.0
1.0,0.9870917972968852,0.0,0.0
1.0,0.9708330569576614,0.0,0.0
1.0,0.9763959793644432,0.0,0.0
1.0,0.9899552249588676,0.0,0.0
1.0,0.9898839750052506,0.0,0.0
1.0,0.98806243076048,0.0,0.0
1.0,0.9639567638524814,0.0,0.0
1.0,0.961257797728652,0.0,0.0
1.0,0.9945818969423718,0.0,0.0
1.0,0.9797918471468288,0.0,0.0
1.0,0.9957202290634916,0.0,1.0
1.0,0.9779252473915238,0.0,0.0
1.0,0.9658867414899894,0.0,0.0
1.0,0.9747791611954584,0.0,0.0
1.0,0.99514618741831,0.0,0.0
1.0,0.9476786399279608,0.0,0.0
1.0,0.9913754199221224,0.0,0.0
1.0,0.9266132304476355,0.0,0.0
1.0,0.8983206823621068,1.0,1.0
1.0,0.9618946489104988,0.0,0.0
1.0,0.9898666640471988,0.0,0.0
1.0,0.9958490071135232,0.0,0.0
1.0,0.9854299853603276,0.0,0.0
1.0,0.9631655805317744,0.0,0.0
1.0,0.9969119967060772,1.0,1.0
1.0,0.987712092195294,0.0,0.0
1.0,0.9622153250500322,0.0,0.0
1.0,0.98410740909981,0.0,1.0
1.0,0.9857941632223614,0.0,0.0
1.0,0.9868725368910636,0.0,0.0
1.0,0.9581187636892192,0.0,0.0
1.0,0.9857374517778256,0.0,0.0
1.0,0.985776678402604,0.0,0.0
1.0,0.9484883089754826,0.0,0.0
1.0,0.9681999710272766,0.0,0.0
1.0,0.9062593287834856,0.0,0.0
1.0,0.95294382205612,0.0,0.0
1.0,0.9376342415091724,0.0,0.0
1.0,0.9776555830610716,0.0,0.0
1.0,0.887413560015632,0.0,0.0
1.0,0.993260208356111,0.0,0.0
1.0,0.9314574066713606,0.0,0.0
1.0,0.908216972822444,0.0,0.0
1.0,0.992144764309424,0.0,1.0
1.0,0.9799113975234438,0.0,0.0
1.0,0.995038197612481,0.0,0.0
1.0,0.996131970128922,0.0,0.0
1.0,0.9977024185229496,0.0,1.0
1.0,0.9744023747698352,0.0,0.0
1.0,0.9959928856348168,0.0,0.0
1.0,0.919753842471236,0.0,0.0
1.0,0.9835226846949948,0.0,0.0
1.0,0.9864405571918552,0.0,0.0
1.0,0.9369776749689596,0.0,0.0
1.0,0.9828291265643064,0.0,0.0
1.0,0.9113164354058112,0.0,0.0
1.0,0.9373142868234194,0.0,0.0
1.0,0.9402710710735652,0.0,0.0
1.0,0.9836725655528272,0.0,0.0
1.0,0.9677739963234046,0.0,0.0
1.0,0.9434428906246616,0.0,0.0
1.0,0.9897855171291412,0.0,0.0
1.0,0.975768405001684,0.0,0.0
1.0,0.9627437042489456,0.0,0.0
1.0,0.8905306135131523,0.0,0.0
1.0,0.980782272375256,0.0,0.0
1.0,0.9856790802305128,0.0,0.0
1.0,0.9784609298483647,0.0,0.0
1.0,0.9380891717779138,0.0,0.0
1.0,0.9900564412667524,0.0,0.0
1.0,0.8721891785946068,0.0,0.0
1.0,0.9834392980155254,0.0,0.0
1.0,0.9861748639590092,0.0,0.0
1.0,0.9793636558344194,0.0,0.0
1.0,0.9798065451999772,1.0,0.0
1.0,0.9640784539985024,0.0,0.0
1.0,0.9783877522747856,0.0,0.0
1.0,0.9579476390118444,0.0,0.0
1.0,0.9452406471737064,0.0,0.0
1.0,0.9661269399155304,0.0,0.0
1.0,0.9952825813569538,0.0,0.0
1.0,0.9805029681472586,0.0,0.0
1.0,0.9899360610480094,0.0,0.0
1.0,0.9753621674556552,0.0,0.0
1.0,0.9873390058150736,0.0,0.0
1.0,0.9898557702828272,0.0,0.0
1.0,0.9961446729213754,0.0,0.0
1.0,0.9727811307444032,1.0,1.0
1.0,0.9852082459581644,0.0,0.0
1.0,0.9754727685198068,0.0,0.0
1.0,0.9537752122983308,0.0,0.0
1.0,0.979756421138734,0.0,0.0
1.0,0.9741524814090646,0.0,0.0
1.0,0.9710902371247636,0.0,0.0
1.0,0.9863302408331052,0.0,0.0
1.0,0.9792335347527068,0.0,0.0
1.0,0.967062868701865,0.0,0.0
1.0,0.986957229983106,0.0,0.0
1.0,0.9333049267430172,0.0,0.0
1.0,0.9864429846456144,0.0,1.0
1.0,0.9903918255691222,0.0,0.0
1.0,0.9016316129534188,0.0,0.0
1.0,0.9605745636807632,0.0,0.0
1.0,0.910711610652894,0.0,0.0
1.0,0.990127033541924,0.0,0.0
1.0,0.9706202941462828,0.0,0.0
1.0,0.9844193090197536,0.0,0.0
1.0,0.9792077646960232,0.0,0.0
1.0,0.9677715434134518,0.0,0.0
1.0,0.985222788113598,0.0,0.0
1.0,0.9964800742440112,0.0,0.0
1.0,0.980671647642508,0.0,1.0
1.0,0.9807632628659,0.0,0.0
1.0,0.9914253979425084,0.0,0.0
1.0,0.974073207670358,0.0,0.0
1.0,0.9925028653807944,0.0,0.0
1.0,0.9662253744914114,0.0,0.0
1.0,0.9917213679131126,0.0,0.0
1.0,0.9774094050979848,0.0,0.0
1.0,0.9696627400471038,0.0,0.0
1.0,0.9892327928497197,0.0,0.0
1.0,0.986269271221898,0.0,0.0
1.0,0.994256776304406,0.0,0.0
1.0,0.958585860319705,0.0,0.0
1.0,0.9824118945100484,0.0,0.0
1.0,0.97444612919852,0.0,1.0
1.0,0.9938674431807624,1.0,1.0
1.0,0.946472479777848,0.0,0.0
1.0,0.975812977629588,0.0,0.0
1.0,0.975561505363934,0.0,0.0
1.0,0.977230203026306,0.0,0.0
1.0,0.986328518667846,0.0,0.0
1.0,0.9565556907798488,0.0,0.0
1.0,0.9740628213839656,0.0,0.0
1.0,0.9895117686263756,1.0,0.0
1.0,0.9541588078200955,0.0,0.0
1.0,0.9787307945635088,0.0,0.0
1.0,0.9553781649477396,0.0,0.0
1.0,0.9372892861157208,0.0,0.0
1.0,0.9798432554013288,0.0,0.0
1.0,0.9779891084671676,0.0,0.0
1.0,0.980440626233926,0.0,0.0
1.0,0.949075373302076,0.0,0.0
1.0,0.976504408180726,0.0,0.0
1.0,0.9877460145809842,0.0,0.0
1.0,0.973081228023136,0.0,0.0
1.0,0.95740828899682,0.0,0.0
1.0,0.9319814358881576,0.0,0.0
1.0,0.9782695476300358,0.0,1.0
1.0,0.9660922609526418,0.0,0.0
1.0,0.9970537640539424,0.0,0.0
1.0,0.9734181410234584,0.0,0.0
1.0,0.9757515442443692,1.0,1.0
1.0,0.9583878413065486,0.0,0.0
1.0,0.9790640146520444,0.0,1.0
1.0,0.9650183760294349,0.0,0.0
1.0,0.9791640474336578,0.0,0.0
1.0,0.9881533739346684,0.0,0.0
1.0,0.9879510871837884,0.0,0.0
1.0,0.997020445083154,1.0,1.0
1.0,0.9960276389020796,0.0,0.0
1.0,0.984595968570365,0.0,0.0
1.0,0.9780323694827756,0.0,0.0
1.0,0.9690701042283942,0.0,0.0
1.0,0.9552695781126544,0.0,0.0
1.0,0.9779467716586588,0.0,0.0
1.0,0.9097543185733968,0.0,0.0
1.0,0.9732634947567188,1.0,0.0
1.0,0.9856399015570848,0.0,0.0
1.0,0.979033592744292,0.0,0.0
1.0,0.9622380811992884,0.0,0.0
1.0,0.9855643933184748,1.0,1.0
1.0,0.9650278543416806,0.0,0.0
1.0,0.9669749379322494,0.0,0.0
1.0,0.9462939798267208,0.0,0.0
1.0,0.9790511054077692,0.0,0.0
1.0,0.9725288532514336,0.0,0.0
1.0,0.9753195376923752,0.0,0.0
1.0,0.952649049239512,0.0,0.0
1.0,0.9724745159605584,0.0,0.0
1.0,0.9331700346572944,0.0,0.0
1.0,0.960067931115086,0.0,0.0
1.0,0.9720322146235492,0.0,0.0
1.0,0.9521248596233236,0.0,0.0
1.0,0.9903114689790792,0.0,0.0
1.0,0.9880196120900956,0.0,0.0
1.0,0.9907959467722156,0.0,1.0
1.0,0.9842713858686972,0.0,1.0
1.0,0.988816488202138,0.0,0.0
1.0,0.993147672646078,0.0,0.0
1.0,0.9825464913585906,0.0,0.0
1.0,0.9288444866906068,0.0,0.0
1.0,0.977027467693304,0.0,0.0
1.0,0.9637466425930048,0.0,0.0
1.0,0.9953162686893188,0.0,1.0
1.0,0.9885578796450656,0.0,0.0
1.0,0.9920715860419278,0.0,0.0
1.0,0.9609356554474084,0.0,0.0
1.0,0.9906185129338688,0.0,0.0
1.0,0.9665935334322744,0.0,0.0
1.0,0.9936315281308388,0.0,0.0
1.0,0.9746671212102244,0.0,0.0
1.0,0.9908170354778,0.0,0.0
1.0,0.9692433299723991,0.0,0.0
1.0,0.9764511544089804,0.0,0.0
1.0,0.9751492109307232,0.0,0.0
1.0,0.8396780219496837,0.0,0.0
1.0,0.9534146276463694,0.0,0.0
1.0,0.972497444389983,0.0,0.0
1.0,0.9887891746743018,0.0,1.0
1.0,0.9722662019388996,0.0,0.0
1.0,0.9801879533167206,0.0,0.0
1.0,0.9900711253934696,0.0,0.0
1.0,0.956128973943748,0.0,0.0
1.0,0.9628920120871972,0.0,0.0
1.0,0.947307431904956,0.0,0.0
1.0,0.9914854149506596,0.0,0.0
1.0,0.9707860143127638,0.0,1.0
1.0,0.9761292631367402,1.0,1.0
1.0,0.9896350684418972,0.0,0.0
1.0,0.9661344327936064,0.0,0.0
1.0,0.977138308050632,0.0,0.0
1.0,0.9775947546721516,0.0,0.0
1.0,0.9869255934019868,1.0,1.0
1.0,0.9644088229127904,0.0,0.0
1.0,0.9756455204686844,0.0,0.0
1.0,0.9347737659937828,0.0,0.0
1.0,0.9605688764426432,0.0,0.0
1.0,0.9852084592254006,0.0,0.0
1.0,0.9551805991965964,0.0,0.0
1.0,0.983813905422678,0.0,0.0
1.0,0.9726222802695884,0.0,0.0
1.0,0.9794951295922004,0.0,0.0
1.0,0.9831415970080444,0.0,0.0
1.0,0.9713950253983078,0.0,0.0
1.0,0.9829500842023288,0.0,0.0
1.0,0.9726039789976058,0.0,0.0
1.0,0.9727869915473498,0.0,0.0
1.0,0.9685892586971124,0.0,0.0
1.0,0.9876857140306003,0.0,1.0
1.0,0.9668862686701478,0.0,0.0
1.0,0.9823340750157294,0.0,0.0
1.0,0.9803641340881972,0.0,0.0
1.0,0.9910620166961128,0.0,0.0
1.0,0.9957218828466262,0.0,0.0
1.0,0.976245170283502,0.0,0.0
1.0,0.9729675994634776,0.0,0.0
1.0,0.974878539987178,0.0,0.0
1.0,0.9879984431701104,1.0,1.0
1.0,0.9827152941665744,0.0,0.0
1.0,0.9935216009136556,0.0,1.0
1.0,0.9737500952990128,0.0,0.0
1.0,0.9851702208950912,0.0,0.0
1.0,0.983564396230906,0.0,0.0
1.0,0.9678357615871392,0.0,0.0
1.0,0.9861442404828392,0.0,0.0
1.0,0.9877123850518894,0.0,0.0
1.0,0.951220768037154,0.0,0.0
1.0,0.980703644824416,1.0,1.0
1.0,0.98781614117884,0.0,0.0
1.0,0.9868296551842222,0.0,1.0
1.0,0.9983093909692652,0.0,1.0
1.0,0.9691118253556196,0.0,0.0
1.0,0.99448204085543,0.0,0.0
1.0,0.9524930262302084,0.0,0.0
1.0,0.9613528767754904,0.0,0.0
1.0,0.9690926568099528,0.0,0.0
1.0,0.9890121162272182,0.0,0.0
1.0,0.9967859572005516,0.0,0.0
1.0,0.9902732448404962,0.0,0.0
1.0,0.9899707477688504,0.0,0.0
1.0,0.9892267746339876,0.0,0.0
1.0,0.9473034937331154,0.0,0.0
1.0,0.9739603168261576,0.0,0.0
1.0,0.981928825159957,0.0,0.0
1.0,0.9652126556041316,0.0,0.0
1.0,0.9915020661826732,0.0,0.0
1.0,0.9704768345284028,0.0,0.0
1.0,0.9842110325561406,0.0,0.0
1.0,0.9856744379051446,0.0,0.0
1.0,0.8453563240127414,0.0,0.0
1.0,0.9601089868391406,0.0,0.0
1.0,0.984540440607205,0.0,0.0
1.0,0.9634140618173538,0.0,0.0
1.0,0.9825260010437395,0.0,1.0
1.0,0.9944550623849748,0.0,0.0
1.0,0.9876610495341396,0.0,0.0
1.0,0.9825789419024162,0.0,0.0
1.0,0.9792245374310004,0.0,0.0
1.0,0.9768649134132908,0.0,0.0
1.0,0.9784606216417632,0.0,0.0
1.0,0.9908809637922784,0.0,1.0
1.0,0.9711506855394128,0.0,0.0
1.0,0.9534487100577153,0.0,0.0
1.0,0.9776709892429578,0.0,0.0
1.0,0.9330178307527752,0.0,0.0
1.0,0.992035431369681,0.0,0.0
1.0,0.986602864441399,0.0,0.0
1.0,0.9962701889387204,0.0,0.0
1.0,0.987497045120729,0.0,0.0
1.0,0.965439739515584,0.0,0.0
1.0,0.982906212287423,0.0,0.0
1.0,0.9547622581303944,0.0,0.0
1.0,0.9823905832605468,0.0,0.0
1.0,0.9877139474871476,0.0,0.0
1.0,0.9797202388532704,0.0,0.0
1.0,0.9873707919877126,0.0,0.0
1.0,0.9498181184944964,0.0,0.0
1.0,0.9889067003726156,0.0,0.0
1.0,0.9960435330139576,0.0,1.0
1.0,0.9808380507049808,0.0,0.0
1.0,0.9877964276614344,0.0,0.0
1.0,0.960341714644646,0.0,0.0
1.0,0.9732890717936712,0.0,0.0
1.0,0.97941517431588,0.0,0.0
1.0,0.9922159528104294,0.0,1.0
1.0,0.9870713389246948,0.0,0.0
1.0,0.9858984197694628,0.0,0.0
1.0,0.985167794540928,0.0,0.0
1.0,0.9918088791321786,0.0,1.0
1.0,0.9846891492196762,0.0,0.0
1.0,0.9392177937973112,0.0,0.0
1.0,0.9646307422604428,0.0,0.0
1.0,0.9699547633908836,0.0,0.0
1.0,0.9594505074323548,0.0,0.0
1.0,0.9874999771638618,0.0,0.0
1.0,0.9934287241755072,0.0,0.0
1.0,0.9785262669527888,1.0,0.0
1.0,0.9431784286952188,0.0,0.0
1.0,0.994964934851284,0.0,0.0
1.0,0.95545313661008,0.0,0.0
1.0,0.971057641934028,0.0,0.0
1.0,0.9796825472184784,0.0,0.0
1.0,0.9807235349516484,0.0,1.0
1.0,0.9858798317536548,0.0,0.0
1.0,0.981447890173616,0.0,0.0
1.0,0.9980117193059416,0.0,0.0
1.0,0.9756392687741692,0.0,0.0
1.0,0.949225332429668,0.0,0.0
1.0,0.9882891225907436,0.0,0.0
1.0,0.9699582632745264,0.0,0.0
1.0,0.9826134151479936,1.0,1.0
1.0,0.9899705022072882,0.0,0.0
1.0,0.9936176750674746,0.0,0.0
1.0,0.9895694685868356,0.0,0.0
1.0,0.9913314535067004,0.0,0.0
1.0,0.944370940713718,0.0,0.0
1.0,0.983785351174143,0.0,0.0
1.0,0.9636446860018328,0.0,0.0
1.0,0.9731719761338338,0.0,0.0
1.0,0.9942530108967986,0.0,0.0
1.0,0.9877272286295514,0.0,0.0
1.0,0.9647532341345426,0.0,0.0
1.0,0.9783631479506584,0.0,0.0
1.0,0.9841029981864354,0.0,0.0
1.0,0.990035710845729,0.0,0.0
1.0,0.9814207120339684,0.0,0.0
1.0,0.943915720050736,0.0,0.0
1.0,0.9437891766506584,0.0,0.0
1.0,0.9776141445424876,0.0,0.0
1.0,0.9727825347059496,0.0,0.0
1.0,0.9720921234817872,0.0,0.0
1.0,0.954061222614467,0.0,0.0
1.0,0.979232455017498,0.0,0.0
1.0,0.9285034906296432,0.0,0.0
1.0,0.9789018654880532,0.0,0.0
1.0,0.9825017815059502,1.0,1.0
1.0,0.9818532186640192,0.0,0.0
1.0,0.9852687480418388,1.0,0.0
1.0,0.9539951928593688,0.0,0.0
1.0,0.9874993151906878,0.0,0.0
1.0,0.9647460058438316,0.0,1.0
1.0,0.9474021197136584,0.0,0.0
1.0,0.9888048451268184,0.0,0.0
1.0,0.9430199854087772,0.0,0.0
1.0,0.9367702817645412,0.0,0.0
1.0,0.945128830845724,0.0,0.0
1.0,0.9914500724358788,0.0,0.0
1.0,0.9572816500067978,0.0,1.0
1.0,0.9875556300402206,0.0,0.0
1.0,0.9843379601573952,0.0,0.0
1.0,0.9789731618709872,0.0,0.0
1.0,0.98344197115207,0.0,0.0
1.0,0.9323493457064642,0.0,0.0
1.0,0.9888296044739078,0.0,0.0
1.0,0.9858189597280248,0.0,0.0
1.0,0.9877183015483318,0.0,0.0
1.0,0.9638011252829828,0.0,0.0
1.0,0.9586529816543596,1.0,1.0
1.0,0.9725756105063812,0.0,0.0
1.0,0.9943492158421328,0.0,0.0
1.0,0.9153508101046296,0.0,0.0
1.0,0.9774826744345452,0.0,0.0
1.0,0.9759920527297204,0.0,1.0
1.0,0.9589664884587672,0.0,0.0
1.0,0.9723322071892828,0.0,0.0
1.0,0.990485156945746,0.0,1.0
1.0,0.8819293303344415,0.0,0.0
1.0,0.9722264081956375,0.0,0.0
1.0,0.9465357665962564,0.0,0.0
1.0,0.9679917784079822,0.0,0.0
1.0,0.9908027874588458,0.0,0.0
1.0,0.9394248083676272,0.0,0.0
1.0,0.9887914408704468,0.0,0.0
1.0,0.9921182810418672,0.0,0.0
1.0,0.9688952595914924,0.0,0.0
1.0,0.9253022944147544,0.0,0.0
1.0,0.9836746468647743,0.0,0.0
1.0,0.9914014473233606,0.0,0.0
1.0,0.9915376776484918,0.0,0.0
1.0,0.9912718966035864,0.0,0.0
1.0,0.9672783560854252,0.0,0.0
1.0,0.9780039059827322,0.0,0.0
1.0,0.9697523288262532,0.0,0.0
1.0,0.9889834044672232,1.0,1.0
1.0,0.9572069857874448,0.0,1.0
1.0,0.9678066619630356,0.0,0.0
1.0,0.9864887896007852,1.0,1.0
1.0,0.95974250446694,0.0,0.0
1.0,0.9618428211583564,0.0,0.0
1.0,0.9942079299674434,0.0,0.0
1.0,0.9686399430155844,0.0,0.0
1.0,0.9717725765823684,0.0,0.0
1.0,0.9894694737361088,0.0,1.0
1.0,0.9370462405062088,0.0,0.0
1.0,0.992146819187504,0.0,0.0
1.0,0.9729419189416124,0.0,0.0
1.0,0.9876442839637176,0.0,0.0
1.0,0.9903421088854232,0.0,0.0
1.0,0.9828193919638032,0.0,0.0
1.0,0.9900104856712044,0.0,0.0
1.0,0.987560241775515,0.0,0.0
1.0,0.9292642203569316,0.0,0.0
1.0,0.9738795644043552,0.0,0.0
1.0,0.966099142431854,0.0,0.0
1.0,0.968281802833503,0.0,0.0
1.0,0.9300831601031874,0.0,0.0
1.0,0.9884174629467876,0.0,0.0
1.0,0.9954059619603998,0.0,0.0
1.0,0.9925439483559404,0.0,0.0
1.0,0.9778196688039512,0.0,0.0
1.0,0.960670848791103,0.0,0.0
1.0,0.94410702008187,0.0,0.0
1.0,0.9758831766259092,0.0,0.0
1.0,0.9167830329938428,0.0,0.0
1.0,0.9652611786726076,0.0,0.0
1.0,0.9775141307567484,0.0,0.0
1.0,0.9691221307417734,0.0,0.0
1.0,0.9941373625900128,0.0,0.0
1.0,0.982502298465424,0.0,0.0
1.0,0.9877811057856506,0.0,0.0
1.0,0.986675960018579,0.0,0.0
1.0,0.9884178756494724,0.0,0.0
1.0,0.914860309672045,0.0,0.0
1.0,0.9579780339700844,0.0,0.0
1.0,0.965940748164681,0.0,0.0
1.0,0.9950170268199804,0.0,0.0
1.0,0.9621099217324992,0.0,0.0
1.0,0.9897899028914466,0.0,0.0
1.0,0.9785319756435328,0.0,0.0
1.0,0.9765429813057894,0.0,0.0
1.0,0.9869851833207692,0.0,0.0
1.0,0.9933850534663392,0.0,0.0
1.0,0.9643910496370296,0.0,0.0
1.0,0.929346677726577,0.0,0.0
1.0,0.986476090997462,0.0,0.0
1.0,0.987016838476472,0.0,0.0
1.0,0.9747203821527828,0.0,0.0
1.0,0.9753019257181502,1.0,1.0
1.0,0.9568961209667488,0.0,0.0
1.0,0.989239318688436,0.0,0.0
1.0,0.9108729400239371,0.0,0.0
1.0,0.9820742757817744,0.0,0.0
1.0,0.9835497878318992,0.0,0.0
1.0,0.976492728515656,0.0,0.0
1.0,0.9812546526449882,0.0,0.0
1.0,0.9847851268010228,0.0,0.0
1.0,0.960240520109216,0.0,0.0
1.0,0.9444004590885766,0.0,0.0
1.0,0.9506412577861034,0.0,0.0
1.0,0.98485529193725,0.0,0.0
1.0,0.9813786653415484,0.0,0.0
1.0,0.984541184750579,0.0,0.0
1.0,0.956782376465956,0.0,0.0
1.0,0.9449839963063158,0.0,0.0
1.0,0.9962171001559283,0.0,0.0
1.0,0.9960252366174912,0.0,0.0
1.0,0.9842451577348108,0.0,0.0
1.0,0.9666515128302856,0.0,0.0
1.0,0.9504054613763766,0.0,0.0
1.0,0.968258984496565,0.0,0.0
1.0,0.9923835326651926,0.0,0.0
1.0,0.9859002132094804,0.0,0.0
1.0,0.9505886627866712,0.0,0.0
1.0,0.9780654332404978,0.0,0.0
1.0,0.9853334467269697,0.0,0.0
1.0,0.9933410511150622,0.0,0.0
1.0,0.9795735037024712,0.0,0.0
1.0,0.9821322537012096,0.0,0.0
1.0,0.9810925361724692,0.0,0.0
1.0,0.9587073881477112,0.0,0.0
1.0,0.9958895522318594,0.0,0.0
1.0,0.9836057474575968,0.0,0.0
1.0,0.9798129335092702,0.0,0.0
1.0,0.985792689372136,0.0,0.0
1.0,0.986588564287596,0.0,0.0
1.0,0.975652706576473,0.0,0.0
1.0,0.9658174712318665,0.0,0.0
1.0,0.9744942063479226,0.0,0.0
1.0,0.96468508993496,0.0,0.0
1.0,0.9700129618223586,0.0,0.0
1.0,0.977916943306598,0.0,0.0
1.0,0.9821185534383616,0.0,0.0
1.0,0.9918358391478252,0.0,0.0
1.0,0.9950269909219804,1.0,1.0
1.0,0.986081520083926,1.0,1.0
1.0,0.9809066062984602,0.0,0.0
1.0,0.9661575715695664,0.0,0.0
1.0,0.9575781523435364,0.0,0.0
1.0,0.9695669038121384,0.0,0.0
1.0,0.9376130571334363,0.0,0.0
1.0,0.9788348706222476,0.0,0.0
1.0,0.995184664383661,0.0,0.0
1.0,0.9533070612521513,0.0,0.0
1.0,0.9900573887796476,0.0,0.0
1.0,0.9971263578055136,0.0,0.0
1.0,0.9690894956047296,0.0,0.0
1.0,0.9881387167507508,0.0,0.0
1.0,0.980896694731621,0.0,0.0
1.0,0.9840378656895004,0.0,1.0
1.0,0.9934053911088906,0.0,0.0
1.0,0.978344922085086,0.0,1.0
1.0,0.9851237757281271,0.0,0.0
1.0,0.9950948982693382,0.0,0.0
1.0,0.978882511011298,0.0,0.0
1.0,0.987286716097278,1.0,1.0
1.0,0.9683117077638372,0.0,0.0
1.0,0.983287425125256,0.0,1.0
1.0,0.9923110489375264,0.0,1.0
1.0,0.9789420906977068,0.0,0.0
1.0,0.9538737344610936,0.0,0.0
1.0,0.9743956178815693,0.0,0.0
1.0,0.9729271736383688,0.0,0.0
1.0,0.9616019360720288,0.0,0.0
1.0,0.9684523317834997,0.0,0.0
1.0,0.9204664565185684,0.0,0.0
1.0,0.963788787142409,0.0,0.0
1.0,0.9781575928971886,0.0,0.0
1.0,0.9875426097494082,0.0,1.0
1.0,0.9802461805204982,0.0,0.0
1.0,0.9829484997760444,0.0,0.0
1.0,0.988256557280764,0.0,0.0
1.0,0.9878549649568692,0.0,0.0
1.0,0.9886401742769731,0.0,0.0
1.0,0.9918286610234072,0.0,0.0
1.0,0.971979708234405,0.0,0.0
1.0,0.989221287353146,0.0,0.0
1.0,0.9955607444379604,0.0,0.0
1.0,0.980088045155682,0.0,0.0
1.0,0.9709969694764204,0.0,0.0
1.0,0.9767131679663772,0.0,0.0
1.0,0.979101688449448,0.0,1.0
1.0,0.9926219204389276,0.0,0.0
1.0,0.9928327242944052,0.0,0.0
1.0,0.9484174583806568,0.0,0.0
1.0,0.9909413840352128,0.0,0.0
1.0,0.9894866841735276,0.0,0.0
1.0,0.924938042150626,0.0,0.0
1.0,0.9961002496109104,0.0,0.0
1.0,0.96172938885656,0.0,0.0
1.0,0.9648912087056666,0.0,0.0
1.0,0.9775329165422104,0.0,0.0
1.0,0.989270335823989,0.0,0.0
1.0,0.9866433500961946,0.0,0.0
1.0,0.9945033885066964,0.0,0.0
1.0,0.9292412801878288,0.0,0.0
1.0,0.9800952030667472,1.0,0.0
1.0,0.9880353644185844,0.0,1.0
1.0,0.9859915749851944,0.0,0.0
1.0,0.9794291667890606,0.0,0.0
1.0,0.9666235073310484,0.0,0.0
1.0,0.9951932555265748,0.0,0.0
1.0,0.991716362522018,0.0,0.0
1.0,0.957305329949062,0.0,0.0
1.0,0.92988274780768,0.0,0.0
1.0,0.9844097046164444,0.0,0.0
1.0,0.9927173881625446,0.0,1.0
1.0,0.9856145650879988,0.0,0.0
1.0,0.9678399765154844,0.0,0.0
1.0,0.988414902553933,0.0,0.0
1.0,0.9921983956840792,0.0,0.0
1.0,0.984917292926384,0.0,0.0
1.0,0.9830862015804518,0.0,0.0
1.0,0.9786374330519744,0.0,0.0
1.0,0.93927644725536,0.0,0.0
1.0,0.9895152333773928,1.0,0.0
1.0,0.980000392961442,0.0,0.0
1.0,0.9715566350773314,0.0,0.0
1.0,0.9711174992657128,0.0,0.0
1.0,0.9110904138896369,0.0,0.0
1.0,0.9786630492041948,0.0,0.0
1.0,0.9811314032288544,0.0,0.0
1.0,0.973609812513078,1.0,1.0
1.0,0.9554963852411342,0.0,0.0
1.0,0.9900291014582971,0.0,0.0
1.0,0.9659929370428774,0.0,0.0
1.0,0.9956126079951012,0.0,1.0
1.0,0.9680489488640704,0.0,0.0
1.0,0.9818508451748348,0.0,0.0
1.0,0.9696067992061388,0.0,0.0
1.0,0.9742079053472014,0.0,0.0
1.0,0.9681049989599636,0.0,0.0
1.0,0.9152090213727068,0.0,0.0
1.0,0.974220056704076,0.0,0.0
1.0,0.9731242337688116,0.0,0.0
1.0,0.9730604937796078,0.0,0.0
1.0,0.9907286504513362,0.0,0.0
1.0,0.9705734843644904,0.0,0.0
1.0,0.950977680145703,0.0,0.0
1.0,0.9642487185901712,0.0,0.0
1.0,0.9750663816360284,0.0,0.0
1.0,0.9785837355628364,0.0,0.0
1.0,0.9812826712175268,0.0,0.0
1.0,0.9876964101778712,0.0,0.0
1.0,0.9849035333687328,0.0,0.0
1.0,0.9914289526138188,0.0,0.0
1.0,0.9705425314354924,0.0,0.0
1.0,0.9944236685999364,0.0,0.0
1.0,0.9835249612112412,0.0,0.0
1.0,0.96897526859685,0.0,0.0
1.0,0.9703701870465382,0.0,0.0
1.0,0.9751805034501618,1.0,1.0
1.0,0.9792117514674642,0.0,0.0
1.0,0.9914839421842244,0.0,0.0
1.0,0.9244181797932146,0.0,0.0
1.0,0.977421511984858,0.0,0.0
1.0,0.9401773573118184,0.0,0.0
1.0,0.9766457261920468,0.0,0.0
1.0,0.99188605771501,0.0,0.0
1.0,0.9769849598379992,0.0,0.0
1.0,0.9947101417206796,0.0,0.0
1.0,0.9603928030474608,0.0,0.0
1.0,0.9636150958075492,0.0,0.0
1.0,0.9609004594066732,0.0,0.0
1.0,0.981822327881889,0.0,0.0
1.0,0.950469144655012,0.0,0.0
1.0,0.9853591143637768,0.0,0.0
1.0,0.9268401653373304,0.0,0.0
1.0,0.9492173392108524,0.0,0.0
1.0,0.9788898391181384,0.0,0.0
1.0,0.9690248526821305,0.0,0.0
1.0,0.9869046909730732,0.0,0.0
1.0,0.976771732434264,0.0,0.0
1.0,0.9770401589465216,0.0,0.0
1.0,0.9826082178959852,0.0,0.0
1.0,0.9797582987994028,0.0,0.0
1.0,0.9898082263411996,1.0,1.0
1.0,0.9687449382181256,0.0,0.0
1.0,0.9718504089957104,0.0,0.0
1.0,0.9868334526824252,0.0,0.0
1.0,0.9742371516425864,0.0,0.0
1.0,0.9784135873818944,0.0,0.0
1.0,0.9944979342330988,0.0,0.0
1.0,0.9311492723782772,0.0,0.0
1.0,0.9623506671956504,0.0,0.0
1.0,0.9408595318953048,0.0,0.0
1.0,0.9539705245438008,0.0,0.0
1.0,0.9686747264264188,0.0,0.0
1.0,0.9649117897539614,0.0,0.0
1.0,0.9864270232083387,0.0,0.0
1.0,0.9732224962342853,0.0,0.0
1.0,0.9236654564490676,0.0,0.0
1.0,0.972667875381027,0.0,0.0
1.0,0.9796953410779125,0.0,0.0
1.0,0.9566821194121616,0.0,0.0
1.0,0.9753873290574254,0.0,0.0
1.0,0.967973945061442,0.0,0.0
1.0,0.98210444592443,1.0,1.0
1.0,0.9853510193846456,0.0,0.0
1.0,0.982492434901438,0.0,0.0
1.0,0.9223407300439525,0.0,0.0
1.0,0.9866711274193348,0.0,0.0
1.0,0.9852671180714218,0.0,0.0
1.0,0.9854793852263988,0.0,0.0
1.0,0.9929405137800612,0.0,0.0
1.0,0.977293128150026,0.0,0.0
1.0,0.9919876679348316,0.0,0.0
1.0,0.9779007010464956,0.0,1.0
1.0,0.974453011221456,0.0,1.0
1.0,0.9758118608571584,0.0,0.0
1.0,0.9937278682907668,0.0,1.0
1.0,0.959689778283091,0.0,0.0
1.0,0.9561455732762388,0.0,0.0
1.0,0.9924584729053753,1.0,1.0
1.0,0.994161077566108,0.0,0.0
1.0,0.9968267688954254,0.0,1.0
1.0,0.9348954460468588,0.0,0.0
1.0,0.9926628006076076,0.0,0.0
1.0,0.9889526763934996,0.0,1.0
1.0,0.9830822556329692,0.0,0.0
1.0,0.929195783933983,0.0,0.0
1.0,0.9832416403214804,0.0,0.0
1.0,0.9853419034256458,0.0,0.0
1.0,0.9635374824124824,0.0,0.0
1.0,0.9845944326416276,0.0,0.0
1.0,0.9616593815831922,0.0,0.0
1.0,0.9954099285619707,0.0,1.0
1.0,0.960783019359238,0.0,0.0
1.0,0.9963408096645592,0.0,0.0
1.0,0.976176123863395,0.0,0.0
1.0,0.9916506978027526,0.0,0.0
1.0,0.9552817093343948,0.0,0.0
1.0,0.9718716124544796,0.0,0.0
1.0,0.992821069992898,0.0,0.0
1.0,0.9240516850746704,0.0,0.0
1.0,0.969897557465166,0.0,0.0
1.0,0.9629368451489634,0.0,0.0
1.0,0.9431203168748468,0.0,0.0
1.0,0.9823643982755024,0.0,0.0
1.0,0.9952634378690718,1.0,1.0
1.0,0.9761960879370092,0.0,0.0
1.0,0.9862264185131278,0.0,0.0
1.0,0.9527667605306418,0.0,0.0
1.0,0.9594942471408022,0.0,0.0
1.0,0.9499459887999137,0.0,0.0
1.0,0.977535719721107,0.0,0.0
1.0,0.986072763087306,0.0,0.0
1.0,0.9277301601507124,0.0,0.0
1.0,0.978787640631324,0.0,0.0
1.0,0.9452467161360536,0.0,0.0
1.0,0.9931974921281376,0.0,0.0
1.0,0.984710048127398,0.0,0.0
1.0,0.9666329730043484,0.0,0.0
1.0,0.989431049055143,0.0,0.0
1.0,0.9790777315779824,0.0,0.0
1.0,0.9915831213898726,0.0,0.0
1.0,0.9853877578169732,0.0,0.0
1.0,0.9781731319871992,0.0,0.0
1.0,0.9896056442562494,0.0,0.0
1.0,0.980518164118463,0.0,1.0
1.0,0.9790802287833424,0.0,0.0
1.0,0.9563097849662088,0.0,0.0
1.0,0.988123446692504,0.0,0.0
1.0,0.9869701171292188,0.0,0.0
1.0,0.9837912570302848,0.0,0.0
1.0,0.9936348828266204,0.0,0.0
1.0,0.9925760351825644,0.0,0.0
1.0,0.9935168444596024,0.0,0.0
1.0,0.9629024796073564,0.0,0.0
1.0,0.9638394542212032,0.0,0.0
1.0,0.9890700691770986,0.0,0.0
1.0,0.9723160448558266,0.0,0.0
1.0,0.9769616243783288,0.0,1.0
1.0,0.991454560381026,0.0,1.0
1.0,0.9935199695907616,0.0,0.0
1.0,0.9789380835647694,0.0,0.0
1.0,0.9169834205155284,0.0,0.0
1.0,0.9905257201295652,0.0,1.0
1.0,0.9785348576394006,0.0,0.0
1.0,0.9891226581011232,0.0,0.0
1.0,0.9951612400664456,0.0,0.0
1.0,0.9737923241162416,0.0,0.0
1.0,0.992328789277986,0.0,0.0
1.0,0.983246858694312,0.0,0.0
1.0,0.9533867803547464,0.0,0.0
1.0,0.9870911710283832,0.0,1.0
1.0,0.9661948691682344,0.0,0.0
1.0,0.9901514322242766,0.0,0.0
1.0,0.9732716690472032,0.0,0.0
1.0,0.9904575239520482,0.0,0.0
1.0,0.9750688938175656,0.0,0.0
1.0,0.9915083220900072,0.0,1.0
1.0,0.989005565863134,0.0,0.0
1.0,0.8973177956986843,0.0,0.0
1.0,0.9859667606233116,0.0,0.0
1.0,0.9913558280698416,0.0,0.0
1.0,0.9382236490684928,0.0,0.0
1.0,0.9947497472798612,0.0,0.0
1.0,0.9656211144823678,0.0,0.0
1.0,0.9932598008951652,0.0,0.0
1.0,0.9237739076131736,0.0,0.0
1.0,0.9373474921732152,0.0,0.0
1.0,0.9616216015544292,0.0,0.0
1.0,0.9856892052380488,0.0,0.0
1.0,0.9791651678270968,0.0,0.0
1.0,0.9290267870857768,0.0,0.0
1.0,0.9650320516067404,0.0,0.0
1.0,0.97543631892426,0.0,1.0
1.0,0.965134978941076,0.0,0.0
1.0,0.952197026549126,0.0,0.0
1.0,0.981119959241364,0.0,0.0
1.0,0.9774423448253274,0.0,0.0
1.0,0.9463783870959628,0.0,0.0
1.0,0.9723188238788004,1.0,0.0
1.0,0.9968414464627235,0.0,0.0
1.0,0.939882946951089,0.0,0.0
1.0,0.9545924419412593,0.0,0.0
1.0,0.9629151460813696,0.0,0.0
1.0,0.9750634489848938,0.0,0.0
1.0,0.9806919500217264,0.0,0.0
1.0,0.9681922303827872,0.0,0.0
1.0,0.9873409168881409,0.0,0.0
1.0,0.9473364503016076,0.0,0.0
1.0,0.984427717900074,0.0,0.0
1.0,0.9823066825335286,0.0,0.0
1.0,0.9702814678876204,0.0,0.0
1.0,0.9378528943881966,0.0,0.0
1.0,0.992786226141535,0.0,1.0
1.0,0.968068768768012,0.0,0.0
1.0,0.9911757618103864,0.0,0.0
1.0,0.9969069504605708,0.0,0.0
1.0,0.9854453856941958,0.0,0.0
1.0,0.9516612758776712,0.0,0.0
1.0,0.9575223511746744,0.0,0.0
1.0,0.985488662199459,0.0,0.0
1.0,0.9702844076937346,0.0,0.0
1.0,0.9944402646501592,0.0,0.0
1.0,0.96133218301925,0.0,0.0
1.0,0.991672826579552,0.0,0.0
1.0,0.9147085393794184,0.0,0.0
1.0,0.971516991949926,0.0,0.0
1.0,0.9919905552127262,0.0,0.0
1.0,0.9824340655011944,0.0,0.0
1.0,0.9953965904152932,0.0,0.0
1.0,0.9962412588574672,0.0,0.0
1.0,0.9709011676093698,0.0,0.0
1.0,0.9600338430321944,0.0,0.0
1.0,0.9732808878877766,0.0,0.0
1.0,0.9871642219237972,0.0,0.0
1.0,0.987474889140969,0.0,0.0
1.0,0.99357466213785,0.0,1.0
1.0,0.956294191373672,0.0,0.0
1.0,0.9576608976614742,0.0,0.0
1.0,0.980154702459164,0.0,0.0
1.0,0.9835297007271816,0.0,1.0
1.0,0.9716679845287368,0.0,0.0
1.0,0.964579167923956,0.0,0.0
1.0,0.9900451231708924,0.0,0.0
1.0,0.959250177438546,0.0,0.0
1.0,0.989629142356044,0.0,0.0
1.0,0.9929222940006396,0.0,1.0
1.0,0.9575896343590354,0.0,0.0
